from,to,link_type,contextual
"/subjects/math/calculus/worksheets/evaluating-limits/","/subjects/math/calculus/worksheets/","parent-hub","false"
"/subjects/math/calculus/worksheets/evaluating-limits/","/subjects/math/calculus/limits-continuity/unit/limits/direct-substitution/","resource-to-lesson","true"
"/subjects/math/calculus/worksheets/evaluating-limits/","/subjects/math/calculus/limits-continuity/evaluating-indeterminate-limits/","resource-to-article","true"
"/subjects/math/calculus/worksheets/evaluating-limits/","/subjects/math/calculus/practice-exams/calculus-1-final/","resource-relationship","true"
"/subjects/math/calculus/worksheets/evaluating-limits/","/subjects/math/calculus/worksheets/chain-rule/","resource-relationship","true"
"/subjects/math/calculus/worksheets/evaluating-limits/","/glossary/math/limit/","resource-to-glossary","true"
"/subjects/math/calculus/worksheets/evaluating-limits/","/glossary/math/one-sided-limit/","resource-to-glossary","true"
"/subjects/math/calculus/worksheets/evaluating-limits/","/glossary/math/#indeterminate-form","resource-to-glossary","true"
"/subjects/math/calculus/limits-continuity/unit/","/subjects/math/calculus/worksheets/evaluating-limits/","lesson-to-resource","true"
"/subjects/math/calculus/formula-sheets/derivative-rules/","/subjects/math/calculus/formula-sheets/","parent-hub","false"
"/subjects/math/calculus/formula-sheets/derivative-rules/","/subjects/math/calculus/derivatives/","resource-to-lesson","true"
"/subjects/math/calculus/formula-sheets/derivative-rules/","/subjects/math/calculus/derivatives/rule-selection/","resource-to-article","true"
"/subjects/math/calculus/formula-sheets/derivative-rules/","/subjects/math/calculus/worksheets/chain-rule/","resource-relationship","true"
"/subjects/math/calculus/formula-sheets/derivative-rules/","/subjects/math/calculus/practice-exams/calculus-1-final/","resource-relationship","true"
"/subjects/math/calculus/formula-sheets/derivative-rules/","/glossary/math/derivative/","resource-to-glossary","true"
"/subjects/math/calculus/formula-sheets/derivative-rules/","/glossary/math/#product-rule","resource-to-glossary","true"
"/subjects/math/calculus/formula-sheets/derivative-rules/","/glossary/math/#quotient-rule","resource-to-glossary","true"
"/subjects/math/calculus/formula-sheets/derivative-rules/","/glossary/math/chain-rule/","resource-to-glossary","true"
"/subjects/math/calculus/derivatives/","/subjects/math/calculus/formula-sheets/derivative-rules/","lesson-to-resource","true"
"/subjects/math/calculus/worksheets/chain-rule/","/subjects/math/calculus/worksheets/","parent-hub","false"
"/subjects/math/calculus/worksheets/chain-rule/","/subjects/math/calculus/derivatives/","resource-to-lesson","true"
"/subjects/math/calculus/worksheets/chain-rule/","/subjects/math/calculus/derivatives/chain-rule/","resource-to-article","true"
"/subjects/math/calculus/worksheets/chain-rule/","/subjects/math/calculus/formula-sheets/derivative-rules/","resource-relationship","true"
"/subjects/math/calculus/worksheets/chain-rule/","/subjects/math/calculus/practice-exams/calculus-1-final/","resource-relationship","true"
"/subjects/math/calculus/worksheets/chain-rule/","/glossary/math/chain-rule/","resource-to-glossary","true"
"/subjects/math/calculus/worksheets/chain-rule/","/glossary/math/derivative/","resource-to-glossary","true"
"/subjects/math/calculus/worksheets/chain-rule/","/glossary/math/#product-rule","resource-to-glossary","true"
"/subjects/math/calculus/worksheets/chain-rule/","/glossary/math/#quotient-rule","resource-to-glossary","true"
"/subjects/math/calculus/derivatives/","/subjects/math/calculus/worksheets/chain-rule/","lesson-to-resource","true"
"/subjects/math/calculus/worksheets/optimization/","/subjects/math/calculus/worksheets/","parent-hub","false"
"/subjects/math/calculus/worksheets/optimization/","/subjects/math/calculus/derivative-applications/optimization-modeling/","resource-to-lesson","true"
"/subjects/math/calculus/worksheets/optimization/","/subjects/math/calculus/derivative-applications/optimization/","resource-to-article","true"
"/subjects/math/calculus/worksheets/optimization/","/subjects/math/calculus/worksheets/chain-rule/","resource-relationship","true"
"/subjects/math/calculus/worksheets/optimization/","/subjects/math/calculus/practice-exams/calculus-1-final/","resource-relationship","true"
"/subjects/math/calculus/worksheets/optimization/","/glossary/math/critical-number/","resource-to-glossary","true"
"/subjects/math/calculus/worksheets/optimization/","/glossary/math/local-maximum/","resource-to-glossary","true"
"/subjects/math/calculus/worksheets/optimization/","/glossary/math/local-minimum/","resource-to-glossary","true"
"/subjects/math/calculus/derivative-applications/","/subjects/math/calculus/worksheets/optimization/","lesson-to-resource","true"
"/subjects/math/calculus/practice-exams/calculus-1-final/","/subjects/math/calculus/practice-exams/","parent-hub","false"
"/subjects/math/calculus/practice-exams/calculus-1-final/","/subjects/math/calculus/","resource-to-lesson","true"
"/subjects/math/calculus/practice-exams/calculus-1-final/","/subjects/math/calculus/limits-continuity/evaluating-indeterminate-limits/","resource-to-article","true"
"/subjects/math/calculus/practice-exams/calculus-1-final/","/subjects/math/calculus/worksheets/evaluating-limits/","resource-relationship","true"
"/subjects/math/calculus/practice-exams/calculus-1-final/","/subjects/math/calculus/formula-sheets/derivative-rules/","resource-relationship","true"
"/subjects/math/calculus/practice-exams/calculus-1-final/","/glossary/math/limit/","resource-to-glossary","true"
"/subjects/math/calculus/practice-exams/calculus-1-final/","/glossary/math/derivative/","resource-to-glossary","true"
"/subjects/math/calculus/practice-exams/calculus-1-final/","/glossary/math/definite-integral/","resource-to-glossary","true"
"/subjects/math/calculus/practice-exams/calculus-1-final/","/glossary/math/fundamental-theorem-calculus/","resource-to-glossary","true"
"/subjects/math/calculus/limits-continuity/unit/","/subjects/math/calculus/practice-exams/calculus-1-final/","lesson-to-resource","true"
"/subjects/math/calculus/derivatives/","/subjects/math/calculus/practice-exams/calculus-1-final/","lesson-to-resource","true"
"/subjects/math/calculus/derivative-applications/","/subjects/math/calculus/practice-exams/calculus-1-final/","lesson-to-resource","true"
"/subjects/math/calculus/integrals/","/subjects/math/calculus/practice-exams/calculus-1-final/","lesson-to-resource","true"
"/subjects/math/calculus/worksheets/integration-by-parts/","/subjects/math/calculus/worksheets/","parent-hub","false"
"/subjects/math/calculus/worksheets/integration-by-parts/","/subjects/math/calculus/integrals/integration-by-parts/","resource-to-lesson","true"
"/subjects/math/calculus/worksheets/integration-by-parts/","/learn/calculus/integration-by-parts/","resource-to-article","true"
"/subjects/math/calculus/worksheets/integration-by-parts/","/subjects/math/calculus/practice-exams/calculus-2-final/","resource-relationship","true"
"/subjects/math/calculus/worksheets/integration-by-parts/","/subjects/math/calculus/worksheets/taylor-series/","resource-relationship","true"
"/subjects/math/calculus/worksheets/integration-by-parts/","/glossary/math/integration-by-parts/","resource-to-glossary","true"
"/subjects/math/calculus/worksheets/integration-by-parts/","/glossary/math/antiderivative/","resource-to-glossary","true"
"/subjects/math/calculus/worksheets/integration-by-parts/","/glossary/math/definite-integral/","resource-to-glossary","true"
"/subjects/math/calculus/integrals/","/subjects/math/calculus/worksheets/integration-by-parts/","lesson-to-resource","true"
"/subjects/math/calculus/visuals/convergence-tests-flowchart/","/subjects/math/calculus/visuals/","parent-hub","false"
"/subjects/math/calculus/visuals/convergence-tests-flowchart/","/subjects/math/calculus/sequences-and-series/choosing-a-convergence-test/","resource-to-lesson","true"
"/subjects/math/calculus/visuals/convergence-tests-flowchart/","/subjects/math/calculus/sequences-and-series/choosing-a-convergence-test/","resource-to-article","true"
"/subjects/math/calculus/visuals/convergence-tests-flowchart/","/subjects/math/calculus/worksheets/geometric-series/","resource-relationship","true"
"/subjects/math/calculus/visuals/convergence-tests-flowchart/","/subjects/math/calculus/practice-exams/calculus-2-final/","resource-relationship","true"
"/subjects/math/calculus/visuals/convergence-tests-flowchart/","/glossary/math/#convergence","resource-to-glossary","true"
"/subjects/math/calculus/visuals/convergence-tests-flowchart/","/glossary/math/#ratio-test","resource-to-glossary","true"
"/subjects/math/calculus/visuals/convergence-tests-flowchart/","/glossary/math/#root-test","resource-to-glossary","true"
"/subjects/math/calculus/visuals/convergence-tests-flowchart/","/glossary/math/#limit-comparison-test","resource-to-glossary","true"
"/subjects/math/calculus/visuals/convergence-tests-flowchart/","/glossary/math/absolute-convergence/","resource-to-glossary","true"
"/subjects/math/calculus/sequences-and-series/","/subjects/math/calculus/visuals/convergence-tests-flowchart/","lesson-to-resource","true"
"/subjects/math/calculus/worksheets/geometric-series/","/subjects/math/calculus/worksheets/","parent-hub","false"
"/subjects/math/calculus/worksheets/geometric-series/","/subjects/math/calculus/sequences-and-series/geometric-series/","resource-to-lesson","true"
"/subjects/math/calculus/worksheets/geometric-series/","/subjects/math/calculus/sequences-and-series/geometric-series/","resource-to-article","true"
"/subjects/math/calculus/worksheets/geometric-series/","/subjects/math/calculus/visuals/convergence-tests-flowchart/","resource-relationship","true"
"/subjects/math/calculus/worksheets/geometric-series/","/subjects/math/calculus/practice-exams/calculus-2-final/","resource-relationship","true"
"/subjects/math/calculus/worksheets/geometric-series/","/glossary/math/geometric-series/","resource-to-glossary","true"
"/subjects/math/calculus/worksheets/geometric-series/","/glossary/math/series/","resource-to-glossary","true"
"/subjects/math/calculus/worksheets/geometric-series/","/glossary/math/#partial-sum","resource-to-glossary","true"
"/subjects/math/calculus/sequences-and-series/","/subjects/math/calculus/worksheets/geometric-series/","lesson-to-resource","true"
"/subjects/math/calculus/worksheets/taylor-series/","/subjects/math/calculus/worksheets/","parent-hub","false"
"/subjects/math/calculus/worksheets/taylor-series/","/subjects/math/calculus/power-series-and-taylor-series/taylor-series-centered-at-a/","resource-to-lesson","true"
"/subjects/math/calculus/worksheets/taylor-series/","/subjects/math/calculus/power-series-and-taylor-series/taylor-polynomials/","resource-to-article","true"
"/subjects/math/calculus/worksheets/taylor-series/","/subjects/math/calculus/visuals/convergence-tests-flowchart/","resource-relationship","true"
"/subjects/math/calculus/worksheets/taylor-series/","/subjects/math/calculus/practice-exams/calculus-2-final/","resource-relationship","true"
"/subjects/math/calculus/worksheets/taylor-series/","/glossary/math/taylor-series/","resource-to-glossary","true"
"/subjects/math/calculus/worksheets/taylor-series/","/glossary/math/power-series/","resource-to-glossary","true"
"/subjects/math/calculus/worksheets/taylor-series/","/glossary/math/radius-of-convergence/","resource-to-glossary","true"
"/subjects/math/calculus/worksheets/taylor-series/","/glossary/math/#remainder-term","resource-to-glossary","true"
"/subjects/math/calculus/power-series-and-taylor-series/","/subjects/math/calculus/worksheets/taylor-series/","lesson-to-resource","true"
"/subjects/math/calculus/practice-exams/calculus-2-final/","/subjects/math/calculus/practice-exams/","parent-hub","false"
"/subjects/math/calculus/practice-exams/calculus-2-final/","/subjects/math/calculus/","resource-to-lesson","true"
"/subjects/math/calculus/practice-exams/calculus-2-final/","/subjects/math/calculus/sequences-and-series/choosing-a-convergence-test/","resource-to-article","true"
"/subjects/math/calculus/practice-exams/calculus-2-final/","/subjects/math/calculus/worksheets/integration-by-parts/","resource-relationship","true"
"/subjects/math/calculus/practice-exams/calculus-2-final/","/subjects/math/calculus/worksheets/taylor-series/","resource-relationship","true"
"/subjects/math/calculus/practice-exams/calculus-2-final/","/glossary/math/integration-by-parts/","resource-to-glossary","true"
"/subjects/math/calculus/practice-exams/calculus-2-final/","/glossary/math/geometric-series/","resource-to-glossary","true"
"/subjects/math/calculus/practice-exams/calculus-2-final/","/glossary/math/absolute-convergence/","resource-to-glossary","true"
"/subjects/math/calculus/practice-exams/calculus-2-final/","/glossary/math/power-series/","resource-to-glossary","true"
"/subjects/math/calculus/practice-exams/calculus-2-final/","/glossary/math/taylor-series/","resource-to-glossary","true"
"/subjects/math/calculus/integration-applications/","/subjects/math/calculus/practice-exams/calculus-2-final/","lesson-to-resource","true"
"/subjects/math/calculus/sequences-and-series/","/subjects/math/calculus/practice-exams/calculus-2-final/","lesson-to-resource","true"
"/subjects/math/calculus/power-series-and-taylor-series/","/subjects/math/calculus/practice-exams/calculus-2-final/","lesson-to-resource","true"
"/subjects/math/calculus/visuals/derivative-rules-map/","/subjects/math/calculus/visuals/","parent-hub","false"
"/subjects/math/calculus/visuals/derivative-rules-map/","/subjects/math/calculus/derivatives/","resource-to-lesson","true"
"/subjects/math/calculus/visuals/derivative-rules-map/","/subjects/math/calculus/derivatives/rule-selection/","resource-to-article","true"
"/subjects/math/calculus/visuals/derivative-rules-map/","/subjects/math/calculus/formula-sheets/derivative-rules/","resource-relationship","true"
"/subjects/math/calculus/visuals/derivative-rules-map/","/subjects/math/calculus/worksheets/chain-rule/","resource-relationship","true"
"/subjects/math/calculus/visuals/derivative-rules-map/","/glossary/math/derivative/","resource-to-glossary","true"
"/subjects/math/calculus/visuals/derivative-rules-map/","/glossary/math/#product-rule","resource-to-glossary","true"
"/subjects/math/calculus/visuals/derivative-rules-map/","/glossary/math/#quotient-rule","resource-to-glossary","true"
"/subjects/math/calculus/visuals/derivative-rules-map/","/glossary/math/chain-rule/","resource-to-glossary","true"
"/subjects/math/calculus/derivatives/","/subjects/math/calculus/visuals/derivative-rules-map/","lesson-to-resource","true"
"/subjects/math/calculus/visuals/riemann-sum-progression/","/subjects/math/calculus/visuals/","parent-hub","false"
"/subjects/math/calculus/visuals/riemann-sum-progression/","/subjects/math/calculus/integrals/","resource-to-lesson","true"
"/subjects/math/calculus/visuals/riemann-sum-progression/","/subjects/math/calculus/integrals/definite-integral-signed-area/","resource-to-article","true"
"/subjects/math/calculus/visuals/riemann-sum-progression/","/subjects/math/calculus/practice-exams/calculus-1-final/","resource-relationship","true"
"/subjects/math/calculus/visuals/riemann-sum-progression/","/subjects/math/calculus/worksheets/integration-by-parts/","resource-relationship","true"
"/subjects/math/calculus/visuals/riemann-sum-progression/","/glossary/math/definite-integral/","resource-to-glossary","true"
"/subjects/math/calculus/visuals/riemann-sum-progression/","/glossary/math/#integrand","resource-to-glossary","true"
"/subjects/math/calculus/visuals/riemann-sum-progression/","/glossary/math/fundamental-theorem-calculus/","resource-to-glossary","true"
"/subjects/math/calculus/integrals/","/subjects/math/calculus/visuals/riemann-sum-progression/","lesson-to-resource","true"
"/subjects/math/calculus/visuals/taylor-approximation-visual/","/subjects/math/calculus/visuals/","parent-hub","false"
"/subjects/math/calculus/visuals/taylor-approximation-visual/","/subjects/math/calculus/power-series-and-taylor-series/taylor-polynomials/","resource-to-lesson","true"
"/subjects/math/calculus/visuals/taylor-approximation-visual/","/subjects/math/calculus/power-series-and-taylor-series/taylor-polynomials/","resource-to-article","true"
"/subjects/math/calculus/visuals/taylor-approximation-visual/","/subjects/math/calculus/worksheets/taylor-series/","resource-relationship","true"
"/subjects/math/calculus/visuals/taylor-approximation-visual/","/subjects/math/calculus/practice-exams/calculus-2-final/","resource-relationship","true"
"/subjects/math/calculus/visuals/taylor-approximation-visual/","/glossary/math/taylor-series/","resource-to-glossary","true"
"/subjects/math/calculus/visuals/taylor-approximation-visual/","/glossary/math/power-series/","resource-to-glossary","true"
"/subjects/math/calculus/visuals/taylor-approximation-visual/","/glossary/math/#remainder-term","resource-to-glossary","true"
"/subjects/math/calculus/power-series-and-taylor-series/","/subjects/math/calculus/visuals/taylor-approximation-visual/","lesson-to-resource","true"
"/subjects/math/calculus/worked-problems/limit-by-factoring/","/subjects/math/calculus/worked-problems/","parent-hub","false"
"/subjects/math/calculus/worked-problems/limit-by-factoring/","/subjects/math/calculus/limits-continuity/unit/limits/direct-substitution/","resource-to-lesson","true"
"/subjects/math/calculus/worked-problems/limit-by-factoring/","/subjects/math/calculus/limits-continuity/evaluating-indeterminate-limits/","resource-to-article","true"
"/subjects/math/calculus/worked-problems/limit-by-factoring/","/subjects/math/calculus/worksheets/evaluating-limits/","resource-relationship","true"
"/subjects/math/calculus/worked-problems/limit-by-factoring/","/subjects/math/calculus/practice-exams/calculus-1-final/","resource-relationship","true"
"/subjects/math/calculus/worked-problems/limit-by-factoring/","/subjects/math/calculus/worksheets/chain-rule/","resource-relationship","true"
"/subjects/math/calculus/worked-problems/limit-by-factoring/","/glossary/math/limit/","resource-to-glossary","true"
"/subjects/math/calculus/worked-problems/limit-by-factoring/","/glossary/math/one-sided-limit/","resource-to-glossary","true"
"/subjects/math/calculus/worked-problems/limit-by-factoring/","/glossary/math/#indeterminate-form","resource-to-glossary","true"
"/subjects/math/calculus/limits-continuity/unit/","/subjects/math/calculus/worked-problems/limit-by-factoring/","lesson-to-resource","true"
"/subjects/math/calculus/worked-problems/limit-by-rationalization/","/subjects/math/calculus/worked-problems/","parent-hub","false"
"/subjects/math/calculus/worked-problems/limit-by-rationalization/","/subjects/math/calculus/limits-continuity/unit/limits/direct-substitution/","resource-to-lesson","true"
"/subjects/math/calculus/worked-problems/limit-by-rationalization/","/subjects/math/calculus/limits-continuity/evaluating-indeterminate-limits/","resource-to-article","true"
"/subjects/math/calculus/worked-problems/limit-by-rationalization/","/subjects/math/calculus/worksheets/evaluating-limits/","resource-relationship","true"
"/subjects/math/calculus/worked-problems/limit-by-rationalization/","/subjects/math/calculus/practice-exams/calculus-1-final/","resource-relationship","true"
"/subjects/math/calculus/worked-problems/limit-by-rationalization/","/subjects/math/calculus/worksheets/chain-rule/","resource-relationship","true"
"/subjects/math/calculus/worked-problems/limit-by-rationalization/","/glossary/math/limit/","resource-to-glossary","true"
"/subjects/math/calculus/worked-problems/limit-by-rationalization/","/glossary/math/one-sided-limit/","resource-to-glossary","true"
"/subjects/math/calculus/worked-problems/limit-by-rationalization/","/glossary/math/#indeterminate-form","resource-to-glossary","true"
"/subjects/math/calculus/limits-continuity/unit/","/subjects/math/calculus/worked-problems/limit-by-rationalization/","lesson-to-resource","true"
"/subjects/math/calculus/worked-problems/one-sided-piecewise-limit/","/subjects/math/calculus/worked-problems/","parent-hub","false"
"/subjects/math/calculus/worked-problems/one-sided-piecewise-limit/","/subjects/math/calculus/limits-continuity/unit/limits/direct-substitution/","resource-to-lesson","true"
"/subjects/math/calculus/worked-problems/one-sided-piecewise-limit/","/subjects/math/calculus/limits-continuity/evaluating-indeterminate-limits/","resource-to-article","true"
"/subjects/math/calculus/worked-problems/one-sided-piecewise-limit/","/subjects/math/calculus/worksheets/evaluating-limits/","resource-relationship","true"
"/subjects/math/calculus/worked-problems/one-sided-piecewise-limit/","/subjects/math/calculus/practice-exams/calculus-1-final/","resource-relationship","true"
"/subjects/math/calculus/worked-problems/one-sided-piecewise-limit/","/subjects/math/calculus/worksheets/chain-rule/","resource-relationship","true"
"/subjects/math/calculus/worked-problems/one-sided-piecewise-limit/","/glossary/math/limit/","resource-to-glossary","true"
"/subjects/math/calculus/worked-problems/one-sided-piecewise-limit/","/glossary/math/one-sided-limit/","resource-to-glossary","true"
"/subjects/math/calculus/worked-problems/one-sided-piecewise-limit/","/glossary/math/#indeterminate-form","resource-to-glossary","true"
"/subjects/math/calculus/limits-continuity/unit/","/subjects/math/calculus/worked-problems/one-sided-piecewise-limit/","lesson-to-resource","true"
"/subjects/math/calculus/worked-problems/basic-chain-rule/","/subjects/math/calculus/worked-problems/","parent-hub","false"
"/subjects/math/calculus/worked-problems/basic-chain-rule/","/subjects/math/calculus/derivatives/","resource-to-lesson","true"
"/subjects/math/calculus/worked-problems/basic-chain-rule/","/subjects/math/calculus/derivatives/chain-rule/","resource-to-article","true"
"/subjects/math/calculus/worked-problems/basic-chain-rule/","/subjects/math/calculus/worksheets/chain-rule/","resource-relationship","true"
"/subjects/math/calculus/worked-problems/basic-chain-rule/","/subjects/math/calculus/formula-sheets/derivative-rules/","resource-relationship","true"
"/subjects/math/calculus/worked-problems/basic-chain-rule/","/subjects/math/calculus/practice-exams/calculus-1-final/","resource-relationship","true"
"/subjects/math/calculus/worked-problems/basic-chain-rule/","/glossary/math/chain-rule/","resource-to-glossary","true"
"/subjects/math/calculus/worked-problems/basic-chain-rule/","/glossary/math/derivative/","resource-to-glossary","true"
"/subjects/math/calculus/worked-problems/basic-chain-rule/","/glossary/math/#product-rule","resource-to-glossary","true"
"/subjects/math/calculus/worked-problems/basic-chain-rule/","/glossary/math/#quotient-rule","resource-to-glossary","true"
"/subjects/math/calculus/derivatives/","/subjects/math/calculus/worked-problems/basic-chain-rule/","lesson-to-resource","true"
"/subjects/math/calculus/worked-problems/nested-chain-rule/","/subjects/math/calculus/worked-problems/","parent-hub","false"
"/subjects/math/calculus/worked-problems/nested-chain-rule/","/subjects/math/calculus/derivatives/","resource-to-lesson","true"
"/subjects/math/calculus/worked-problems/nested-chain-rule/","/subjects/math/calculus/derivatives/chain-rule/","resource-to-article","true"
"/subjects/math/calculus/worked-problems/nested-chain-rule/","/subjects/math/calculus/worksheets/chain-rule/","resource-relationship","true"
"/subjects/math/calculus/worked-problems/nested-chain-rule/","/subjects/math/calculus/formula-sheets/derivative-rules/","resource-relationship","true"
"/subjects/math/calculus/worked-problems/nested-chain-rule/","/subjects/math/calculus/practice-exams/calculus-1-final/","resource-relationship","true"
"/subjects/math/calculus/worked-problems/nested-chain-rule/","/glossary/math/chain-rule/","resource-to-glossary","true"
"/subjects/math/calculus/worked-problems/nested-chain-rule/","/glossary/math/derivative/","resource-to-glossary","true"
"/subjects/math/calculus/worked-problems/nested-chain-rule/","/glossary/math/#product-rule","resource-to-glossary","true"
"/subjects/math/calculus/worked-problems/nested-chain-rule/","/glossary/math/#quotient-rule","resource-to-glossary","true"
"/subjects/math/calculus/derivatives/","/subjects/math/calculus/worked-problems/nested-chain-rule/","lesson-to-resource","true"
"/subjects/math/calculus/worked-problems/product-plus-chain-rule/","/subjects/math/calculus/worked-problems/","parent-hub","false"
"/subjects/math/calculus/worked-problems/product-plus-chain-rule/","/subjects/math/calculus/derivatives/","resource-to-lesson","true"
"/subjects/math/calculus/worked-problems/product-plus-chain-rule/","/subjects/math/calculus/derivatives/chain-rule/","resource-to-article","true"
"/subjects/math/calculus/worked-problems/product-plus-chain-rule/","/subjects/math/calculus/worksheets/chain-rule/","resource-relationship","true"
"/subjects/math/calculus/worked-problems/product-plus-chain-rule/","/subjects/math/calculus/formula-sheets/derivative-rules/","resource-relationship","true"
"/subjects/math/calculus/worked-problems/product-plus-chain-rule/","/subjects/math/calculus/practice-exams/calculus-1-final/","resource-relationship","true"
"/subjects/math/calculus/worked-problems/product-plus-chain-rule/","/glossary/math/chain-rule/","resource-to-glossary","true"
"/subjects/math/calculus/worked-problems/product-plus-chain-rule/","/glossary/math/derivative/","resource-to-glossary","true"
"/subjects/math/calculus/worked-problems/product-plus-chain-rule/","/glossary/math/#product-rule","resource-to-glossary","true"
"/subjects/math/calculus/worked-problems/product-plus-chain-rule/","/glossary/math/#quotient-rule","resource-to-glossary","true"
"/subjects/math/calculus/derivatives/","/subjects/math/calculus/worked-problems/product-plus-chain-rule/","lesson-to-resource","true"
"/subjects/math/calculus/worked-problems/quotient-plus-chain-rule/","/subjects/math/calculus/worked-problems/","parent-hub","false"
"/subjects/math/calculus/worked-problems/quotient-plus-chain-rule/","/subjects/math/calculus/derivatives/","resource-to-lesson","true"
"/subjects/math/calculus/worked-problems/quotient-plus-chain-rule/","/subjects/math/calculus/derivatives/chain-rule/","resource-to-article","true"
"/subjects/math/calculus/worked-problems/quotient-plus-chain-rule/","/subjects/math/calculus/worksheets/chain-rule/","resource-relationship","true"
"/subjects/math/calculus/worked-problems/quotient-plus-chain-rule/","/subjects/math/calculus/formula-sheets/derivative-rules/","resource-relationship","true"
"/subjects/math/calculus/worked-problems/quotient-plus-chain-rule/","/subjects/math/calculus/practice-exams/calculus-1-final/","resource-relationship","true"
"/subjects/math/calculus/worked-problems/quotient-plus-chain-rule/","/glossary/math/chain-rule/","resource-to-glossary","true"
"/subjects/math/calculus/worked-problems/quotient-plus-chain-rule/","/glossary/math/derivative/","resource-to-glossary","true"
"/subjects/math/calculus/worked-problems/quotient-plus-chain-rule/","/glossary/math/#product-rule","resource-to-glossary","true"
"/subjects/math/calculus/worked-problems/quotient-plus-chain-rule/","/glossary/math/#quotient-rule","resource-to-glossary","true"
"/subjects/math/calculus/derivatives/","/subjects/math/calculus/worked-problems/quotient-plus-chain-rule/","lesson-to-resource","true"
"/subjects/math/calculus/worked-problems/open-top-box-optimization/","/subjects/math/calculus/worked-problems/","parent-hub","false"
"/subjects/math/calculus/worked-problems/open-top-box-optimization/","/subjects/math/calculus/derivative-applications/optimization-modeling/","resource-to-lesson","true"
"/subjects/math/calculus/worked-problems/open-top-box-optimization/","/subjects/math/calculus/derivative-applications/optimization/","resource-to-article","true"
"/subjects/math/calculus/worked-problems/open-top-box-optimization/","/subjects/math/calculus/worksheets/optimization/","resource-relationship","true"
"/subjects/math/calculus/worked-problems/open-top-box-optimization/","/subjects/math/calculus/worksheets/chain-rule/","resource-relationship","true"
"/subjects/math/calculus/worked-problems/open-top-box-optimization/","/subjects/math/calculus/practice-exams/calculus-1-final/","resource-relationship","true"
"/subjects/math/calculus/worked-problems/open-top-box-optimization/","/glossary/math/critical-number/","resource-to-glossary","true"
"/subjects/math/calculus/worked-problems/open-top-box-optimization/","/glossary/math/local-maximum/","resource-to-glossary","true"
"/subjects/math/calculus/worked-problems/open-top-box-optimization/","/glossary/math/local-minimum/","resource-to-glossary","true"
"/subjects/math/calculus/derivative-applications/","/subjects/math/calculus/worked-problems/open-top-box-optimization/","lesson-to-resource","true"
"/subjects/math/calculus/worked-problems/fencing-optimization/","/subjects/math/calculus/worked-problems/","parent-hub","false"
"/subjects/math/calculus/worked-problems/fencing-optimization/","/subjects/math/calculus/derivative-applications/optimization-modeling/","resource-to-lesson","true"
"/subjects/math/calculus/worked-problems/fencing-optimization/","/subjects/math/calculus/derivative-applications/optimization/","resource-to-article","true"
"/subjects/math/calculus/worked-problems/fencing-optimization/","/subjects/math/calculus/worksheets/optimization/","resource-relationship","true"
"/subjects/math/calculus/worked-problems/fencing-optimization/","/subjects/math/calculus/worksheets/chain-rule/","resource-relationship","true"
"/subjects/math/calculus/worked-problems/fencing-optimization/","/subjects/math/calculus/practice-exams/calculus-1-final/","resource-relationship","true"
"/subjects/math/calculus/worked-problems/fencing-optimization/","/glossary/math/critical-number/","resource-to-glossary","true"
"/subjects/math/calculus/worked-problems/fencing-optimization/","/glossary/math/local-maximum/","resource-to-glossary","true"
"/subjects/math/calculus/worked-problems/fencing-optimization/","/glossary/math/local-minimum/","resource-to-glossary","true"
"/subjects/math/calculus/derivative-applications/","/subjects/math/calculus/worked-problems/fencing-optimization/","lesson-to-resource","true"
"/subjects/math/calculus/worked-problems/integration-by-parts-x-e-x/","/subjects/math/calculus/worked-problems/","parent-hub","false"
"/subjects/math/calculus/worked-problems/integration-by-parts-x-e-x/","/subjects/math/calculus/integrals/integration-by-parts/","resource-to-lesson","true"
"/subjects/math/calculus/worked-problems/integration-by-parts-x-e-x/","/learn/calculus/integration-by-parts/","resource-to-article","true"
"/subjects/math/calculus/worked-problems/integration-by-parts-x-e-x/","/subjects/math/calculus/worksheets/integration-by-parts/","resource-relationship","true"
"/subjects/math/calculus/worked-problems/integration-by-parts-x-e-x/","/subjects/math/calculus/practice-exams/calculus-2-final/","resource-relationship","true"
"/subjects/math/calculus/worked-problems/integration-by-parts-x-e-x/","/subjects/math/calculus/worksheets/taylor-series/","resource-relationship","true"
"/subjects/math/calculus/worked-problems/integration-by-parts-x-e-x/","/glossary/math/integration-by-parts/","resource-to-glossary","true"
"/subjects/math/calculus/worked-problems/integration-by-parts-x-e-x/","/glossary/math/antiderivative/","resource-to-glossary","true"
"/subjects/math/calculus/worked-problems/integration-by-parts-x-e-x/","/glossary/math/definite-integral/","resource-to-glossary","true"
"/subjects/math/calculus/integrals/","/subjects/math/calculus/worked-problems/integration-by-parts-x-e-x/","lesson-to-resource","true"
"/subjects/math/calculus/worked-problems/integration-by-parts-log-x/","/subjects/math/calculus/worked-problems/","parent-hub","false"
"/subjects/math/calculus/worked-problems/integration-by-parts-log-x/","/subjects/math/calculus/integrals/integration-by-parts/","resource-to-lesson","true"
"/subjects/math/calculus/worked-problems/integration-by-parts-log-x/","/learn/calculus/integration-by-parts/","resource-to-article","true"
"/subjects/math/calculus/worked-problems/integration-by-parts-log-x/","/subjects/math/calculus/worksheets/integration-by-parts/","resource-relationship","true"
"/subjects/math/calculus/worked-problems/integration-by-parts-log-x/","/subjects/math/calculus/practice-exams/calculus-2-final/","resource-relationship","true"
"/subjects/math/calculus/worked-problems/integration-by-parts-log-x/","/subjects/math/calculus/worksheets/taylor-series/","resource-relationship","true"
"/subjects/math/calculus/worked-problems/integration-by-parts-log-x/","/glossary/math/integration-by-parts/","resource-to-glossary","true"
"/subjects/math/calculus/worked-problems/integration-by-parts-log-x/","/glossary/math/antiderivative/","resource-to-glossary","true"
"/subjects/math/calculus/worked-problems/integration-by-parts-log-x/","/glossary/math/definite-integral/","resource-to-glossary","true"
"/subjects/math/calculus/integrals/","/subjects/math/calculus/worked-problems/integration-by-parts-log-x/","lesson-to-resource","true"
"/subjects/math/calculus/worked-problems/repeated-integration-by-parts/","/subjects/math/calculus/worked-problems/","parent-hub","false"
"/subjects/math/calculus/worked-problems/repeated-integration-by-parts/","/subjects/math/calculus/integrals/integration-by-parts/","resource-to-lesson","true"
"/subjects/math/calculus/worked-problems/repeated-integration-by-parts/","/learn/calculus/integration-by-parts/","resource-to-article","true"
"/subjects/math/calculus/worked-problems/repeated-integration-by-parts/","/subjects/math/calculus/worksheets/integration-by-parts/","resource-relationship","true"
"/subjects/math/calculus/worked-problems/repeated-integration-by-parts/","/subjects/math/calculus/practice-exams/calculus-2-final/","resource-relationship","true"
"/subjects/math/calculus/worked-problems/repeated-integration-by-parts/","/subjects/math/calculus/worksheets/taylor-series/","resource-relationship","true"
"/subjects/math/calculus/worked-problems/repeated-integration-by-parts/","/glossary/math/integration-by-parts/","resource-to-glossary","true"
"/subjects/math/calculus/worked-problems/repeated-integration-by-parts/","/glossary/math/antiderivative/","resource-to-glossary","true"
"/subjects/math/calculus/worked-problems/repeated-integration-by-parts/","/glossary/math/definite-integral/","resource-to-glossary","true"
"/subjects/math/calculus/integrals/","/subjects/math/calculus/worked-problems/repeated-integration-by-parts/","lesson-to-resource","true"
"/subjects/math/calculus/worked-problems/finite-geometric-sum/","/subjects/math/calculus/worked-problems/","parent-hub","false"
"/subjects/math/calculus/worked-problems/finite-geometric-sum/","/subjects/math/calculus/sequences-and-series/geometric-series/","resource-to-lesson","true"
"/subjects/math/calculus/worked-problems/finite-geometric-sum/","/subjects/math/calculus/sequences-and-series/geometric-series/","resource-to-article","true"
"/subjects/math/calculus/worked-problems/finite-geometric-sum/","/subjects/math/calculus/worksheets/geometric-series/","resource-relationship","true"
"/subjects/math/calculus/worked-problems/finite-geometric-sum/","/subjects/math/calculus/visuals/convergence-tests-flowchart/","resource-relationship","true"
"/subjects/math/calculus/worked-problems/finite-geometric-sum/","/subjects/math/calculus/practice-exams/calculus-2-final/","resource-relationship","true"
"/subjects/math/calculus/worked-problems/finite-geometric-sum/","/glossary/math/geometric-series/","resource-to-glossary","true"
"/subjects/math/calculus/worked-problems/finite-geometric-sum/","/glossary/math/series/","resource-to-glossary","true"
"/subjects/math/calculus/worked-problems/finite-geometric-sum/","/glossary/math/#partial-sum","resource-to-glossary","true"
"/subjects/math/calculus/sequences-and-series/","/subjects/math/calculus/worked-problems/finite-geometric-sum/","lesson-to-resource","true"
"/subjects/math/calculus/worked-problems/infinite-geometric-sum/","/subjects/math/calculus/worked-problems/","parent-hub","false"
"/subjects/math/calculus/worked-problems/infinite-geometric-sum/","/subjects/math/calculus/sequences-and-series/geometric-series/","resource-to-lesson","true"
"/subjects/math/calculus/worked-problems/infinite-geometric-sum/","/subjects/math/calculus/sequences-and-series/geometric-series/","resource-to-article","true"
"/subjects/math/calculus/worked-problems/infinite-geometric-sum/","/subjects/math/calculus/worksheets/geometric-series/","resource-relationship","true"
"/subjects/math/calculus/worked-problems/infinite-geometric-sum/","/subjects/math/calculus/visuals/convergence-tests-flowchart/","resource-relationship","true"
"/subjects/math/calculus/worked-problems/infinite-geometric-sum/","/subjects/math/calculus/practice-exams/calculus-2-final/","resource-relationship","true"
"/subjects/math/calculus/worked-problems/infinite-geometric-sum/","/glossary/math/geometric-series/","resource-to-glossary","true"
"/subjects/math/calculus/worked-problems/infinite-geometric-sum/","/glossary/math/series/","resource-to-glossary","true"
"/subjects/math/calculus/worked-problems/infinite-geometric-sum/","/glossary/math/#partial-sum","resource-to-glossary","true"
"/subjects/math/calculus/sequences-and-series/","/subjects/math/calculus/worked-problems/infinite-geometric-sum/","lesson-to-resource","true"
"/subjects/math/calculus/worked-problems/shifted-geometric-series/","/subjects/math/calculus/worked-problems/","parent-hub","false"
"/subjects/math/calculus/worked-problems/shifted-geometric-series/","/subjects/math/calculus/sequences-and-series/geometric-series/","resource-to-lesson","true"
"/subjects/math/calculus/worked-problems/shifted-geometric-series/","/subjects/math/calculus/sequences-and-series/geometric-series/","resource-to-article","true"
"/subjects/math/calculus/worked-problems/shifted-geometric-series/","/subjects/math/calculus/worksheets/geometric-series/","resource-relationship","true"
"/subjects/math/calculus/worked-problems/shifted-geometric-series/","/subjects/math/calculus/visuals/convergence-tests-flowchart/","resource-relationship","true"
"/subjects/math/calculus/worked-problems/shifted-geometric-series/","/subjects/math/calculus/practice-exams/calculus-2-final/","resource-relationship","true"
"/subjects/math/calculus/worked-problems/shifted-geometric-series/","/glossary/math/geometric-series/","resource-to-glossary","true"
"/subjects/math/calculus/worked-problems/shifted-geometric-series/","/glossary/math/series/","resource-to-glossary","true"
"/subjects/math/calculus/worked-problems/shifted-geometric-series/","/glossary/math/#partial-sum","resource-to-glossary","true"
"/subjects/math/calculus/sequences-and-series/","/subjects/math/calculus/worked-problems/shifted-geometric-series/","lesson-to-resource","true"
"/subjects/math/calculus/worked-problems/repeating-decimal-as-a-series/","/subjects/math/calculus/worked-problems/","parent-hub","false"
"/subjects/math/calculus/worked-problems/repeating-decimal-as-a-series/","/subjects/math/calculus/sequences-and-series/geometric-series/","resource-to-lesson","true"
"/subjects/math/calculus/worked-problems/repeating-decimal-as-a-series/","/subjects/math/calculus/sequences-and-series/geometric-series/","resource-to-article","true"
"/subjects/math/calculus/worked-problems/repeating-decimal-as-a-series/","/subjects/math/calculus/worksheets/geometric-series/","resource-relationship","true"
"/subjects/math/calculus/worked-problems/repeating-decimal-as-a-series/","/subjects/math/calculus/visuals/convergence-tests-flowchart/","resource-relationship","true"
"/subjects/math/calculus/worked-problems/repeating-decimal-as-a-series/","/subjects/math/calculus/practice-exams/calculus-2-final/","resource-relationship","true"
"/subjects/math/calculus/worked-problems/repeating-decimal-as-a-series/","/glossary/math/geometric-series/","resource-to-glossary","true"
"/subjects/math/calculus/worked-problems/repeating-decimal-as-a-series/","/glossary/math/series/","resource-to-glossary","true"
"/subjects/math/calculus/worked-problems/repeating-decimal-as-a-series/","/glossary/math/#partial-sum","resource-to-glossary","true"
"/subjects/math/calculus/sequences-and-series/","/subjects/math/calculus/worked-problems/repeating-decimal-as-a-series/","lesson-to-resource","true"
"/subjects/math/calculus/worked-problems/ratio-test-example/","/subjects/math/calculus/worked-problems/","parent-hub","false"
"/subjects/math/calculus/worked-problems/ratio-test-example/","/subjects/math/calculus/","resource-to-lesson","true"
"/subjects/math/calculus/worked-problems/ratio-test-example/","/subjects/math/calculus/sequences-and-series/choosing-a-convergence-test/","resource-to-article","true"
"/subjects/math/calculus/worked-problems/ratio-test-example/","/subjects/math/calculus/practice-exams/calculus-2-final/","resource-relationship","true"
"/subjects/math/calculus/worked-problems/ratio-test-example/","/subjects/math/calculus/worksheets/integration-by-parts/","resource-relationship","true"
"/subjects/math/calculus/worked-problems/ratio-test-example/","/subjects/math/calculus/worksheets/taylor-series/","resource-relationship","true"
"/subjects/math/calculus/worked-problems/ratio-test-example/","/glossary/math/integration-by-parts/","resource-to-glossary","true"
"/subjects/math/calculus/worked-problems/ratio-test-example/","/glossary/math/geometric-series/","resource-to-glossary","true"
"/subjects/math/calculus/worked-problems/ratio-test-example/","/glossary/math/absolute-convergence/","resource-to-glossary","true"
"/subjects/math/calculus/worked-problems/ratio-test-example/","/glossary/math/power-series/","resource-to-glossary","true"
"/subjects/math/calculus/worked-problems/ratio-test-example/","/glossary/math/taylor-series/","resource-to-glossary","true"
"/subjects/math/calculus/integration-applications/","/subjects/math/calculus/worked-problems/ratio-test-example/","lesson-to-resource","true"
"/subjects/math/calculus/sequences-and-series/","/subjects/math/calculus/worked-problems/ratio-test-example/","lesson-to-resource","true"
"/subjects/math/calculus/power-series-and-taylor-series/","/subjects/math/calculus/worked-problems/ratio-test-example/","lesson-to-resource","true"
"/subjects/math/calculus/worked-problems/root-test-example/","/subjects/math/calculus/worked-problems/","parent-hub","false"
"/subjects/math/calculus/worked-problems/root-test-example/","/subjects/math/calculus/","resource-to-lesson","true"
"/subjects/math/calculus/worked-problems/root-test-example/","/subjects/math/calculus/sequences-and-series/choosing-a-convergence-test/","resource-to-article","true"
"/subjects/math/calculus/worked-problems/root-test-example/","/subjects/math/calculus/practice-exams/calculus-2-final/","resource-relationship","true"
"/subjects/math/calculus/worked-problems/root-test-example/","/subjects/math/calculus/worksheets/integration-by-parts/","resource-relationship","true"
"/subjects/math/calculus/worked-problems/root-test-example/","/subjects/math/calculus/worksheets/taylor-series/","resource-relationship","true"
"/subjects/math/calculus/worked-problems/root-test-example/","/glossary/math/integration-by-parts/","resource-to-glossary","true"
"/subjects/math/calculus/worked-problems/root-test-example/","/glossary/math/geometric-series/","resource-to-glossary","true"
"/subjects/math/calculus/worked-problems/root-test-example/","/glossary/math/absolute-convergence/","resource-to-glossary","true"
"/subjects/math/calculus/worked-problems/root-test-example/","/glossary/math/power-series/","resource-to-glossary","true"
"/subjects/math/calculus/worked-problems/root-test-example/","/glossary/math/taylor-series/","resource-to-glossary","true"
"/subjects/math/calculus/integration-applications/","/subjects/math/calculus/worked-problems/root-test-example/","lesson-to-resource","true"
"/subjects/math/calculus/sequences-and-series/","/subjects/math/calculus/worked-problems/root-test-example/","lesson-to-resource","true"
"/subjects/math/calculus/power-series-and-taylor-series/","/subjects/math/calculus/worked-problems/root-test-example/","lesson-to-resource","true"
"/subjects/math/calculus/worked-problems/limit-comparison-example/","/subjects/math/calculus/worked-problems/","parent-hub","false"
"/subjects/math/calculus/worked-problems/limit-comparison-example/","/subjects/math/calculus/","resource-to-lesson","true"
"/subjects/math/calculus/worked-problems/limit-comparison-example/","/subjects/math/calculus/sequences-and-series/choosing-a-convergence-test/","resource-to-article","true"
"/subjects/math/calculus/worked-problems/limit-comparison-example/","/subjects/math/calculus/practice-exams/calculus-2-final/","resource-relationship","true"
"/subjects/math/calculus/worked-problems/limit-comparison-example/","/subjects/math/calculus/worksheets/integration-by-parts/","resource-relationship","true"
"/subjects/math/calculus/worked-problems/limit-comparison-example/","/subjects/math/calculus/worksheets/taylor-series/","resource-relationship","true"
"/subjects/math/calculus/worked-problems/limit-comparison-example/","/glossary/math/integration-by-parts/","resource-to-glossary","true"
"/subjects/math/calculus/worked-problems/limit-comparison-example/","/glossary/math/geometric-series/","resource-to-glossary","true"
"/subjects/math/calculus/worked-problems/limit-comparison-example/","/glossary/math/absolute-convergence/","resource-to-glossary","true"
"/subjects/math/calculus/worked-problems/limit-comparison-example/","/glossary/math/power-series/","resource-to-glossary","true"
"/subjects/math/calculus/worked-problems/limit-comparison-example/","/glossary/math/taylor-series/","resource-to-glossary","true"
"/subjects/math/calculus/integration-applications/","/subjects/math/calculus/worked-problems/limit-comparison-example/","lesson-to-resource","true"
"/subjects/math/calculus/sequences-and-series/","/subjects/math/calculus/worked-problems/limit-comparison-example/","lesson-to-resource","true"
"/subjects/math/calculus/power-series-and-taylor-series/","/subjects/math/calculus/worked-problems/limit-comparison-example/","lesson-to-resource","true"
"/subjects/math/calculus/worked-problems/alternating-series-test-example/","/subjects/math/calculus/worked-problems/","parent-hub","false"
"/subjects/math/calculus/worked-problems/alternating-series-test-example/","/subjects/math/calculus/","resource-to-lesson","true"
"/subjects/math/calculus/worked-problems/alternating-series-test-example/","/subjects/math/calculus/sequences-and-series/choosing-a-convergence-test/","resource-to-article","true"
"/subjects/math/calculus/worked-problems/alternating-series-test-example/","/subjects/math/calculus/practice-exams/calculus-2-final/","resource-relationship","true"
"/subjects/math/calculus/worked-problems/alternating-series-test-example/","/subjects/math/calculus/worksheets/integration-by-parts/","resource-relationship","true"
"/subjects/math/calculus/worked-problems/alternating-series-test-example/","/subjects/math/calculus/worksheets/taylor-series/","resource-relationship","true"
"/subjects/math/calculus/worked-problems/alternating-series-test-example/","/glossary/math/integration-by-parts/","resource-to-glossary","true"
"/subjects/math/calculus/worked-problems/alternating-series-test-example/","/glossary/math/geometric-series/","resource-to-glossary","true"
"/subjects/math/calculus/worked-problems/alternating-series-test-example/","/glossary/math/absolute-convergence/","resource-to-glossary","true"
"/subjects/math/calculus/worked-problems/alternating-series-test-example/","/glossary/math/power-series/","resource-to-glossary","true"
"/subjects/math/calculus/worked-problems/alternating-series-test-example/","/glossary/math/taylor-series/","resource-to-glossary","true"
"/subjects/math/calculus/integration-applications/","/subjects/math/calculus/worked-problems/alternating-series-test-example/","lesson-to-resource","true"
"/subjects/math/calculus/sequences-and-series/","/subjects/math/calculus/worked-problems/alternating-series-test-example/","lesson-to-resource","true"
"/subjects/math/calculus/power-series-and-taylor-series/","/subjects/math/calculus/worked-problems/alternating-series-test-example/","lesson-to-resource","true"
"/subjects/math/calculus/worked-problems/absolute-versus-conditional-convergence/","/subjects/math/calculus/worked-problems/","parent-hub","false"
"/subjects/math/calculus/worked-problems/absolute-versus-conditional-convergence/","/subjects/math/calculus/","resource-to-lesson","true"
"/subjects/math/calculus/worked-problems/absolute-versus-conditional-convergence/","/subjects/math/calculus/sequences-and-series/choosing-a-convergence-test/","resource-to-article","true"
"/subjects/math/calculus/worked-problems/absolute-versus-conditional-convergence/","/subjects/math/calculus/practice-exams/calculus-2-final/","resource-relationship","true"
"/subjects/math/calculus/worked-problems/absolute-versus-conditional-convergence/","/subjects/math/calculus/worksheets/integration-by-parts/","resource-relationship","true"
"/subjects/math/calculus/worked-problems/absolute-versus-conditional-convergence/","/subjects/math/calculus/worksheets/taylor-series/","resource-relationship","true"
"/subjects/math/calculus/worked-problems/absolute-versus-conditional-convergence/","/glossary/math/integration-by-parts/","resource-to-glossary","true"
"/subjects/math/calculus/worked-problems/absolute-versus-conditional-convergence/","/glossary/math/geometric-series/","resource-to-glossary","true"
"/subjects/math/calculus/worked-problems/absolute-versus-conditional-convergence/","/glossary/math/absolute-convergence/","resource-to-glossary","true"
"/subjects/math/calculus/worked-problems/absolute-versus-conditional-convergence/","/glossary/math/power-series/","resource-to-glossary","true"
"/subjects/math/calculus/worked-problems/absolute-versus-conditional-convergence/","/glossary/math/taylor-series/","resource-to-glossary","true"
"/subjects/math/calculus/integration-applications/","/subjects/math/calculus/worked-problems/absolute-versus-conditional-convergence/","lesson-to-resource","true"
"/subjects/math/calculus/sequences-and-series/","/subjects/math/calculus/worked-problems/absolute-versus-conditional-convergence/","lesson-to-resource","true"
"/subjects/math/calculus/power-series-and-taylor-series/","/subjects/math/calculus/worked-problems/absolute-versus-conditional-convergence/","lesson-to-resource","true"
"/subjects/math/calculus/worked-problems/taylor-polynomial-from-derivatives/","/subjects/math/calculus/worked-problems/","parent-hub","false"
"/subjects/math/calculus/worked-problems/taylor-polynomial-from-derivatives/","/subjects/math/calculus/power-series-and-taylor-series/taylor-series-centered-at-a/","resource-to-lesson","true"
"/subjects/math/calculus/worked-problems/taylor-polynomial-from-derivatives/","/subjects/math/calculus/power-series-and-taylor-series/taylor-polynomials/","resource-to-article","true"
"/subjects/math/calculus/worked-problems/taylor-polynomial-from-derivatives/","/subjects/math/calculus/worksheets/taylor-series/","resource-relationship","true"
"/subjects/math/calculus/worked-problems/taylor-polynomial-from-derivatives/","/subjects/math/calculus/visuals/convergence-tests-flowchart/","resource-relationship","true"
"/subjects/math/calculus/worked-problems/taylor-polynomial-from-derivatives/","/subjects/math/calculus/practice-exams/calculus-2-final/","resource-relationship","true"
"/subjects/math/calculus/worked-problems/taylor-polynomial-from-derivatives/","/glossary/math/taylor-series/","resource-to-glossary","true"
"/subjects/math/calculus/worked-problems/taylor-polynomial-from-derivatives/","/glossary/math/power-series/","resource-to-glossary","true"
"/subjects/math/calculus/worked-problems/taylor-polynomial-from-derivatives/","/glossary/math/radius-of-convergence/","resource-to-glossary","true"
"/subjects/math/calculus/worked-problems/taylor-polynomial-from-derivatives/","/glossary/math/#remainder-term","resource-to-glossary","true"
"/subjects/math/calculus/power-series-and-taylor-series/","/subjects/math/calculus/worked-problems/taylor-polynomial-from-derivatives/","lesson-to-resource","true"
"/subjects/math/calculus/worked-problems/taylor-series-from-known-series/","/subjects/math/calculus/worked-problems/","parent-hub","false"
"/subjects/math/calculus/worked-problems/taylor-series-from-known-series/","/subjects/math/calculus/power-series-and-taylor-series/taylor-series-centered-at-a/","resource-to-lesson","true"
"/subjects/math/calculus/worked-problems/taylor-series-from-known-series/","/subjects/math/calculus/power-series-and-taylor-series/taylor-polynomials/","resource-to-article","true"
"/subjects/math/calculus/worked-problems/taylor-series-from-known-series/","/subjects/math/calculus/worksheets/taylor-series/","resource-relationship","true"
"/subjects/math/calculus/worked-problems/taylor-series-from-known-series/","/subjects/math/calculus/visuals/convergence-tests-flowchart/","resource-relationship","true"
"/subjects/math/calculus/worked-problems/taylor-series-from-known-series/","/subjects/math/calculus/practice-exams/calculus-2-final/","resource-relationship","true"
"/subjects/math/calculus/worked-problems/taylor-series-from-known-series/","/glossary/math/taylor-series/","resource-to-glossary","true"
"/subjects/math/calculus/worked-problems/taylor-series-from-known-series/","/glossary/math/power-series/","resource-to-glossary","true"
"/subjects/math/calculus/worked-problems/taylor-series-from-known-series/","/glossary/math/radius-of-convergence/","resource-to-glossary","true"
"/subjects/math/calculus/worked-problems/taylor-series-from-known-series/","/glossary/math/#remainder-term","resource-to-glossary","true"
"/subjects/math/calculus/power-series-and-taylor-series/","/subjects/math/calculus/worked-problems/taylor-series-from-known-series/","lesson-to-resource","true"
"/subjects/math/calculus/worked-problems/interval-of-convergence-example/","/subjects/math/calculus/worked-problems/","parent-hub","false"
"/subjects/math/calculus/worked-problems/interval-of-convergence-example/","/subjects/math/calculus/power-series-and-taylor-series/taylor-series-centered-at-a/","resource-to-lesson","true"
"/subjects/math/calculus/worked-problems/interval-of-convergence-example/","/subjects/math/calculus/power-series-and-taylor-series/taylor-polynomials/","resource-to-article","true"
"/subjects/math/calculus/worked-problems/interval-of-convergence-example/","/subjects/math/calculus/worksheets/taylor-series/","resource-relationship","true"
"/subjects/math/calculus/worked-problems/interval-of-convergence-example/","/subjects/math/calculus/visuals/convergence-tests-flowchart/","resource-relationship","true"
"/subjects/math/calculus/worked-problems/interval-of-convergence-example/","/subjects/math/calculus/practice-exams/calculus-2-final/","resource-relationship","true"
"/subjects/math/calculus/worked-problems/interval-of-convergence-example/","/glossary/math/taylor-series/","resource-to-glossary","true"
"/subjects/math/calculus/worked-problems/interval-of-convergence-example/","/glossary/math/power-series/","resource-to-glossary","true"
"/subjects/math/calculus/worked-problems/interval-of-convergence-example/","/glossary/math/radius-of-convergence/","resource-to-glossary","true"
"/subjects/math/calculus/worked-problems/interval-of-convergence-example/","/glossary/math/#remainder-term","resource-to-glossary","true"
"/subjects/math/calculus/power-series-and-taylor-series/","/subjects/math/calculus/worked-problems/interval-of-convergence-example/","lesson-to-resource","true"
"/subjects/math/calculus/worked-problems/taylor-approximation-error/","/subjects/math/calculus/worked-problems/","parent-hub","false"
"/subjects/math/calculus/worked-problems/taylor-approximation-error/","/subjects/math/calculus/power-series-and-taylor-series/taylor-series-centered-at-a/","resource-to-lesson","true"
"/subjects/math/calculus/worked-problems/taylor-approximation-error/","/subjects/math/calculus/power-series-and-taylor-series/taylor-polynomials/","resource-to-article","true"
"/subjects/math/calculus/worked-problems/taylor-approximation-error/","/subjects/math/calculus/worksheets/taylor-series/","resource-relationship","true"
"/subjects/math/calculus/worked-problems/taylor-approximation-error/","/subjects/math/calculus/visuals/convergence-tests-flowchart/","resource-relationship","true"
"/subjects/math/calculus/worked-problems/taylor-approximation-error/","/subjects/math/calculus/practice-exams/calculus-2-final/","resource-relationship","true"
"/subjects/math/calculus/worked-problems/taylor-approximation-error/","/glossary/math/taylor-series/","resource-to-glossary","true"
"/subjects/math/calculus/worked-problems/taylor-approximation-error/","/glossary/math/power-series/","resource-to-glossary","true"
"/subjects/math/calculus/worked-problems/taylor-approximation-error/","/glossary/math/radius-of-convergence/","resource-to-glossary","true"
"/subjects/math/calculus/worked-problems/taylor-approximation-error/","/glossary/math/#remainder-term","resource-to-glossary","true"
"/subjects/math/calculus/power-series-and-taylor-series/","/subjects/math/calculus/worked-problems/taylor-approximation-error/","lesson-to-resource","true"
"/subjects/math/calculus/worked-problems/fundamental-theorem-derivative/","/subjects/math/calculus/worked-problems/","parent-hub","false"
"/subjects/math/calculus/worked-problems/fundamental-theorem-derivative/","/subjects/math/calculus/","resource-to-lesson","true"
"/subjects/math/calculus/worked-problems/fundamental-theorem-derivative/","/subjects/math/calculus/limits-continuity/evaluating-indeterminate-limits/","resource-to-article","true"
"/subjects/math/calculus/worked-problems/fundamental-theorem-derivative/","/subjects/math/calculus/practice-exams/calculus-1-final/","resource-relationship","true"
"/subjects/math/calculus/worked-problems/fundamental-theorem-derivative/","/subjects/math/calculus/worksheets/evaluating-limits/","resource-relationship","true"
"/subjects/math/calculus/worked-problems/fundamental-theorem-derivative/","/subjects/math/calculus/formula-sheets/derivative-rules/","resource-relationship","true"
"/subjects/math/calculus/worked-problems/fundamental-theorem-derivative/","/glossary/math/limit/","resource-to-glossary","true"
"/subjects/math/calculus/worked-problems/fundamental-theorem-derivative/","/glossary/math/derivative/","resource-to-glossary","true"
"/subjects/math/calculus/worked-problems/fundamental-theorem-derivative/","/glossary/math/definite-integral/","resource-to-glossary","true"
"/subjects/math/calculus/worked-problems/fundamental-theorem-derivative/","/glossary/math/fundamental-theorem-calculus/","resource-to-glossary","true"
"/subjects/math/calculus/limits-continuity/unit/","/subjects/math/calculus/worked-problems/fundamental-theorem-derivative/","lesson-to-resource","true"
"/subjects/math/calculus/derivatives/","/subjects/math/calculus/worked-problems/fundamental-theorem-derivative/","lesson-to-resource","true"
"/subjects/math/calculus/derivative-applications/","/subjects/math/calculus/worked-problems/fundamental-theorem-derivative/","lesson-to-resource","true"
"/subjects/math/calculus/integrals/","/subjects/math/calculus/worked-problems/fundamental-theorem-derivative/","lesson-to-resource","true"
"/glossary/math/limit/","/glossary/math/","parent-hub","false"
"/glossary/math/limit/","/subjects/math/calculus/limits-continuity/unit/","resource-to-lesson","true"
"/glossary/math/limit/","/subjects/math/calculus/limits-continuity/continuity-at-a-point/","resource-to-article","true"
"/glossary/math/limit/","/subjects/math/calculus/practice-exams/calculus-1-final/","resource-relationship","true"
"/glossary/math/limit/","/subjects/math/calculus/formula-sheets/derivative-rules/","resource-relationship","true"
"/glossary/math/limit/","/glossary/math/one-sided-limit/","resource-to-glossary","true"
"/glossary/math/limit/","/glossary/math/continuity/","resource-to-glossary","true"
"/glossary/math/limit/","/glossary/math/derivative/","resource-to-glossary","true"
"/glossary/math/one-sided-limit/","/glossary/math/","parent-hub","false"
"/glossary/math/one-sided-limit/","/subjects/math/calculus/limits-continuity/unit/","resource-to-lesson","true"
"/glossary/math/one-sided-limit/","/subjects/math/calculus/limits-continuity/continuity-at-a-point/","resource-to-article","true"
"/glossary/math/one-sided-limit/","/subjects/math/calculus/practice-exams/calculus-1-final/","resource-relationship","true"
"/glossary/math/one-sided-limit/","/subjects/math/calculus/formula-sheets/derivative-rules/","resource-relationship","true"
"/glossary/math/one-sided-limit/","/glossary/math/continuity/","resource-to-glossary","true"
"/glossary/math/one-sided-limit/","/glossary/math/derivative/","resource-to-glossary","true"
"/glossary/math/one-sided-limit/","/glossary/math/chain-rule/","resource-to-glossary","true"
"/glossary/math/continuity/","/glossary/math/","parent-hub","false"
"/glossary/math/continuity/","/subjects/math/calculus/limits-continuity/unit/","resource-to-lesson","true"
"/glossary/math/continuity/","/subjects/math/calculus/limits-continuity/continuity-at-a-point/","resource-to-article","true"
"/glossary/math/continuity/","/subjects/math/calculus/practice-exams/calculus-1-final/","resource-relationship","true"
"/glossary/math/continuity/","/subjects/math/calculus/formula-sheets/derivative-rules/","resource-relationship","true"
"/glossary/math/continuity/","/glossary/math/derivative/","resource-to-glossary","true"
"/glossary/math/continuity/","/glossary/math/chain-rule/","resource-to-glossary","true"
"/glossary/math/continuity/","/glossary/math/implicit-differentiation/","resource-to-glossary","true"
"/glossary/math/derivative/","/glossary/math/","parent-hub","false"
"/glossary/math/derivative/","/subjects/math/calculus/limits-continuity/unit/","resource-to-lesson","true"
"/glossary/math/derivative/","/subjects/math/calculus/limits-continuity/continuity-at-a-point/","resource-to-article","true"
"/glossary/math/derivative/","/subjects/math/calculus/practice-exams/calculus-1-final/","resource-relationship","true"
"/glossary/math/derivative/","/subjects/math/calculus/formula-sheets/derivative-rules/","resource-relationship","true"
"/glossary/math/derivative/","/glossary/math/chain-rule/","resource-to-glossary","true"
"/glossary/math/derivative/","/glossary/math/implicit-differentiation/","resource-to-glossary","true"
"/glossary/math/derivative/","/glossary/math/critical-number/","resource-to-glossary","true"
"/glossary/math/chain-rule/","/glossary/math/","parent-hub","false"
"/glossary/math/chain-rule/","/subjects/math/calculus/derivatives/","resource-to-lesson","true"
"/glossary/math/chain-rule/","/subjects/math/calculus/derivatives/chain-rule/","resource-to-article","true"
"/glossary/math/chain-rule/","/subjects/math/calculus/practice-exams/calculus-1-final/","resource-relationship","true"
"/glossary/math/chain-rule/","/subjects/math/calculus/formula-sheets/derivative-rules/","resource-relationship","true"
"/glossary/math/chain-rule/","/glossary/math/implicit-differentiation/","resource-to-glossary","true"
"/glossary/math/chain-rule/","/glossary/math/critical-number/","resource-to-glossary","true"
"/glossary/math/chain-rule/","/glossary/math/local-maximum/","resource-to-glossary","true"
"/glossary/math/implicit-differentiation/","/glossary/math/","parent-hub","false"
"/glossary/math/implicit-differentiation/","/subjects/math/calculus/derivatives/","resource-to-lesson","true"
"/glossary/math/implicit-differentiation/","/subjects/math/calculus/derivatives/chain-rule/","resource-to-article","true"
"/glossary/math/implicit-differentiation/","/subjects/math/calculus/practice-exams/calculus-1-final/","resource-relationship","true"
"/glossary/math/implicit-differentiation/","/subjects/math/calculus/formula-sheets/derivative-rules/","resource-relationship","true"
"/glossary/math/implicit-differentiation/","/glossary/math/critical-number/","resource-to-glossary","true"
"/glossary/math/implicit-differentiation/","/glossary/math/local-maximum/","resource-to-glossary","true"
"/glossary/math/implicit-differentiation/","/glossary/math/local-minimum/","resource-to-glossary","true"
"/glossary/math/critical-number/","/glossary/math/","parent-hub","false"
"/glossary/math/critical-number/","/subjects/math/calculus/derivatives/","resource-to-lesson","true"
"/glossary/math/critical-number/","/subjects/math/calculus/derivatives/chain-rule/","resource-to-article","true"
"/glossary/math/critical-number/","/subjects/math/calculus/practice-exams/calculus-1-final/","resource-relationship","true"
"/glossary/math/critical-number/","/subjects/math/calculus/formula-sheets/derivative-rules/","resource-relationship","true"
"/glossary/math/critical-number/","/glossary/math/local-maximum/","resource-to-glossary","true"
"/glossary/math/critical-number/","/glossary/math/local-minimum/","resource-to-glossary","true"
"/glossary/math/critical-number/","/glossary/math/related-rates/","resource-to-glossary","true"
"/glossary/math/local-maximum/","/glossary/math/","parent-hub","false"
"/glossary/math/local-maximum/","/subjects/math/calculus/derivatives/","resource-to-lesson","true"
"/glossary/math/local-maximum/","/subjects/math/calculus/derivatives/chain-rule/","resource-to-article","true"
"/glossary/math/local-maximum/","/subjects/math/calculus/practice-exams/calculus-1-final/","resource-relationship","true"
"/glossary/math/local-maximum/","/subjects/math/calculus/formula-sheets/derivative-rules/","resource-relationship","true"
"/glossary/math/local-maximum/","/glossary/math/local-minimum/","resource-to-glossary","true"
"/glossary/math/local-maximum/","/glossary/math/related-rates/","resource-to-glossary","true"
"/glossary/math/local-maximum/","/glossary/math/optimization/","resource-to-glossary","true"
"/glossary/math/local-minimum/","/glossary/math/","parent-hub","false"
"/glossary/math/local-minimum/","/subjects/math/calculus/derivatives/","resource-to-lesson","true"
"/glossary/math/local-minimum/","/subjects/math/calculus/derivatives/chain-rule/","resource-to-article","true"
"/glossary/math/local-minimum/","/subjects/math/calculus/practice-exams/calculus-1-final/","resource-relationship","true"
"/glossary/math/local-minimum/","/subjects/math/calculus/formula-sheets/derivative-rules/","resource-relationship","true"
"/glossary/math/local-minimum/","/glossary/math/limit/","resource-to-glossary","true"
"/glossary/math/local-minimum/","/glossary/math/one-sided-limit/","resource-to-glossary","true"
"/glossary/math/local-minimum/","/glossary/math/continuity/","resource-to-glossary","true"
"/glossary/math/related-rates/","/glossary/math/","parent-hub","false"
"/glossary/math/related-rates/","/subjects/math/calculus/derivatives/","resource-to-lesson","true"
"/glossary/math/related-rates/","/subjects/math/calculus/derivatives/chain-rule/","resource-to-article","true"
"/glossary/math/related-rates/","/subjects/math/calculus/practice-exams/calculus-1-final/","resource-relationship","true"
"/glossary/math/related-rates/","/subjects/math/calculus/formula-sheets/derivative-rules/","resource-relationship","true"
"/glossary/math/related-rates/","/glossary/math/one-sided-limit/","resource-to-glossary","true"
"/glossary/math/related-rates/","/glossary/math/continuity/","resource-to-glossary","true"
"/glossary/math/related-rates/","/glossary/math/derivative/","resource-to-glossary","true"
"/glossary/math/optimization/","/glossary/math/","parent-hub","false"
"/glossary/math/optimization/","/subjects/math/calculus/derivatives/","resource-to-lesson","true"
"/glossary/math/optimization/","/subjects/math/calculus/derivatives/chain-rule/","resource-to-article","true"
"/glossary/math/optimization/","/subjects/math/calculus/practice-exams/calculus-1-final/","resource-relationship","true"
"/glossary/math/optimization/","/subjects/math/calculus/formula-sheets/derivative-rules/","resource-relationship","true"
"/glossary/math/optimization/","/glossary/math/continuity/","resource-to-glossary","true"
"/glossary/math/optimization/","/glossary/math/derivative/","resource-to-glossary","true"
"/glossary/math/optimization/","/glossary/math/chain-rule/","resource-to-glossary","true"
"/glossary/math/antiderivative/","/glossary/math/","parent-hub","false"
"/glossary/math/antiderivative/","/subjects/math/calculus/derivatives/","resource-to-lesson","true"
"/glossary/math/antiderivative/","/subjects/math/calculus/derivatives/chain-rule/","resource-to-article","true"
"/glossary/math/antiderivative/","/subjects/math/calculus/practice-exams/calculus-1-final/","resource-relationship","true"
"/glossary/math/antiderivative/","/subjects/math/calculus/formula-sheets/derivative-rules/","resource-relationship","true"
"/glossary/math/antiderivative/","/glossary/math/derivative/","resource-to-glossary","true"
"/glossary/math/antiderivative/","/glossary/math/chain-rule/","resource-to-glossary","true"
"/glossary/math/antiderivative/","/glossary/math/implicit-differentiation/","resource-to-glossary","true"
"/glossary/math/definite-integral/","/glossary/math/","parent-hub","false"
"/glossary/math/definite-integral/","/subjects/math/calculus/integrals/","resource-to-lesson","true"
"/glossary/math/definite-integral/","/subjects/math/calculus/derivatives/chain-rule/","resource-to-article","true"
"/glossary/math/definite-integral/","/subjects/math/calculus/practice-exams/calculus-2-final/","resource-relationship","true"
"/glossary/math/definite-integral/","/subjects/math/calculus/visuals/convergence-tests-flowchart/","resource-relationship","true"
"/glossary/math/definite-integral/","/glossary/math/chain-rule/","resource-to-glossary","true"
"/glossary/math/definite-integral/","/glossary/math/implicit-differentiation/","resource-to-glossary","true"
"/glossary/math/definite-integral/","/glossary/math/critical-number/","resource-to-glossary","true"
"/glossary/math/fundamental-theorem-calculus/","/glossary/math/","parent-hub","false"
"/glossary/math/fundamental-theorem-calculus/","/subjects/math/calculus/integrals/","resource-to-lesson","true"
"/glossary/math/fundamental-theorem-calculus/","/subjects/math/calculus/derivatives/chain-rule/","resource-to-article","true"
"/glossary/math/fundamental-theorem-calculus/","/subjects/math/calculus/practice-exams/calculus-2-final/","resource-relationship","true"
"/glossary/math/fundamental-theorem-calculus/","/subjects/math/calculus/visuals/convergence-tests-flowchart/","resource-relationship","true"
"/glossary/math/fundamental-theorem-calculus/","/glossary/math/implicit-differentiation/","resource-to-glossary","true"
"/glossary/math/fundamental-theorem-calculus/","/glossary/math/critical-number/","resource-to-glossary","true"
"/glossary/math/fundamental-theorem-calculus/","/glossary/math/local-maximum/","resource-to-glossary","true"
"/glossary/math/u-substitution/","/glossary/math/","parent-hub","false"
"/glossary/math/u-substitution/","/subjects/math/calculus/integrals/","resource-to-lesson","true"
"/glossary/math/u-substitution/","/subjects/math/calculus/derivatives/chain-rule/","resource-to-article","true"
"/glossary/math/u-substitution/","/subjects/math/calculus/practice-exams/calculus-2-final/","resource-relationship","true"
"/glossary/math/u-substitution/","/subjects/math/calculus/visuals/convergence-tests-flowchart/","resource-relationship","true"
"/glossary/math/u-substitution/","/glossary/math/critical-number/","resource-to-glossary","true"
"/glossary/math/u-substitution/","/glossary/math/local-maximum/","resource-to-glossary","true"
"/glossary/math/u-substitution/","/glossary/math/local-minimum/","resource-to-glossary","true"
"/glossary/math/integration-by-parts/","/glossary/math/","parent-hub","false"
"/glossary/math/integration-by-parts/","/subjects/math/calculus/integrals/","resource-to-lesson","true"
"/glossary/math/integration-by-parts/","/subjects/math/calculus/derivatives/chain-rule/","resource-to-article","true"
"/glossary/math/integration-by-parts/","/subjects/math/calculus/practice-exams/calculus-2-final/","resource-relationship","true"
"/glossary/math/integration-by-parts/","/subjects/math/calculus/visuals/convergence-tests-flowchart/","resource-relationship","true"
"/glossary/math/integration-by-parts/","/glossary/math/local-maximum/","resource-to-glossary","true"
"/glossary/math/integration-by-parts/","/glossary/math/local-minimum/","resource-to-glossary","true"
"/glossary/math/integration-by-parts/","/glossary/math/related-rates/","resource-to-glossary","true"
"/glossary/math/improper-integral/","/glossary/math/","parent-hub","false"
"/glossary/math/improper-integral/","/subjects/math/calculus/integrals/","resource-to-lesson","true"
"/glossary/math/improper-integral/","/subjects/math/calculus/derivatives/chain-rule/","resource-to-article","true"
"/glossary/math/improper-integral/","/subjects/math/calculus/practice-exams/calculus-2-final/","resource-relationship","true"
"/glossary/math/improper-integral/","/subjects/math/calculus/visuals/convergence-tests-flowchart/","resource-relationship","true"
"/glossary/math/improper-integral/","/glossary/math/limit/","resource-to-glossary","true"
"/glossary/math/improper-integral/","/glossary/math/one-sided-limit/","resource-to-glossary","true"
"/glossary/math/improper-integral/","/glossary/math/continuity/","resource-to-glossary","true"
"/glossary/math/sequence/","/glossary/math/","parent-hub","false"
"/glossary/math/sequence/","/subjects/math/calculus/sequences-and-series/","resource-to-lesson","true"
"/glossary/math/sequence/","/subjects/math/calculus/derivatives/chain-rule/","resource-to-article","true"
"/glossary/math/sequence/","/subjects/math/calculus/practice-exams/calculus-2-final/","resource-relationship","true"
"/glossary/math/sequence/","/subjects/math/calculus/visuals/convergence-tests-flowchart/","resource-relationship","true"
"/glossary/math/sequence/","/glossary/math/one-sided-limit/","resource-to-glossary","true"
"/glossary/math/sequence/","/glossary/math/continuity/","resource-to-glossary","true"
"/glossary/math/sequence/","/glossary/math/derivative/","resource-to-glossary","true"
"/glossary/math/series/","/glossary/math/","parent-hub","false"
"/glossary/math/series/","/subjects/math/calculus/sequences-and-series/","resource-to-lesson","true"
"/glossary/math/series/","/subjects/math/calculus/derivatives/chain-rule/","resource-to-article","true"
"/glossary/math/series/","/subjects/math/calculus/practice-exams/calculus-2-final/","resource-relationship","true"
"/glossary/math/series/","/subjects/math/calculus/visuals/convergence-tests-flowchart/","resource-relationship","true"
"/glossary/math/series/","/glossary/math/continuity/","resource-to-glossary","true"
"/glossary/math/series/","/glossary/math/derivative/","resource-to-glossary","true"
"/glossary/math/series/","/glossary/math/chain-rule/","resource-to-glossary","true"
"/glossary/math/geometric-series/","/glossary/math/","parent-hub","false"
"/glossary/math/geometric-series/","/subjects/math/calculus/sequences-and-series/","resource-to-lesson","true"
"/glossary/math/geometric-series/","/subjects/math/calculus/derivatives/chain-rule/","resource-to-article","true"
"/glossary/math/geometric-series/","/subjects/math/calculus/practice-exams/calculus-2-final/","resource-relationship","true"
"/glossary/math/geometric-series/","/subjects/math/calculus/visuals/convergence-tests-flowchart/","resource-relationship","true"
"/glossary/math/geometric-series/","/glossary/math/derivative/","resource-to-glossary","true"
"/glossary/math/geometric-series/","/glossary/math/chain-rule/","resource-to-glossary","true"
"/glossary/math/geometric-series/","/glossary/math/implicit-differentiation/","resource-to-glossary","true"
"/glossary/math/absolute-convergence/","/glossary/math/","parent-hub","false"
"/glossary/math/absolute-convergence/","/subjects/math/calculus/sequences-and-series/","resource-to-lesson","true"
"/glossary/math/absolute-convergence/","/subjects/math/calculus/derivatives/chain-rule/","resource-to-article","true"
"/glossary/math/absolute-convergence/","/subjects/math/calculus/practice-exams/calculus-2-final/","resource-relationship","true"
"/glossary/math/absolute-convergence/","/subjects/math/calculus/visuals/convergence-tests-flowchart/","resource-relationship","true"
"/glossary/math/absolute-convergence/","/glossary/math/chain-rule/","resource-to-glossary","true"
"/glossary/math/absolute-convergence/","/glossary/math/implicit-differentiation/","resource-to-glossary","true"
"/glossary/math/absolute-convergence/","/glossary/math/critical-number/","resource-to-glossary","true"
"/glossary/math/power-series/","/glossary/math/","parent-hub","false"
"/glossary/math/power-series/","/subjects/math/calculus/sequences-and-series/","resource-to-lesson","true"
"/glossary/math/power-series/","/subjects/math/calculus/derivatives/chain-rule/","resource-to-article","true"
"/glossary/math/power-series/","/subjects/math/calculus/practice-exams/calculus-2-final/","resource-relationship","true"
"/glossary/math/power-series/","/subjects/math/calculus/visuals/convergence-tests-flowchart/","resource-relationship","true"
"/glossary/math/power-series/","/glossary/math/implicit-differentiation/","resource-to-glossary","true"
"/glossary/math/power-series/","/glossary/math/critical-number/","resource-to-glossary","true"
"/glossary/math/power-series/","/glossary/math/local-maximum/","resource-to-glossary","true"
"/glossary/math/taylor-series/","/glossary/math/","parent-hub","false"
"/glossary/math/taylor-series/","/subjects/math/calculus/sequences-and-series/","resource-to-lesson","true"
"/glossary/math/taylor-series/","/subjects/math/calculus/derivatives/chain-rule/","resource-to-article","true"
"/glossary/math/taylor-series/","/subjects/math/calculus/practice-exams/calculus-2-final/","resource-relationship","true"
"/glossary/math/taylor-series/","/subjects/math/calculus/visuals/convergence-tests-flowchart/","resource-relationship","true"
"/glossary/math/taylor-series/","/glossary/math/critical-number/","resource-to-glossary","true"
"/glossary/math/taylor-series/","/glossary/math/local-maximum/","resource-to-glossary","true"
"/glossary/math/taylor-series/","/glossary/math/local-minimum/","resource-to-glossary","true"
"/glossary/math/radius-of-convergence/","/glossary/math/","parent-hub","false"
"/glossary/math/radius-of-convergence/","/subjects/math/calculus/sequences-and-series/","resource-to-lesson","true"
"/glossary/math/radius-of-convergence/","/subjects/math/calculus/derivatives/chain-rule/","resource-to-article","true"
"/glossary/math/radius-of-convergence/","/subjects/math/calculus/practice-exams/calculus-2-final/","resource-relationship","true"
"/glossary/math/radius-of-convergence/","/subjects/math/calculus/visuals/convergence-tests-flowchart/","resource-relationship","true"
"/glossary/math/radius-of-convergence/","/glossary/math/local-maximum/","resource-to-glossary","true"
"/glossary/math/radius-of-convergence/","/glossary/math/local-minimum/","resource-to-glossary","true"
"/glossary/math/radius-of-convergence/","/glossary/math/related-rates/","resource-to-glossary","true"
"/subjects/math/calculus/worksheets/","/subjects/math/calculus/worksheets/evaluating-limits/","hub-listing","false"
"/subjects/math/calculus/worksheets/","/subjects/math/calculus/worksheets/chain-rule/","hub-listing","false"
"/subjects/math/calculus/worksheets/","/subjects/math/calculus/worksheets/optimization/","hub-listing","false"
"/subjects/math/calculus/worksheets/","/subjects/math/calculus/worksheets/integration-by-parts/","hub-listing","false"
"/subjects/math/calculus/worksheets/","/subjects/math/calculus/worksheets/geometric-series/","hub-listing","false"
"/subjects/math/calculus/worksheets/","/subjects/math/calculus/worksheets/taylor-series/","hub-listing","false"
"/subjects/math/calculus/practice-exams/","/subjects/math/calculus/practice-exams/calculus-1-final/","hub-listing","false"
"/subjects/math/calculus/practice-exams/","/subjects/math/calculus/practice-exams/calculus-2-final/","hub-listing","false"
"/subjects/math/calculus/formula-sheets/","/subjects/math/calculus/formula-sheets/derivative-rules/","hub-listing","false"
"/subjects/math/calculus/worked-problems/","/subjects/math/calculus/worked-problems/limit-by-factoring/","hub-listing","false"
"/subjects/math/calculus/worked-problems/","/subjects/math/calculus/worked-problems/limit-by-rationalization/","hub-listing","false"
"/subjects/math/calculus/worked-problems/","/subjects/math/calculus/worked-problems/one-sided-piecewise-limit/","hub-listing","false"
"/subjects/math/calculus/worked-problems/","/subjects/math/calculus/worked-problems/basic-chain-rule/","hub-listing","false"
"/subjects/math/calculus/worked-problems/","/subjects/math/calculus/worked-problems/nested-chain-rule/","hub-listing","false"
"/subjects/math/calculus/worked-problems/","/subjects/math/calculus/worked-problems/product-plus-chain-rule/","hub-listing","false"
"/subjects/math/calculus/worked-problems/","/subjects/math/calculus/worked-problems/quotient-plus-chain-rule/","hub-listing","false"
"/subjects/math/calculus/worked-problems/","/subjects/math/calculus/worked-problems/open-top-box-optimization/","hub-listing","false"
"/subjects/math/calculus/worked-problems/","/subjects/math/calculus/worked-problems/fencing-optimization/","hub-listing","false"
"/subjects/math/calculus/worked-problems/","/subjects/math/calculus/worked-problems/integration-by-parts-x-e-x/","hub-listing","false"
"/subjects/math/calculus/worked-problems/","/subjects/math/calculus/worked-problems/integration-by-parts-log-x/","hub-listing","false"
"/subjects/math/calculus/worked-problems/","/subjects/math/calculus/worked-problems/repeated-integration-by-parts/","hub-listing","false"
"/subjects/math/calculus/worked-problems/","/subjects/math/calculus/worked-problems/finite-geometric-sum/","hub-listing","false"
"/subjects/math/calculus/worked-problems/","/subjects/math/calculus/worked-problems/infinite-geometric-sum/","hub-listing","false"
"/subjects/math/calculus/worked-problems/","/subjects/math/calculus/worked-problems/shifted-geometric-series/","hub-listing","false"
"/subjects/math/calculus/worked-problems/","/subjects/math/calculus/worked-problems/repeating-decimal-as-a-series/","hub-listing","false"
"/subjects/math/calculus/worked-problems/","/subjects/math/calculus/worked-problems/ratio-test-example/","hub-listing","false"
"/subjects/math/calculus/worked-problems/","/subjects/math/calculus/worked-problems/root-test-example/","hub-listing","false"
"/subjects/math/calculus/worked-problems/","/subjects/math/calculus/worked-problems/limit-comparison-example/","hub-listing","false"
"/subjects/math/calculus/worked-problems/","/subjects/math/calculus/worked-problems/alternating-series-test-example/","hub-listing","false"
"/subjects/math/calculus/worked-problems/","/subjects/math/calculus/worked-problems/absolute-versus-conditional-convergence/","hub-listing","false"
"/subjects/math/calculus/worked-problems/","/subjects/math/calculus/worked-problems/taylor-polynomial-from-derivatives/","hub-listing","false"
"/subjects/math/calculus/worked-problems/","/subjects/math/calculus/worked-problems/taylor-series-from-known-series/","hub-listing","false"
"/subjects/math/calculus/worked-problems/","/subjects/math/calculus/worked-problems/interval-of-convergence-example/","hub-listing","false"
"/subjects/math/calculus/worked-problems/","/subjects/math/calculus/worked-problems/taylor-approximation-error/","hub-listing","false"
"/subjects/math/calculus/worked-problems/","/subjects/math/calculus/worked-problems/fundamental-theorem-derivative/","hub-listing","false"
"/subjects/math/calculus/visuals/","/subjects/math/calculus/visuals/convergence-tests-flowchart/","hub-listing","false"
"/subjects/math/calculus/visuals/","/subjects/math/calculus/visuals/derivative-rules-map/","hub-listing","false"
"/subjects/math/calculus/visuals/","/subjects/math/calculus/visuals/riemann-sum-progression/","hub-listing","false"
"/subjects/math/calculus/visuals/","/subjects/math/calculus/visuals/taylor-approximation-visual/","hub-listing","false"
"/glossary/math/","/glossary/math/limit/","hub-listing","false"
"/glossary/math/","/glossary/math/one-sided-limit/","hub-listing","false"
"/glossary/math/","/glossary/math/continuity/","hub-listing","false"
"/glossary/math/","/glossary/math/derivative/","hub-listing","false"
"/glossary/math/","/glossary/math/chain-rule/","hub-listing","false"
"/glossary/math/","/glossary/math/implicit-differentiation/","hub-listing","false"
"/glossary/math/","/glossary/math/critical-number/","hub-listing","false"
"/glossary/math/","/glossary/math/local-maximum/","hub-listing","false"
"/glossary/math/","/glossary/math/local-minimum/","hub-listing","false"
"/glossary/math/","/glossary/math/related-rates/","hub-listing","false"
"/glossary/math/","/glossary/math/optimization/","hub-listing","false"
"/glossary/math/","/glossary/math/antiderivative/","hub-listing","false"
"/glossary/math/","/glossary/math/definite-integral/","hub-listing","false"
"/glossary/math/","/glossary/math/fundamental-theorem-calculus/","hub-listing","false"
"/glossary/math/","/glossary/math/u-substitution/","hub-listing","false"
"/glossary/math/","/glossary/math/integration-by-parts/","hub-listing","false"
"/glossary/math/","/glossary/math/improper-integral/","hub-listing","false"
"/glossary/math/","/glossary/math/sequence/","hub-listing","false"
"/glossary/math/","/glossary/math/series/","hub-listing","false"
"/glossary/math/","/glossary/math/geometric-series/","hub-listing","false"
"/glossary/math/","/glossary/math/absolute-convergence/","hub-listing","false"
"/glossary/math/","/glossary/math/power-series/","hub-listing","false"
"/glossary/math/","/glossary/math/taylor-series/","hub-listing","false"
"/glossary/math/","/glossary/math/radius-of-convergence/","hub-listing","false"
