visual_id,lesson_id,unit,sequence,roadmap_brief,mathematical_mechanism
P8.1-V1,P8.1,P8,1,Directed-angle animation with positive and negative arrows.,"To reduce an angle, add or subtract complete revolutions until the value lies in the desired interval. The operation changes the accumulated rotation but preserves the terminal side because every full revolution returns the ray to its prior direction."
P8.1-V2,P8.1,P8,2,Terminal-side family showing theta+360k degrees.,"To reduce an angle, add or subtract complete revolutions until the value lies in the desired interval. The operation changes the accumulated rotation but preserves the terminal side because every full revolution returns the ray to its prior direction."
P8.1-V3,P8.1,P8,3,Common error panel contrasting angle size with terminal-side location.,"To reduce an angle, add or subtract complete revolutions until the value lies in the desired interval. The operation changes the accumulated rotation but preserves the terminal side because every full revolution returns the ray to its prior direction."
P8.2-V1,P8.2,P8,1,One revolution partitioned into degrees.,"Degree-minute-second notation is a base-60 place-value system. To convert to decimal degrees, divide minutes by 60 and seconds by 3600. To reverse the conversion, separate the whole degrees and repeatedly multiply the fractional part by 60."
P8.2-V2,P8.2,P8,2,Degree-minute-second place-value diagram.,"Degree-minute-second notation is a base-60 place-value system. To convert to decimal degrees, divide minutes by 60 and seconds by 3600. To reverse the conversion, separate the whole degrees and repeatedly multiply the fractional part by 60."
P8.2-V3,P8.2,P8,3,Heading circle with clockwise navigation convention.,"Degree-minute-second notation is a base-60 place-value system. To convert to decimal degrees, divide minutes by 60 and seconds by 3600. To reverse the conversion, separate the whole degrees and repeatedly multiply the fractional part by 60."
P8.3-V1,P8.3,P8,1,Two different circles with equal s/r ratio.,"Radians convert circular geometry into ordinary real-number input. On the unit circle, radius one makes the numerical angle equal to signed arc length. This is why radians are the natural input for trigonometric functions and later Calculus formulas."
P8.3-V2,P8.3,P8,2,Real-number line wrapping onto a circle.,"Radians convert circular geometry into ordinary real-number input. On the unit circle, radius one makes the numerical angle equal to signed arc length. This is why radians are the natural input for trigonometric functions and later Calculus formulas."
P8.3-V3,P8.3,P8,3,Degree-radian conversion wheel based on 2pi=360 degrees.,"Radians convert circular geometry into ordinary real-number input. On the unit circle, radius one makes the numerical angle equal to signed arc length. This is why radians are the natural input for trigonometric functions and later Calculus formulas."
P8.4-V1,P8.4,P8,1,"Sector with radius, arc, and angle labels.",The radian formulas work without an extra conversion factor because the radian definition already incorporates the circumference-to-radius relationship.
P8.4-V2,P8.4,P8,2,Derivation from fraction of full circumference and area.,The radian formulas work without an extra conversion factor because the radian definition already incorporates the circumference-to-radius relationship.
P8.4-V3,P8.4,P8,3,Error panel showing why degree inputs need conversion.,The radian formulas work without an extra conversion factor because the radian definition already incorporates the circumference-to-radius relationship.
P8.5-V1,P8.5,P8,1,Rotating disk with equal angular but different linear speeds.,"The formula follows from s=r theta: divide both sides by elapsed time to obtain s/t=r(theta/t). In a belt or no-slip contact, connected rims share tangential speed even when their radii and angular speeds differ."
P8.5-V2,P8.5,P8,2,Unit-conversion pipeline from rpm to rad/s.,"The formula follows from s=r theta: divide both sides by elapsed time to obtain s/t=r(theta/t). In a belt or no-slip contact, connected rims share tangential speed even when their radii and angular speeds differ."
P8.5-V3,P8.5,P8,3,Pulley-belt diagram with equal tangential speed.,"The formula follows from s=r theta: divide both sides by elapsed time to obtain s/t=r(theta/t). In a belt or no-slip contact, connected rims share tangential speed even when their radii and angular speeds differ."
P8.6-V1,P8.6,P8,1,Real-line strip wrapped around a circle.,Positive t moves counterclockwise and negative t moves clockwise. Reducing t modulo 2pi identifies a convenient coterminal input without changing the terminal point.
P8.6-V2,P8.6,P8,2,Multiple real inputs connected to one terminal point.,Positive t moves counterclockwise and negative t moves clockwise. Reducing t modulo 2pi identifies a convenient coterminal input without changing the terminal point.
P8.6-V3,P8.6,P8,3,Signed motion with clockwise and counterclockwise travel.,Positive t moves counterclockwise and negative t moves clockwise. Reducing t modulo 2pi identifies a convenient coterminal input without changing the terminal point.
P8.7-V1,P8.7,P8,1,Unit-circle point with coordinate projections.,"A known coordinate immediately gives sine and cosine. If one coordinate is known, use the unit-circle equation to find the other, then use the quadrant to choose the correct sign."
P8.7-V2,P8.7,P8,2,Coordinate signs by quadrant.,"A known coordinate immediately gives sine and cosine. If one coordinate is known, use the unit-circle equation to find the other, then use the quadrant to choose the correct sign."
P8.7-V3,P8.7,P8,3,Domain-range diagram for sine and cosine.,"A known coordinate immediately gives sine and cosine. If one coordinate is known, use the unit-circle equation to find the other, then use the quadrant to choose the correct sign."
P8.8-V1,P8.8,P8,1,Special-triangle derivations inside the unit circle.,"Once first-quadrant coordinates are derived, reflection symmetry places the same magnitudes in every quadrant with signs determined by coordinate location."
P8.8-V2,P8.8,P8,2,Exact-value symmetry map.,"Once first-quadrant coordinates are derived, reflection symmetry places the same magnitudes in every quadrant with signs determined by coordinate location."
P8.8-V3,P8.8,P8,3,Blank unit circle rebuilt from geometric anchors.,"Once first-quadrant coordinates are derived, reflection symmetry places the same magnitudes in every quadrant with signs determined by coordinate location."
P8.9-V1,P8.9,P8,1,"Original angle, terminal side, and reference triangle.","Reduce the angle if needed, identify the quadrant, find the acute distance to the nearest x-axis, evaluate the special-angle magnitude, and assign signs from the coordinate quadrant."
P8.9-V2,P8.9,P8,2,Quadrant sign chart derived from coordinates.,"Reduce the angle if needed, identify the quadrant, find the acute distance to the nearest x-axis, evaluate the special-angle magnitude, and assign signs from the coordinate quadrant."
P8.9-V3,P8.9,P8,3,Error panel separating coterminal angle from reference angle.,"Reduce the angle if needed, identify the quadrant, find the acute distance to the nearest x-axis, evaluate the special-angle magnitude, and assign signs from the coordinate quadrant."
P8.10-V1,P8.10,P8,1,Six-function ratio web.,The unit-circle identity produces two more identities by division: 1+tan^2 t=sec^2 t and cot^2 t+1=csc^2 t.
P8.10-V2,P8.10,P8,2,Pythagorean identity derivation by division.,The unit-circle identity produces two more identities by division: 1+tan^2 t=sec^2 t and cot^2 t+1=csc^2 t.
P8.10-V3,P8.10,P8,3,Domain-exclusion unit circle with zero coordinates marked.,The unit-circle identity produces two more identities by division: 1+tan^2 t=sec^2 t and cot^2 t+1=csc^2 t.
P9.1-V1,P9.1,P9,1,Linked unit-circle point and sine graph.,"The graph is not an arbitrary wave. Every point (t,sin t) is paired with the same input’s position on the circle. The rising and falling portions correspond to the point moving upward or downward."
P9.1-V2,P9.1,P9,2,Quarter-cycle table-to-curve construction.,"The graph is not an arbitrary wave. Every point (t,sin t) is paired with the same input’s position on the circle. The rising and falling portions correspond to the point moving upward or downward."
P9.1-V3,P9.1,P9,3,Odd-symmetry visual across the origin.,"The graph is not an arbitrary wave. Every point (t,sin t) is paired with the same input’s position on the circle. The rising and falling portions correspond to the point moving upward or downward."
P9.2-V1,P9.2,P9,1,Linked unit-circle and cosine graph.,Comparing sine and cosine on the same axes reveals that they describe perpendicular projections of one rotating point rather than unrelated formulas.
P9.2-V2,P9.2,P9,2,Sine-cosine phase overlay.,Comparing sine and cosine on the same axes reveals that they describe perpendicular projections of one rotating point rather than unrelated formulas.
P9.2-V3,P9.2,P9,3,Even-symmetry reflection across y-axis.,Comparing sine and cosine on the same axes reveals that they describe perpendicular projections of one rotating point rather than unrelated formulas.
P9.3-V1,P9.3,P9,1,Maximum-minimum-midline diagram.,"Amplitude is a distance, so it is nonnegative. The midline is the average of the maximum and minimum, and amplitude is half their difference."
P9.3-V2,P9.3,P9,2,Positive and negative A comparison.,"Amplitude is a distance, so it is nonnegative. The midline is the average of the maximum and minimum, and amplitude is half their difference."
P9.3-V3,P9.3,P9,3,Vertical transformation coordinate mapping.,"Amplitude is a distance, so it is nonnegative. The midline is the average of the maximum and minimum, and amplitude is half their difference."
P9.4-V1,P9.4,P9,1,Cycle-length graph with one period marked.,"For a time model, angular frequency omega=2pi f=2pi/T. The units distinguish cycles per second, seconds per cycle, and radians per second."
P9.4-V2,P9.4,P9,2,Frequency-period reciprocal diagram.,"For a time model, angular frequency omega=2pi f=2pi/T. The units distinguish cycles per second, seconds per cycle, and radians per second."
P9.4-V3,P9.4,P9,3,Ordinary versus angular frequency unit chart.,"For a time model, angular frequency omega=2pi f=2pi/T. The units distinguish cycles per second, seconds per cycle, and radians per second."
P9.5-V1,P9.5,P9,1,Feature timing map for maxima and crossings.,"Sine and cosine forms can model the same cycle with different phase choices. The best form often places a known maximum, minimum, or midline crossing at a simple input."
P9.5-V2,P9.5,P9,2,Coordinate-mapping derivation of C.,"Sine and cosine forms can model the same cycle with different phase choices. The best form often places a known maximum, minimum, or midline crossing at a simple input."
P9.5-V3,P9.5,P9,3,Equivalent sine and cosine timing forms.,"Sine and cosine forms can model the same cycle with different phase choices. The best form often places a known maximum, minimum, or midline crossing at a simple input."
P9.6-V1,P9.6,P9,1,Five-parameter sinusoid dashboard.,The same sinusoid has infinitely many equivalent sine and cosine forms. Equivalence can be checked by graph features or identities.
P9.6-V2,P9.6,P9,2,Feature-to-parameter construction diagram.,The same sinusoid has infinitely many equivalent sine and cosine forms. Equivalence can be checked by graph features or identities.
P9.6-V3,P9.6,P9,3,Equivalent sine/cosine overlay.,The same sinusoid has infinitely many equivalent sine and cosine forms. Equivalence can be checked by graph features or identities.
P9.7-V1,P9.7,P9,1,Sine/cosine quotient sign chart aligned to tangent graph.,"The half-turn period follows because both sine and cosine change sign after pi, leaving their ratio unchanged."
P9.7-V2,P9.7,P9,2,Terminal-ray slope interpretation.,"The half-turn period follows because both sine and cosine change sign after pi, leaving their ratio unchanged."
P9.7-V3,P9.7,P9,3,Transformed tangent branch with asymptotes.,"The half-turn period follows because both sine and cosine change sign after pi, leaving their ratio unchanged."
P9.8-V1,P9.8,P9,1,Cosine and secant overlay with reciprocal points.,"The reciprocal graph cannot cross the interval (-1,1), so its range is (-infinity,-1] union [1,infinity) before transformations."
P9.8-V2,P9.8,P9,2,Sine and cosecant overlay.,"The reciprocal graph cannot cross the interval (-1,1), so its range is (-infinity,-1] union [1,infinity) before transformations."
P9.8-V3,P9.8,P9,3,Error panel preventing branch connections across asymptotes.,"The reciprocal graph cannot cross the interval (-1,1), so its range is (-infinity,-1] union [1,infinity) before transformations."
P9.9-V1,P9.9,P9,1,Six-function comparison matrix.,A comparison table makes reciprocal and quotient relationships visible and supports rapid graph identification.
P9.9-V2,P9.9,P9,2,Even/odd graph overlays.,A comparison table makes reciprocal and quotient relationships visible and supports rapid graph identification.
P9.9-V3,P9.9,P9,3,Period tiles showing repeated intervals.,A comparison table makes reciprocal and quotient relationships visible and supports rapid graph identification.
P9.10-V1,P9.10,P9,1,Restricted sine/cosine/tangent branches.,"The inverse domains are the original ranges: arcsin and arccos accept [-1,1], while arctan accepts all real inputs."
P9.10-V2,P9.10,P9,2,Inverse reflection across y=x.,"The inverse domains are the original ranges: arcsin and arccos accept [-1,1], while arctan accepts all real inputs."
P9.10-V3,P9.10,P9,3,Inverse-versus-reciprocal comparison.,"The inverse domains are the original ranges: arcsin and arccos accept [-1,1], while arctan accepts all real inputs."
P9.11-V1,P9.11,P9,1,Horizontal-line intersections with periodic graphs.,Exact unit-circle values should be used when possible. Otherwise find a principal inverse angle and use graph symmetry to generate the remaining branch before adding periods.
P9.11-V2,P9.11,P9,2,Unit-circle solution families.,Exact unit-circle values should be used when possible. Otherwise find a principal inverse angle and use graph symmetry to generate the remaining branch before adding periods.
P9.11-V3,P9.11,P9,3,General-solution number line.,Exact unit-circle values should be used when possible. Otherwise find a principal inverse angle and use graph symmetry to generate the remaining branch before adding periods.
P9.12-V1,P9.12,P9,1,Data scatter with fitted sinusoid and residuals.,"Residuals should be small and patternless if the sinusoidal form captures the main structure. Changing amplitude, drifting midline, multiple frequencies, or irregular timing produce systematic residuals."
P9.12-V2,P9.12,P9,2,Parameter meanings on one annual cycle.,"Residuals should be small and patternless if the sinusoidal form captures the main structure. Changing amplitude, drifting midline, multiple frequencies, or irregular timing produce systematic residuals."
P9.12-V3,P9.12,P9,3,Damped or modulated waveform comparison.,"Residuals should be small and patternless if the sinusoidal form captures the main structure. Changing amplitude, drifting midline, multiple frequencies, or irregular timing produce systematic residuals."
P10.1-V1,P10.1,P10,1,Identity-versus-equation truth-set diagram.,The common domain matters because algebraic simplification can remove a factor that was originally zero or introduce a reciprocal that excludes additional inputs.
P10.1-V2,P10.1,P10,2,Common-domain overlay.,The common domain matters because algebraic simplification can remove a factor that was originally zero or introduce a reciprocal that excludes additional inputs.
P10.1-V3,P10.1,P10,3,Valid one-sided proof versus circular proof.,The common domain matters because algebraic simplification can remove a factor that was originally zero or introduce a reciprocal that excludes additional inputs.
P10.2-V1,P10.2,P10,1,Unit-circle identity triangle.,"These identities are function equalities on common domains, so division-based versions exclude inputs where the divisor is zero."
P10.2-V2,P10.2,P10,2,Division derivations with domain notes.,"These identities are function equalities on common domains, so division-based versions exclude inputs where the divisor is zero."
P10.2-V3,P10.2,P10,3,Reciprocal-quotient identity web.,"These identities are function equalities on common domains, so division-based versions exclude inputs where the divisor is zero."
P10.3-V1,P10.3,P10,1,Strategy decision tree.,"Working from the more complicated side avoids replacing a simple target with a larger expression. Sometimes both sides may be transformed independently to the same third expression, but the logic must remain clear."
P10.3-V2,P10.3,P10,2,Conjugate multiplication mechanism.,"Working from the more complicated side avoids replacing a simple target with a larger expression. Sometimes both sides may be transformed independently to the same third expression, but the logic must remain clear."
P10.3-V3,P10.3,P10,3,Before-and-after complexity comparison.,"Working from the more complicated side avoids replacing a simple target with a larger expression. Sometimes both sides may be transformed independently to the same third expression, but the logic must remain clear."
P10.4-V1,P10.4,P10,1,Geometric derivation using rotated vectors.,The formulas preserve both magnitude and sign interactions; they are not obtained by distributing sine or cosine across addition.
P10.4-V2,P10.4,P10,2,Exact-angle decomposition map.,The formulas preserve both magnitude and sign interactions; they are not obtained by distributing sine or cosine across addition.
P10.4-V3,P10.4,P10,3,Signal phase-combination diagram.,The formulas preserve both magnitude and sign interactions; they are not obtained by distributing sine or cosine across addition.
P10.5-V1,P10.5,P10,1,Double-angle derivation from sum formulas.,Different cosine forms are useful depending on which function must be eliminated.
P10.5-V2,P10.5,P10,2,Three-form cosine identity selector.,Different cosine forms are useful depending on which function must be eliminated.
P10.5-V3,P10.5,P10,3,Unit-circle angle-doubling geometry.,Different cosine forms are useful depending on which function must be eliminated.
P10.6-V1,P10.6,P10,1,Half-angle location map.,"Power reduction is especially useful when squared functions must be compared, averaged, or later integrated."
P10.6-V2,P10.6,P10,2,Power-reduction derivation.,"Power reduction is especially useful when squared functions must be compared, averaged, or later integrated."
P10.6-V3,P10.6,P10,3,Sign-choice error panel.,"Power reduction is especially useful when squared functions must be compared, averaged, or later integrated."
P10.7-V1,P10.7,P10,1,Identity derivation grid.,"The two forms emphasize different structure: sums show component frequencies, while products reveal amplitude envelopes and zeros."
P10.7-V2,P10.7,P10,2,Wave addition and envelope visualization.,"The two forms emphasize different structure: sums show component frequencies, while products reveal amplitude envelopes and zeros."
P10.7-V3,P10.7,P10,3,Product-sum conversion map.,"The two forms emphasize different structure: sums show component frequencies, while products reveal amplitude envelopes and zeros."
P10.8-V1,P10.8,P10,1,Equation-to-one-function conversion.,"The solution process remains two-stage: solve an algebraic condition in function values, then solve the resulting basic trig equations over the required interval or over all reals."
P10.8-V2,P10.8,P10,2,Factor-and-zero-product path.,"The solution process remains two-stage: solve an algebraic condition in function values, then solve the resulting basic trig equations over the required interval or over all reals."
P10.8-V3,P10.8,P10,3,Domain filter for reciprocal functions.,"The solution process remains two-stage: solve an algebraic condition in function values, then solve the resulting basic trig equations over the required interval or over all reals."
P10.9-V1,P10.9,P10,1,Trig-function substitution pipeline.,"After filtering, each accepted function value generates one or more periodic angle families."
P10.9-V2,P10.9,P10,2,"Allowed-value filter [-1,1] for sine/cosine.","After filtering, each accepted function value generates one or more periodic angle families."
P10.9-V3,P10.9,P10,3,Algebraic roots mapped to periodic angles.,"After filtering, each accepted function value generates one or more periodic angle families."
P10.10-V1,P10.10,P10,1,Angle-multiplication solution map.,"This interval expansion explains why sin(3x)=k can have six solutions on [0,2pi) even though sin u=k has only two per u-period."
P10.10-V2,P10.10,P10,2,Expanded interval for nx before dividing.,"This interval expansion explains why sin(3x)=k can have six solutions on [0,2pi) even though sin u=k has only two per u-period."
P10.10-V3,P10.10,P10,3,Common error panel showing lost periodic branches.,"This interval expansion explains why sin(3x)=k can have six solutions on [0,2pi) even though sin u=k has only two per u-period."
P10.11-V1,P10.11,P10,1,General-solution families on an infinite number line.,"To extract solutions on an interval, solve inequalities for the integer parameter or generate nearby values systematically. Closed endpoints must be checked for duplicate coterminal representations."
P10.11-V2,P10.11,P10,2,Unit-circle branch-to-family map.,"To extract solutions on an interval, solve inequalities for the integer parameter or generate nearby values systematically. Closed endpoints must be checked for duplicate coterminal representations."
P10.11-V3,P10.11,P10,3,Endpoint inclusion and duplicate control.,"To extract solutions on an interval, solve inequalities for the integer parameter or generate nearby values systematically. Closed endpoints must be checked for duplicate coterminal representations."
P10.12-V1,P10.12,P10,1,Graph intersections with bracketed roots.,"A numerical answer should include units, angle mode, interval, precision, and a residual or substitution check."
P10.12-V2,P10.12,P10,2,Residual table at numerical solutions.,"A numerical answer should include units, angle mode, interval, precision, and a residual or substitution check."
P10.12-V3,P10.12,P10,3,Calculator mode error comparison.,"A numerical answer should include units, angle mode, interval, precision, and a residual or substitution check."
P11.1-V1,P11.1,P11,1,Similar right triangles with equal acute angle.,"A triangle problem is determined by enough independent side and angle information, together with the right angle."
P11.1-V2,P11.1,P11,2,Unit-circle triangle scaled by hypotenuse.,"A triangle problem is determined by enough independent side and angle information, together with the right angle."
P11.1-V3,P11.1,P11,3,Opposite-adjacent-hypotenuse role diagram.,"A triangle problem is determined by enough independent side and angle information, together with the right angle."
P11.2-V1,P11.2,P11,1,Accurate angle-of-elevation diagram.,"Instrument height, ground slope, observer position, and line of sight may create offsets that must be added after the triangle calculation."
P11.2-V2,P11.2,P11,2,Parallel horizontal lines showing equal alternate angles.,"Instrument height, ground slope, observer position, and line of sight may create offsets that must be added after the triangle calculation."
P11.2-V3,P11.2,P11,3,Measurement-error comparison rays.,"Instrument height, ground slope, observer position, and line of sight may create offsets that must be added after the triangle calculation."
P11.3-V1,P11.3,P11,1,Altitude derivation in an oblique triangle.,The law is most direct for ASA and AAS data because the third angle is known and an opposite pair is available. SSA requires a separate ambiguity analysis.
P11.3-V2,P11.3,P11,2,Circumcircle interpretation.,The law is most direct for ASA and AAS data because the third angle is known and an opposite pair is available. SSA requires a separate ambiguity analysis.
P11.3-V3,P11.3,P11,3,Given-information case sorter.,The law is most direct for ASA and AAS data because the third angle is known and an opposite pair is available. SSA requires a separate ambiguity analysis.
P11.4-V1,P11.4,P11,1,SSA altitude-case explorer.,"Inverse sine returns only one principal angle. A second candidate 180 degrees-B may also satisfy the same sine value, but only if the full angle sum remains below 180 degrees."
P11.4-V2,P11.4,P11,2,Two possible triangles sharing data.,"Inverse sine returns only one principal angle. A second candidate 180 degrees-B may also satisfy the same sine value, but only if the full angle sum remains below 180 degrees."
P11.4-V3,P11.4,P11,3,Inverse-sine branch and angle-sum filter.,"Inverse sine returns only one principal angle. A second candidate 180 degrees-B may also satisfy the same sine value, but only if the full angle sum remains below 180 degrees."
P11.5-V1,P11.5,P11,1,Coordinate derivation.,"SAS data determine the opposite side; SSS data determine angles. For SSS, finding the largest angle first provides a useful validity and rounding check."
P11.5-V2,P11.5,P11,2,SAS and SSS case diagrams.,"SAS data determine the opposite side; SSS data determine angles. For SSS, finding the largest angle first provides a useful validity and rounding check."
P11.5-V3,P11.5,P11,3,Pythagorean special-case overlay.,"SAS data determine the opposite side; SSS data determine angles. For SSS, finding the largest angle first provides a useful validity and rounding check."
P11.6-V1,P11.6,P11,1,Altitude derivation.,"The sine formula reveals that two different included angles with the same sine can produce the same area, subject to triangle validity."
P11.6-V2,P11.6,P11,2,Area-formula selection chart.,"The sine formula reveals that two different included angles with the same sine can produce the same area, subject to triangle validity."
P11.6-V3,P11.6,P11,3,Thin-triangle numerical sensitivity diagram.,"The sine formula reveals that two different included angles with the same sine can produce the same area, subject to triangle validity."
P11.7-V1,P11.7,P11,1,Bearing compass with all conventions.,Quadrant bearings such as N35E specify an acute angle measured from a named north-south ray toward east or west.
P11.7-V2,P11.7,P11,2,Two-leg route and resultant.,Quadrant bearings such as N35E specify an acute angle measured from a named north-south ray toward east or west.
P11.7-V3,P11.7,P11,3,Component table with east/north signs.,Quadrant bearings such as N35E specify an acute angle measured from a named north-south ray toward east or west.
P11.8-V1,P11.8,P11,1,Head-to-tail and parallelogram addition.,"A vector of magnitude M at standard angle theta has components <M cos theta,M sin theta>. Recover magnitude with the distance formula and direction with quadrant-aware inverse tangent."
P11.8-V2,P11.8,P11,2,Component projections.,"A vector of magnitude M at standard angle theta has components <M cos theta,M sin theta>. Recover magnitude with the distance formula and direction with quadrant-aware inverse tangent."
P11.8-V3,P11.8,P11,3,Point-versus-vector distinction.,"A vector of magnitude M at standard angle theta has components <M cos theta,M sin theta>. Recover magnitude with the distance formula and direction with quadrant-aware inverse tangent."
P11.9-V1,P11.9,P11,1,Vector scaling gallery.,Resolving a vector along chosen directions decomposes one effect into components that sum to the original vector.
P11.9-V2,P11.9,P11,2,Normalization to unit circle.,Resolving a vector along chosen directions decomposes one effect into components that sum to the original vector.
P11.9-V3,P11.9,P11,3,Parallel/perpendicular component decomposition.,Resolving a vector along chosen directions decomposes one effect into components that sum to the original vector.
P11.10-V1,P11.10,P11,1,Dot product as aligned component sum.,"Projection measures the part of one vector aligned with another. The scalar projection is u·v/||v||, and the vector projection is (u·v/||v||^2)v."
P11.10-V2,P11.10,P11,2,Projection shadow diagram.,"Projection measures the part of one vector aligned with another. The scalar projection is u·v/||v||, and the vector projection is (u·v/||v||^2)v."
P11.10-V3,P11.10,P11,3,Angle and orthogonality comparison.,"Projection measures the part of one vector aligned with another. The scalar projection is u·v/||v||, and the vector projection is (u·v/||v||^2)v."
P12.1-V1,P12.1,P12,1,Distance locus animation.,"Completing squares converts general quadratic expressions into center-radius form and reveals whether the relation is a circle, a point, or an empty set."
P12.1-V2,P12.1,P12,2,Center-radius equation diagram.,"Completing squares converts general quadratic expressions into center-radius form and reveals whether the relation is a circle, a point, or an empty set."
P12.1-V3,P12.1,P12,3,General-form completion-of-squares panel.,"Completing squares converts general quadratic expressions into center-radius form and reveals whether the relation is a circle, a point, or an empty set."
P12.2-V1,P12.2,P12,1,Focus-directrix distance construction.,The sign of p determines opening direction. The focus and directrix are equally distant from the vertex on opposite sides.
P12.2-V2,P12.2,P12,2,Vertical and horizontal standard forms.,The sign of p determines opening direction. The focus and directrix are equally distant from the vertex on opposite sides.
P12.2-V3,P12.2,P12,3,Reflective-ray property diagram.,The sign of p determines opening direction. The focus and directrix are equally distant from the vertex on opposite sides.
P12.3-V1,P12.3,P12,1,String-and-pins ellipse locus.,"The circle is the special case c=0 and a=b. As c approaches a, the ellipse becomes more elongated."
P12.3-V2,P12.3,P12,2,Axis/focus parameter map.,"The circle is the special case c=0 and a=b. As c approaches a, the ellipse becomes more elongated."
P12.3-V3,P12.3,P12,3,Circle-to-ellipse comparison.,"The circle is the special case c=0 and a=b. As c approaches a, the ellipse becomes more elongated."
P12.4-V1,P12.4,P12,1,Constant-difference locus.,Asymptotes pass through the center and follow the diagonals of the fundamental rectangle with semiaxes a and b.
P12.4-V2,P12.4,P12,2,Fundamental rectangle and asymptotes.,Asymptotes pass through the center and follow the diagonals of the fundamental rectangle with semiaxes a and b.
P12.4-V3,P12.4,P12,3,Horizontal-versus-vertical form comparison.,Asymptotes pass through the center and follow the diagonals of the fundamental rectangle with semiaxes a and b.
P12.5-V1,P12.5,P12,1,Two-variable completion ledger.,Both variable groups and the equation’s right side must remain balanced. The final constant determines scale and may reveal a degenerate or empty relation.
P12.5-V2,P12.5,P12,2,Geometric square-completion blocks.,Both variable groups and the equation’s right side must remain balanced. The final constant determines scale and may reveal a degenerate or empty relation.
P12.5-V3,P12.5,P12,3,General-to-standard transformation.,Both variable groups and the equation’s right side must remain balanced. The final constant determines scale and may reveal a degenerate or empty relation.
P12.6-V1,P12.6,P12,1,Classification decision matrix.,Completing squares provides center or vertex translations. Dividing by the final constant normalizes the equation to standard form.
P12.6-V2,P12.6,P12,2,Translated coordinate axes.,Completing squares provides center or vertex translations. Dividing by the final constant normalizes the equation to standard form.
P12.6-V3,P12.6,P12,3,Coefficient-sign comparison.,Completing squares provides center or vertex translations. Dividing by the final constant normalizes the equation to standard form.
P12.7-V1,P12.7,P12,1,Degenerate conic gallery.,A circle form with squared radius zero gives one point; a negative squared radius gives no real points. Similar threshold behavior occurs in ellipses and hyperbolas.
P12.7-V2,P12.7,P12,2,Parameter threshold from ordinary to degenerate.,A circle form with squared radius zero gives one point; a negative squared radius gives no real points. Similar threshold behavior occurs in ellipses and hyperbolas.
P12.7-V3,P12.7,P12,3,Algebraic factorization of line pairs.,A circle form with squared radius zero gives one point; a negative squared radius gives no real points. Similar threshold behavior occurs in ellipses and hyperbolas.
P12.8-V1,P12.8,P12,1,Focus-directrix ratio construction.,"For standard ellipses and hyperbolas, e=c/a. Increasing e stretches an ellipse toward a parabola and opens a hyperbola more strongly relative to its vertex distance."
P12.8-V2,P12.8,P12,2,Eccentricity family morph.,"For standard ellipses and hyperbolas, e=c/a. Increasing e stretches an ellipse toward a parabola and opens a hyperbola more strongly relative to its vertex distance."
P12.8-V3,P12.8,P12,3,Parameter ranges by conic type.,"For standard ellipses and hyperbolas, e=c/a. Increasing e stretches an ellipse toward a parabola and opens a hyperbola more strongly relative to its vertex distance."
P12.9-V1,P12.9,P12,1,Conic intersection gallery.,"The resulting polynomial degree predicts possible intersection counts. Repeated roots often indicate tangency, while nonreal roots indicate no real intersection."
P12.9-V2,P12.9,P12,2,Subtract-to-eliminate squared terms.,"The resulting polynomial degree predicts possible intersection counts. Repeated roots often indicate tangency, while nonreal roots indicate no real intersection."
P12.9-V3,P12.9,P12,3,Tangency and multiplicity comparison.,"The resulting polynomial degree predicts possible intersection counts. Repeated roots often indicate tangency, while nonreal roots indicate no real intersection."
P12.10-V1,P12.10,P12,1,Parabolic reflector ray diagram.,"Real structures approximate ideal conics over selected regions. Materials, loading, thickness, measurement error, and three-dimensional effects limit the model."
P12.10-V2,P12.10,P12,2,Ellipse focal reflection.,"Real structures approximate ideal conics over selected regions. Materials, loading, thickness, measurement error, and three-dimensional effects limit the model."
P12.10-V3,P12.10,P12,3,Model-versus-measured-structure residual overlay.,"Real structures approximate ideal conics over selected regions. Materials, loading, thickness, measurement error, and three-dimensional effects limit the model."
P13.1-V1,P13.1,P13,1,Parametric tracer with moving point.,A table of t-values reveals ordered positions. Arrows on the curve preserve orientation information that is absent from an ordinary Cartesian equation.
P13.1-V2,P13.1,P13,2,"Same curve, opposite orientation.",A table of t-values reveals ordered positions. Arrows on the curve preserve orientation information that is absent from an ordinary Cartesian equation.
P13.1-V3,P13.1,P13,3,Parameter table linked to coordinates.,A table of t-values reveals ordered positions. Arrows on the curve preserve orientation information that is absent from an ordinary Cartesian equation.
P13.2-V1,P13.2,P13,1,Elimination workflow.,"The Cartesian equation may describe more points than the chosen parameter interval traces, and it usually loses orientation and timing."
P13.2-V2,P13.2,P13,2,Restricted parametric segment versus full Cartesian curve.,"The Cartesian equation may describe more points than the chosen parameter interval traces, and it usually loses orientation and timing."
P13.2-V3,P13.2,P13,3,Orientation information lost after elimination.,"The Cartesian equation may describe more points than the chosen parameter interval traces, and it usually loses orientation and timing."
P13.3-V1,P13.3,P13,1,Position-vector motion plot.,"Component changes can be interpreted separately, but the vector preserves direction and combined magnitude."
P13.3-V2,P13.3,P13,2,Displacement chord versus traveled path.,"Component changes can be interpreted separately, but the vector preserves direction and combined magnitude."
P13.3-V3,P13.3,P13,3,Time-stamped coordinate table.,"Component changes can be interpreted separately, but the vector preserves direction and combined magnitude."
P13.4-V1,P13.4,P13,1,Self-intersection tracer.,"Finding repeated points requires solving x(t1)=x(t2) and y(t1)=y(t2), or solving the coordinate equations for all parameter values that produce a given point."
P13.4-V2,P13.4,P13,2,Two moving curves with time labels.,"Finding repeated points requires solving x(t1)=x(t2) and y(t1)=y(t2), or solving the coordinate equations for all parameter values that produce a given point."
P13.4-V3,P13.4,P13,3,Repeated parameter-to-point mapping.,"Finding repeated points requires solving x(t1)=x(t2) and y(t1)=y(t2), or solving the coordinate equations for all parameter values that produce a given point."
P13.5-V1,P13.5,P13,1,Polar ray and signed radius.,Polar coordinates are therefore nonunique. The same point has infinitely many representations.
P13.5-V2,P13.5,P13,2,Multiple coordinate labels on one point.,Polar coordinates are therefore nonunique. The same point has infinitely many representations.
P13.5-V3,P13.5,P13,3,Cartesian-polar overlay.,Polar coordinates are therefore nonunique. The same point has infinitely many representations.
P13.6-V1,P13.6,P13,1,Conversion triangle.,"For points, compute r as nonnegative distance and choose theta with the correct quadrant. For equations, substitute identities and simplify without dividing by a variable unless its zero case is handled."
P13.6-V2,P13.6,P13,2,Quadrant-aware angle selection.,"For points, compute r as nonnegative distance and choose theta with the correct quadrant. For equations, substitute identities and simplify without dividing by a variable unless its zero case is handled."
P13.6-V3,P13.6,P13,3,Equation conversion map.,"For points, compute r as nonnegative distance and choose theta with the correct quadrant. For equations, substitute identities and simplify without dividing by a variable unless its zero case is handled."
P13.7-V1,P13.7,P13,1,Polar table linked to plot.,"Key angles, zeros, maxima, minima, and symmetry provide the skeleton of the curve. Arrows indicate tracing order."
P13.7-V2,P13.7,P13,2,Signed-radius animation.,"Key angles, zeros, maxima, minima, and symmetry provide the skeleton of the curve. Arrows indicate tracing order."
P13.7-V3,P13.7,P13,3,One-cycle tracing arrows.,"Key angles, zeros, maxima, minima, and symmetry provide the skeleton of the curve. Arrows indicate tracing order."
P13.8-V1,P13.8,P13,1,Symmetry substitution checklist.,"Because polar representations are nonunique, an equation can be symmetric even when a substituted form does not simplify literally to the original."
P13.8-V2,P13.8,P13,2,Repeated-trace overlay.,"Because polar representations are nonunique, an equation can be symmetric even when a substituted form does not simplify literally to the original."
P13.8-V3,P13.8,P13,3,Minimal-interval number line.,"Because polar representations are nonunique, an equation can be symmetric even when a substituted form does not simplify literally to the original."
P13.9-V1,P13.9,P13,1,Parameter-family gallery.,Polar conics with a focus at the pole can be written using eccentricity and a directrix parameter.
P13.9-V2,P13.9,P13,2,Rose petal count mechanism.,Polar conics with a focus at the pole can be written using eccentricity and a directrix parameter.
P13.9-V3,P13.9,P13,3,Polar conic focus-directrix diagram.,Polar conics with a focus at the pole can be written using eccentricity and a directrix parameter.
P13.10-V1,P13.10,P13,1,Complex plane with modulus and argument.,"Rectangular form is best for addition, while polar form reveals multiplication, division, powers, and roots."
P13.10-V2,P13.10,P13,2,Rectangular-polar conversion triangle.,"Rectangular form is best for addition, while polar form reveals multiplication, division, powers, and roots."
P13.10-V3,P13.10,P13,3,Conjugate reflection across real axis.,"Rectangular form is best for addition, while polar form reveals multiplication, division, powers, and roots."
P13.11-V1,P13.11,P13,1,Complex multiplication as rotation and dilation.,De Moivre’s theorem raises the modulus to a power and multiplies the argument by that power.
P13.11-V2,P13.11,P13,2,Argument addition on the complex plane.,De Moivre’s theorem raises the modulus to a power and multiplies the argument by that power.
P13.11-V3,P13.11,P13,3,De Moivre power polygon.,De Moivre’s theorem raises the modulus to a power and multiplies the argument by that power.
P13.12-V1,P13.12,P13,1,Root circle with equally spaced points.,The 2pi k term is essential because the same target number has infinitely many arguments before division by n.
P13.12-V2,P13.12,P13,2,Argument-division and 2pi k mechanism.,The 2pi k term is essential because the same target number has infinitely many arguments before division by n.
P13.12-V3,P13.12,P13,3,Root verification by De Moivre.,The 2pi k term is essential because the same target number has infinitely many arguments before division by n.
P14.1-V1,P14.1,P14,1,Discrete stem plot.,"A formula, table, recurrence, graph, or verbal process may describe the same sequence."
P14.1-V2,P14.1,P14,2,Index-value mapping.,"A formula, table, recurrence, graph, or verbal process may describe the same sequence."
P14.1-V3,P14.1,P14,3,Connected-curve error panel.,"A formula, table, recurrence, graph, or verbal process may describe the same sequence."
P14.2-V1,P14.2,P14,1,Explicit-recursive conversion flow.,An initial condition is essential because the same recurrence can generate infinitely many sequences from different starting values.
P14.2-V2,P14.2,P14,2,Recurrence iteration tree.,An initial condition is essential because the same recurrence can generate infinitely many sequences from different starting values.
P14.2-V3,P14.2,P14,3,Same sequence in four representations.,An initial condition is essential because the same recurrence can generate infinitely many sequences from different starting values.
P14.3-V1,P14.3,P14,1,Equal-spacing number-line terms.,"Differences, slope, and term index are different representations of the same additive structure."
P14.3-V2,P14.3,P14,2,Sampled linear graph.,"Differences, slope, and term index are different representations of the same additive structure."
P14.3-V3,P14.3,P14,3,Index-offset n-1 derivation.,"Differences, slope, and term index are different representations of the same additive structure."
P14.4-V1,P14.4,P14,1,Multiplicative term bars.,"Ratios may be positive, negative, fractional, or greater than one, creating growth, decay, or alternating signs."
P14.4-V2,P14.4,P14,2,Sampled exponential graph.,"Ratios may be positive, negative, fractional, or greater than one, creating growth, decay, or alternating signs."
P14.4-V3,P14.4,P14,3,Alternating-sign geometric sequence.,"Ratios may be positive, negative, fractional, or greater than one, creating growth, decay, or alternating signs."
P14.5-V1,P14.5,P14,1,Cobweb-style iteration diagram.,"Some recurrences converge, diverge, oscillate, or enter cycles. The term graph and a cobweb diagram reveal different aspects of the process."
P14.5-V2,P14.5,P14,2,Term plot approaching a fixed point.,"Some recurrences converge, diverge, oscillate, or enter cycles. The term graph and a cobweb diagram reveal different aspects of the process."
P14.5-V3,P14.5,P14,3,Stable versus unstable recurrence comparison.,"Some recurrences converge, diverge, oscillate, or enter cycles. The term graph and a cobweb diagram reveal different aspects of the process."
P14.6-V1,P14.6,P14,1,Sigma anatomy diagram.,Inclusive integer bounds produce upper-lower+1 terms. Index shifts can align a sum with a known formula or sequence.
P14.6-V2,P14.6,P14,2,Index-shift alignment.,Inclusive integer bounds produce upper-lower+1 terms. Index shifts can align a sum with a known formula or sequence.
P14.6-V3,P14.6,P14,3,Term-count number line.,Inclusive integer bounds produce upper-lower+1 terms. Index shifts can align a sum with a known formula or sequence.
P14.7-V1,P14.7,P14,1,Forward-reverse pairing.,"The formula is also n times the average of the endpoints, which matches the average value of a linear sequence."
P14.7-V2,P14.7,P14,2,Constant pair-sum rectangles.,"The formula is also n times the average of the endpoints, which matches the average value of a linear sequence."
P14.7-V3,P14.7,P14,3,Arithmetic sequence and accumulated-sum graph.,"The formula is also n times the average of the endpoints, which matches the average value of a linear sequence."
P14.8-V1,P14.8,P14,1,Shift-and-subtract derivation.,The alternative form a_1(r^n-1)/(r-1) is algebraically equivalent and may avoid nested negatives when r>1.
P14.8-V2,P14.8,P14,2,Geometric block bars.,The alternative form a_1(r^n-1)/(r-1) is algebraically equivalent and may avoid nested negatives when r>1.
P14.8-V3,P14.8,P14,3,Term versus partial-sum plots.,The alternative form a_1(r^n-1)/(r-1) is algebraically equivalent and may avoid nested negatives when r>1.
P14.9-V1,P14.9,P14,1,Term bars and partial-sum line.,"The term sequence and partial-sum sequence are different objects. Terms may approach zero without guaranteeing convergence for a general series, though the geometric case is completely classified by r."
P14.9-V2,P14.9,P14,2,Convergent-limit asymptote.,"The term sequence and partial-sum sequence are different objects. Terms may approach zero without guaranteeing convergence for a general series, though the geometric case is completely classified by r."
P14.9-V3,P14.9,P14,3,"Positive, negative, and divergent ratio comparison.","The term sequence and partial-sum sequence are different objects. Terms may approach zero without guaranteeing convergence for a general series, though the geometric case is completely classified by r."
P14.10-V1,P14.10,P14,1,Domino-chain logic.,The method does not verify examples one by one; it proves a mechanism that carries truth forward indefinitely.
P14.10-V2,P14.10,P14,2,Base-hypothesis-step template.,The method does not verify examples one by one; it proves a mechanism that carries truth forward indefinitely.
P14.10-V3,P14.10,P14,3,Invalid circular induction comparison.,The method does not verify examples one by one; it proves a mechanism that carries truth forward indefinitely.
P14.11-V1,P14.11,P14,1,Pascal triangle construction.,"Symmetry C(n,k)=C(n,n-k) follows from choosing a subset or choosing its complement."
P14.11-V2,P14.11,P14,2,Combination-selection interpretation.,"Symmetry C(n,k)=C(n,n-k) follows from choosing a subset or choosing its complement."
P14.11-V3,P14.11,P14,3,Row-to-binomial coefficient mapping.,"Symmetry C(n,k)=C(n,n-k) follows from choosing a subset or choosing its complement."
P14.12-V1,P14.12,P14,1,Binomial term anatomy.,A specified term can be found directly without expanding the entire polynomial.
P14.12-V2,P14.12,P14,2,Coefficient-power balance diagram.,A specified term can be found directly without expanding the entire polynomial.
P14.12-V3,P14.12,P14,3,Discrete model classification map.,A specified term can be found directly without expanding the entire polynomial.
P15.1-V1,P15.1,P15,1,Cross-family feature matrix.,"A formula may combine families, and a graph may be piecewise, parametric, polar, or discrete rather than one ordinary elementary function."
P15.1-V2,P15.1,P15,2,Unknown graph evidence board.,"A formula may combine families, and a graph may be piecewise, parametric, polar, or discrete rather than one ordinary elementary function."
P15.1-V3,P15.1,P15,3,Competing-family elimination tree.,"A formula may combine families, and a graph may be piecewise, parametric, polar, or discrete rather than one ordinary elementary function."
P15.2-V1,P15.2,P15,1,Competing fits and extrapolation.,Two models can fit the observed interval similarly while producing radically different extrapolations.
P15.2-V2,P15.2,P15,2,Residual-pattern comparison.,Two models can fit the observed interval similarly while producing radically different extrapolations.
P15.2-V3,P15.2,P15,3,Parameter plausibility checklist.,Two models can fit the observed interval similarly while producing radically different extrapolations.
P15.3-V1,P15.3,P15,1,Secants across multiple families.,"Units are output units per input unit, and the secant line gives the graphical interpretation."
P15.3-V2,P15.3,P15,2,Rate units ladder.,"Units are output units per input unit, and the secant line gives the graphical interpretation."
P15.3-V3,P15.3,P15,3,"Same average, different interior paths.","Units are output units per input unit, and the secant line gives the graphical interpretation."
P15.4-V1,P15.4,P15,1,Two-point secant geometry.,Polynomial quotients use expansion and factoring; rational quotients use common denominators; radical quotients often use conjugates.
P15.4-V2,P15.4,P15,2,Algebraic cancellation mechanism.,Polynomial quotients use expansion and factoring; rational quotients use common denominators; radical quotients often use conjugates.
P15.4-V3,P15.4,P15,3,h approaching zero without equaling zero.,Polynomial quotients use expansion and factoring; rational quotients use common denominators; radical quotients often use conjugates.
P15.5-V1,P15.5,P15,1,Dynamic secant approaching tangent.,"Left and right approaches can disagree at corners, while slopes can grow without bound near vertical tangents."
P15.5-V2,P15.5,P15,2,Left/right slope table.,"Left and right approaches can disagree at corners, while slopes can grow without bound near vertical tangents."
P15.5-V3,P15.5,P15,3,Corner and vertical tangent comparison.,"Left and right approaches can disagree at corners, while slopes can grow without bound near vertical tangents."
P15.6-V1,P15.6,P15,1,Progressive graph zoom.,"Corners, cusps, discontinuities, and violent oscillation can defeat a single local line."
P15.6-V2,P15.6,P15,2,Function and local line overlay.,"Corners, cusps, discontinuities, and violent oscillation can defeat a single local line."
P15.6-V3,P15.6,P15,3,Smooth versus corner/cusp/discontinuity gallery.,"Corners, cusps, discontinuities, and violent oscillation can defeat a single local line."
P15.7-V1,P15.7,P15,1,Approach arrows toward a hole.,"Factoring and cancellation can reveal the behavior near a removable hole, while conjugates or common denominators can remove other indeterminate forms."
P15.7-V2,P15.7,P15,2,One-sided jump comparison.,"Factoring and cancellation can reveal the behavior near a removable hole, while conjugates or common denominators can remove other indeterminate forms."
P15.7-V3,P15.7,P15,3,Table values approaching a target.,"Factoring and cancellation can reveal the behavior near a removable hole, while conjugates or common denominators can remove other indeterminate forms."
P15.8-V1,P15.8,P15,1,Continuity three-condition checklist.,"At domain endpoints, one-sided continuity is the relevant concept."
P15.8-V2,P15.8,P15,2,Discontinuity gallery.,"At domain endpoints, one-sided continuity is the relevant concept."
P15.8-V3,P15.8,P15,3,Piecewise boundary repair.,"At domain endpoints, one-sided continuity is the relevant concept."
P15.9-V1,P15.9,P15,1,Cross-family end-behavior chart.,Vertical asymptotes concern input approaching a finite excluded value; horizontal or polynomial asymptotes concern large input behavior.
P15.9-V2,P15.9,P15,2,Vertical versus horizontal approach.,Vertical asymptotes concern input approaching a finite excluded value; horizontal or polynomial asymptotes concern large input behavior.
P15.9-V3,P15.9,P15,3,Oscillation-without-limit panel.,Vertical asymptotes concern input approaching a finite excluded value; horizontal or polynomial asymptotes concern large input behavior.
P15.10-V1,P15.10,P15,1,Bisection interval tree.,"Sensitivity asks how input, parameter, or rounding changes affect the output. Some models amplify small errors dramatically."
P15.10-V2,P15.10,P15,2,Parameter sensitivity curves.,"Sensitivity asks how input, parameter, or rounding changes affect the output. Some models amplify small errors dramatically."
P15.10-V3,P15.10,P15,3,Rounding-error accumulation table.,"Sensitivity asks how input, parameter, or rounding changes affect the output. Some models amplify small errors dramatically."
P15.11-V1,P15.11,P15,1,Rate graph with rectangles.,"Narrower intervals can improve an estimate when the rate varies, motivating the limiting process behind the definite integral."
P15.11-V2,P15.11,P15,2,Signed area and net change.,"Narrower intervals can improve an estimate when the rate varies, motivating the limiting process behind the definite integral."
P15.11-V3,P15.11,P15,3,Refinement with narrower intervals.,"Narrower intervals can improve an estimate when the rate varies, motivating the limiting process behind the definite integral."
P15.12-V1,P15.12,P15,1,Course concept dependency map.,"A complete analysis includes classification, domain, representations, exact and numerical methods, validation, interpretation, and limitations."
P15.12-V2,P15.12,P15,2,Multirepresentation data dashboard.,"A complete analysis includes classification, domain, representations, exact and numerical methods, validation, interpretation, and limitations."
P15.12-V3,P15.12,P15,3,Method-selection and verification checklist.,"A complete analysis includes classification, domain, representations, exact and numerical methods, validation, interpretation, and limitations."
