source_article,source_role,candidate_lesson,candidate_role,score,shared_primary_concept,shared_secondary_concepts,shared_skills,search_intent_similarity,main_content_similarity,current_link_exists,current_link_location,recommended_relationship,recommended_placement,reasoning,confidence
"/answers/calculus/integral-of-sec-cubed/","answer","/subjects/math/calculus/sequences-and-series/integral-test/","textbook-lesson","8","integral","","","0.333","0.333","false","","PRIMARY_CONTEXTUAL_CANDIDATE","After the concise explanation or worked example","Heuristic score combines concept match (true), lexical similarity (0.33), and complementary roles.","high-confidence-inferred"
"/answers/calculus/integral-of-sec-cubed/","answer","/subjects/math/calculus/integrals/indefinite-integrals-and-c/","textbook-lesson","8","integral","","","0.313","0.313","false","","PRIMARY_CONTEXTUAL_CANDIDATE","After the concise explanation or worked example","Heuristic score combines concept match (true), lexical similarity (0.31), and complementary roles.","high-confidence-inferred"
"/answers/calculus/integral-of-sec-cubed/","answer","/subjects/math/calculus/integrals/net-change-theorem/","textbook-lesson","8","integral","","","0.286","0.286","false","","PRIMARY_CONTEXTUAL_CANDIDATE","After the concise explanation or worked example","Heuristic score combines concept match (true), lexical similarity (0.29), and complementary roles.","high-confidence-inferred"
"/learn/calculus/integration-by-parts/","method-guide","/subjects/math/calculus/integrals/integration-by-parts/","textbook-lesson","8","integration-by-parts","","","0.333","0.333","false","","PRIMARY_CONTEXTUAL_CANDIDATE","After the concise explanation or worked example","Heuristic score combines concept match (true), lexical similarity (0.33), and complementary roles.","high-confidence-inferred"
"/learn/calculus/integration-by-parts/","method-guide","/subjects/math/calculus/integrals/indefinite-integrals-and-c/","textbook-lesson","4","","","","0.250","0.250","false","","SECONDARY_CANDIDATE","After the concise explanation or worked example","Heuristic score combines concept match (false), lexical similarity (0.25), and complementary roles.","medium-confidence-inferred"
"/learn/calculus/integration-by-parts/","method-guide","/subjects/math/calculus/sequences-and-series/harmonic-and-p-series/","textbook-lesson","4","","","","0.222","0.222","false","","SECONDARY_CANDIDATE","After the concise explanation or worked example","Heuristic score combines concept match (false), lexical similarity (0.22), and complementary roles.","medium-confidence-inferred"
"/subjects/math/algebra/expressions-equations/","quick-answer","/subjects/math/calculus/power-series-and-taylor-series/algebra-with-power-series/","textbook-lesson","4","","","","0.250","0.250","false","","SECONDARY_CANDIDATE","After the concise explanation or worked example","Heuristic score combines concept match (false), lexical similarity (0.25), and complementary roles.","medium-confidence-inferred"
"/subjects/math/algebra/expressions-equations/","quick-answer","/subjects/math/calculus/derivatives/implicit-second-derivative/","textbook-lesson","4","","","","0.231","0.231","false","","SECONDARY_CANDIDATE","After the concise explanation or worked example","Heuristic score combines concept match (false), lexical similarity (0.23), and complementary roles.","medium-confidence-inferred"
"/subjects/math/algebra/expressions-equations/","quick-answer","/subjects/math/calculus/limits-continuity/unit/continuity/continuity-concept-quiz/","textbook-lesson","4","","","","0.222","0.222","false","","SECONDARY_CANDIDATE","After the concise explanation or worked example","Heuristic score combines concept match (false), lexical similarity (0.22), and complementary roles.","medium-confidence-inferred"
"/subjects/math/algebra/expressions-equations/combining-like-terms/","method-guide","/subjects/math/calculus/derivatives/combined-rules/","textbook-lesson","4","","","","0.158","0.158","false","","SECONDARY_CANDIDATE","After the concise explanation or worked example","Heuristic score combines concept match (false), lexical similarity (0.16), and complementary roles.","medium-confidence-inferred"
"/subjects/math/algebra/expressions-equations/combining-like-terms/","method-guide","/subjects/math/calculus/derivatives/difference-quotient-algebra/","textbook-lesson","4","","","","0.158","0.158","false","","SECONDARY_CANDIDATE","After the concise explanation or worked example","Heuristic score combines concept match (false), lexical similarity (0.16), and complementary roles.","medium-confidence-inferred"
"/subjects/math/algebra/expressions-equations/combining-like-terms/","method-guide","/subjects/math/calculus/limits-continuity/unit/continuity/continuity-concept-quiz/","textbook-lesson","3","","","","0.143","0.143","false","","MANUAL_REVIEW","After the concise explanation or worked example","Heuristic score combines concept match (false), lexical similarity (0.14), and complementary roles.","low-confidence-inferred"
"/subjects/math/algebra/expressions-equations/distributive-property/","method-guide","/subjects/math/calculus/sequences-and-series/nth-term-divergence-test/","textbook-lesson","4","","","","0.222","0.222","false","","SECONDARY_CANDIDATE","After the concise explanation or worked example","Heuristic score combines concept match (false), lexical similarity (0.22), and complementary roles.","medium-confidence-inferred"
"/subjects/math/algebra/expressions-equations/distributive-property/","method-guide","/subjects/math/calculus/limits-continuity/unit/limits/squeeze-theorem/","textbook-lesson","4","","","","0.214","0.214","false","","SECONDARY_CANDIDATE","After the concise explanation or worked example","Heuristic score combines concept match (false), lexical similarity (0.21), and complementary roles.","medium-confidence-inferred"
"/subjects/math/algebra/expressions-equations/distributive-property/","method-guide","/subjects/math/calculus/sequences-and-series/integral-test/","textbook-lesson","4","","","","0.200","0.200","false","","SECONDARY_CANDIDATE","After the concise explanation or worked example","Heuristic score combines concept match (false), lexical similarity (0.20), and complementary roles.","medium-confidence-inferred"
"/subjects/math/algebra/expressions-equations/evaluating-expressions-by-substitution/","method-guide","/subjects/math/calculus/limits-continuity/unit/limits/factoring-limits/","textbook-lesson","6","","","","0.400","0.400","false","","SECONDARY_CANDIDATE","After the concise explanation or worked example","Heuristic score combines concept match (false), lexical similarity (0.40), and complementary roles.","medium-confidence-inferred"
"/subjects/math/algebra/expressions-equations/evaluating-expressions-by-substitution/","method-guide","/subjects/math/calculus/integrals/definite-integrals-by-substitution/","textbook-lesson","4","","","","0.333","0.333","false","","SECONDARY_CANDIDATE","After the concise explanation or worked example","Heuristic score combines concept match (false), lexical similarity (0.33), and complementary roles.","medium-confidence-inferred"
"/subjects/math/algebra/expressions-equations/evaluating-expressions-by-substitution/","method-guide","/subjects/math/calculus/integrals/integration-by-parts/","textbook-lesson","4","","","","0.273","0.273","false","","SECONDARY_CANDIDATE","After the concise explanation or worked example","Heuristic score combines concept match (false), lexical similarity (0.27), and complementary roles.","medium-confidence-inferred"
"/subjects/math/algebra/expressions-equations/order-of-operations-with-variables/","method-guide","/subjects/math/calculus/limits-continuity/unit/continuity/types-of-discontinuity/","textbook-lesson","4","","","","0.214","0.214","false","","SECONDARY_CANDIDATE","After the concise explanation or worked example","Heuristic score combines concept match (false), lexical similarity (0.21), and complementary roles.","medium-confidence-inferred"
"/subjects/math/algebra/expressions-equations/order-of-operations-with-variables/","method-guide","/subjects/math/calculus/limits-continuity/unit/limits/complex-fractions/","textbook-lesson","4","","","","0.200","0.200","false","","SECONDARY_CANDIDATE","After the concise explanation or worked example","Heuristic score combines concept match (false), lexical similarity (0.20), and complementary roles.","medium-confidence-inferred"
"/subjects/math/algebra/expressions-equations/order-of-operations-with-variables/","method-guide","/subjects/math/calculus/limits-continuity/unit/limits/what-a-limit-means/","textbook-lesson","4","","","","0.200","0.200","false","","SECONDARY_CANDIDATE","After the concise explanation or worked example","Heuristic score combines concept match (false), lexical similarity (0.20), and complementary roles.","medium-confidence-inferred"
"/subjects/math/algebra/expressions-equations/solving-linear-equations/","decision-guide","/subjects/math/calculus/derivatives/advanced-implicit-function-theorem/","textbook-lesson","4","","","","0.250","0.250","false","","SECONDARY_CANDIDATE","After the concise explanation or worked example","Heuristic score combines concept match (false), lexical similarity (0.25), and complementary roles.","medium-confidence-inferred"
"/subjects/math/algebra/expressions-equations/solving-linear-equations/","decision-guide","/subjects/math/calculus/derivatives/advanced-chain-rule-linear-maps/","textbook-lesson","4","","","","0.238","0.238","false","","SECONDARY_CANDIDATE","After the concise explanation or worked example","Heuristic score combines concept match (false), lexical similarity (0.24), and complementary roles.","medium-confidence-inferred"
"/subjects/math/algebra/expressions-equations/solving-linear-equations/","decision-guide","/subjects/math/calculus/derivatives/chain-rule-map/","textbook-lesson","4","","","","0.238","0.238","false","","SECONDARY_CANDIDATE","After the concise explanation or worked example","Heuristic score combines concept match (false), lexical similarity (0.24), and complementary roles.","medium-confidence-inferred"
"/subjects/math/algebra/expressions-equations/variables-on-both-sides/","decision-guide","/subjects/math/calculus/limits-continuity/unit/limits/limit-laws/","textbook-lesson","4","","","","0.211","0.211","false","","SECONDARY_CANDIDATE","After the concise explanation or worked example","Heuristic score combines concept match (false), lexical similarity (0.21), and complementary roles.","medium-confidence-inferred"
"/subjects/math/algebra/expressions-equations/variables-on-both-sides/","decision-guide","/subjects/math/calculus/integrals/common-errors/","textbook-lesson","4","","","","0.190","0.190","false","","SECONDARY_CANDIDATE","After the concise explanation or worked example","Heuristic score combines concept match (false), lexical similarity (0.19), and complementary roles.","medium-confidence-inferred"
"/subjects/math/algebra/expressions-equations/variables-on-both-sides/","decision-guide","/subjects/math/calculus/derivatives/unit-2a-common-errors/","textbook-lesson","4","","","","0.182","0.182","false","","SECONDARY_CANDIDATE","After the concise explanation or worked example","Heuristic score combines concept match (false), lexical similarity (0.18), and complementary roles.","medium-confidence-inferred"
"/subjects/math/algebra/linear-relationships/","quick-answer","/subjects/math/calculus/limits-continuity/unit/limits/epsilon-delta-linear/","textbook-lesson","4","","","","0.250","0.250","false","","SECONDARY_CANDIDATE","After the concise explanation or worked example","Heuristic score combines concept match (false), lexical similarity (0.25), and complementary roles.","medium-confidence-inferred"
"/subjects/math/algebra/linear-relationships/","quick-answer","/subjects/math/calculus/power-series-and-taylor-series/algebra-with-power-series/","textbook-lesson","4","","","","0.250","0.250","false","","SECONDARY_CANDIDATE","After the concise explanation or worked example","Heuristic score combines concept match (false), lexical similarity (0.25), and complementary roles.","medium-confidence-inferred"
"/subjects/math/algebra/linear-relationships/","quick-answer","/subjects/math/calculus/limits-continuity/unit/continuity/continuity-concept-quiz/","textbook-lesson","4","","","","0.222","0.222","false","","SECONDARY_CANDIDATE","After the concise explanation or worked example","Heuristic score combines concept match (false), lexical similarity (0.22), and complementary roles.","medium-confidence-inferred"
"/subjects/math/algebra/linear-relationships/equation-from-two-points/","decision-guide","/subjects/math/calculus/limits-continuity/unit/limits/read-limits-from-graphs/","textbook-lesson","6","","","","0.400","0.400","false","","SECONDARY_CANDIDATE","After the concise explanation or worked example","Heuristic score combines concept match (false), lexical similarity (0.40), and complementary roles.","medium-confidence-inferred"
"/subjects/math/algebra/linear-relationships/equation-from-two-points/","decision-guide","/subjects/math/calculus/limits-continuity/unit/continuity/repair-removable-discontinuity/","textbook-lesson","4","","","","0.333","0.333","false","","SECONDARY_CANDIDATE","After the concise explanation or worked example","Heuristic score combines concept match (false), lexical similarity (0.33), and complementary roles.","medium-confidence-inferred"
"/subjects/math/algebra/linear-relationships/equation-from-two-points/","decision-guide","/subjects/math/calculus/limits-continuity/unit/limits/disprove-limit-epsilon-delta/","textbook-lesson","4","","","","0.333","0.333","false","","SECONDARY_CANDIDATE","After the concise explanation or worked example","Heuristic score combines concept match (false), lexical similarity (0.33), and complementary roles.","medium-confidence-inferred"
"/subjects/math/algebra/linear-relationships/graphing-linear-equations-from-standard-form/","decision-guide","/subjects/math/calculus/derivatives/implicit-second-derivative/","textbook-lesson","4","","","","0.250","0.250","false","","SECONDARY_CANDIDATE","After the concise explanation or worked example","Heuristic score combines concept match (false), lexical similarity (0.25), and complementary roles.","medium-confidence-inferred"
"/subjects/math/algebra/linear-relationships/graphing-linear-equations-from-standard-form/","decision-guide","/subjects/math/calculus/limits-continuity/unit/limits/epsilon-delta-graph/","textbook-lesson","4","","","","0.250","0.250","false","","SECONDARY_CANDIDATE","After the concise explanation or worked example","Heuristic score combines concept match (false), lexical similarity (0.25), and complementary roles.","medium-confidence-inferred"
"/subjects/math/algebra/linear-relationships/graphing-linear-equations-from-standard-form/","decision-guide","/subjects/math/calculus/limits-continuity/unit/limits/read-limits-from-graphs/","textbook-lesson","4","","","","0.250","0.250","false","","SECONDARY_CANDIDATE","After the concise explanation or worked example","Heuristic score combines concept match (false), lexical similarity (0.25), and complementary roles.","medium-confidence-inferred"
"/subjects/math/algebra/linear-relationships/interpreting-linear-models/","quick-answer","/subjects/math/calculus/limits-continuity/unit/limits/zero-over-zero/","textbook-lesson","4","","","","0.278","0.278","false","","SECONDARY_CANDIDATE","After the concise explanation or worked example","Heuristic score combines concept match (false), lexical similarity (0.28), and complementary roles.","medium-confidence-inferred"
"/subjects/math/algebra/linear-relationships/interpreting-linear-models/","quick-answer","/subjects/math/calculus/derivatives/what-does-derivative-mean/","textbook-lesson","4","","","","0.238","0.238","false","","SECONDARY_CANDIDATE","After the concise explanation or worked example","Heuristic score combines concept match (false), lexical similarity (0.24), and complementary roles.","medium-confidence-inferred"
"/subjects/math/algebra/linear-relationships/interpreting-linear-models/","quick-answer","/subjects/math/calculus/limits-continuity/unit/limits/what-a-limit-means/","textbook-lesson","4","","","","0.235","0.235","false","","SECONDARY_CANDIDATE","After the concise explanation or worked example","Heuristic score combines concept match (false), lexical similarity (0.24), and complementary roles.","medium-confidence-inferred"
"/subjects/math/algebra/linear-relationships/parallel-perpendicular-lines/","decision-guide","/subjects/math/calculus/derivatives/tangent-line-equation/","textbook-lesson","4","","","","0.235","0.235","false","","SECONDARY_CANDIDATE","After the concise explanation or worked example","Heuristic score combines concept match (false), lexical similarity (0.24), and complementary roles.","medium-confidence-inferred"
"/subjects/math/algebra/linear-relationships/parallel-perpendicular-lines/","decision-guide","/subjects/math/calculus/sequences-and-series/harmonic-and-p-series/","textbook-lesson","4","","","","0.235","0.235","false","","SECONDARY_CANDIDATE","After the concise explanation or worked example","Heuristic score combines concept match (false), lexical similarity (0.24), and complementary roles.","medium-confidence-inferred"
"/subjects/math/algebra/linear-relationships/parallel-perpendicular-lines/","decision-guide","/subjects/math/calculus/derivatives/chain-exp-log/","textbook-lesson","4","","","","0.222","0.222","false","","SECONDARY_CANDIDATE","After the concise explanation or worked example","Heuristic score combines concept match (false), lexical similarity (0.22), and complementary roles.","medium-confidence-inferred"
"/subjects/math/algebra/linear-relationships/point-slope-vs-slope-intercept/","quick-answer","/subjects/math/calculus/limits-continuity/unit/continuity/continuity-at-a-point/","textbook-lesson","4","","","","0.200","0.200","false","","SECONDARY_CANDIDATE","After the concise explanation or worked example","Heuristic score combines concept match (false), lexical similarity (0.20), and complementary roles.","medium-confidence-inferred"
"/subjects/math/algebra/linear-relationships/point-slope-vs-slope-intercept/","quick-answer","/subjects/math/calculus/limits-continuity/unit/continuity/continuous-functions/","textbook-lesson","4","","","","0.188","0.188","false","","SECONDARY_CANDIDATE","After the concise explanation or worked example","Heuristic score combines concept match (false), lexical similarity (0.19), and complementary roles.","medium-confidence-inferred"
"/subjects/math/algebra/linear-relationships/point-slope-vs-slope-intercept/","quick-answer","/subjects/math/calculus/limits-continuity/unit/limits/function-value-vs-limit/","textbook-lesson","4","","","","0.188","0.188","false","","SECONDARY_CANDIDATE","After the concise explanation or worked example","Heuristic score combines concept match (false), lexical similarity (0.19), and complementary roles.","medium-confidence-inferred"
"/subjects/math/algebra/linear-relationships/slope-as-rate-of-change/","quick-answer","/subjects/math/calculus/integrals/rates-to-total-change/","textbook-lesson","4","","","","0.250","0.250","false","","SECONDARY_CANDIDATE","After the concise explanation or worked example","Heuristic score combines concept match (false), lexical similarity (0.25), and complementary roles.","medium-confidence-inferred"
"/subjects/math/algebra/linear-relationships/slope-as-rate-of-change/","quick-answer","/subjects/math/calculus/derivatives/derivative-function/","textbook-lesson","4","","","","0.211","0.211","false","","SECONDARY_CANDIDATE","After the concise explanation or worked example","Heuristic score combines concept match (false), lexical similarity (0.21), and complementary roles.","medium-confidence-inferred"
"/subjects/math/algebra/linear-relationships/slope-as-rate-of-change/","quick-answer","/subjects/math/calculus/limits-continuity/unit/limits/when-a-limit-does-not-exist/","textbook-lesson","4","","","","0.211","0.211","false","","SECONDARY_CANDIDATE","After the concise explanation or worked example","Heuristic score combines concept match (false), lexical similarity (0.21), and complementary roles.","medium-confidence-inferred"
"/subjects/math/algebra/polynomials-factoring/","quick-answer","/subjects/math/calculus/limits-continuity/unit/limits/factoring-limits/","textbook-lesson","4","","","","0.300","0.300","false","","SECONDARY_CANDIDATE","After the concise explanation or worked example","Heuristic score combines concept match (false), lexical similarity (0.30), and complementary roles.","medium-confidence-inferred"
"/subjects/math/algebra/polynomials-factoring/","quick-answer","/subjects/math/calculus/power-series-and-taylor-series/taylor-polynomials/","textbook-lesson","4","","","","0.300","0.300","false","","SECONDARY_CANDIDATE","After the concise explanation or worked example","Heuristic score combines concept match (false), lexical similarity (0.30), and complementary roles.","medium-confidence-inferred"
"/subjects/math/algebra/polynomials-factoring/","quick-answer","/subjects/math/calculus/power-series-and-taylor-series/algebra-with-power-series/","textbook-lesson","4","","","","0.250","0.250","false","","SECONDARY_CANDIDATE","After the concise explanation or worked example","Heuristic score combines concept match (false), lexical similarity (0.25), and complementary roles.","medium-confidence-inferred"
"/subjects/math/algebra/polynomials-factoring/completing-the-square/","decision-guide","/subjects/math/calculus/limits-continuity/unit/limits/squeeze-theorem/","textbook-lesson","4","","","","0.300","0.300","false","","SECONDARY_CANDIDATE","After the concise explanation or worked example","Heuristic score combines concept match (false), lexical similarity (0.30), and complementary roles.","medium-confidence-inferred"
"/subjects/math/algebra/polynomials-factoring/completing-the-square/","decision-guide","/subjects/math/calculus/sequences-and-series/integral-test/","textbook-lesson","4","","","","0.273","0.273","false","","SECONDARY_CANDIDATE","After the concise explanation or worked example","Heuristic score combines concept match (false), lexical similarity (0.27), and complementary roles.","medium-confidence-inferred"
"/subjects/math/algebra/polynomials-factoring/completing-the-square/","decision-guide","/subjects/math/calculus/derivative-applications/first-derivative-test/","textbook-lesson","4","","","","0.250","0.250","false","","SECONDARY_CANDIDATE","After the concise explanation or worked example","Heuristic score combines concept match (false), lexical similarity (0.25), and complementary roles.","medium-confidence-inferred"
"/subjects/math/algebra/polynomials-factoring/exponent-rules/","method-guide","/subjects/math/calculus/integrals/basic-antiderivative-rules/","textbook-lesson","4","","","","0.214","0.214","false","","SECONDARY_CANDIDATE","After the concise explanation or worked example","Heuristic score combines concept match (false), lexical similarity (0.21), and complementary roles.","medium-confidence-inferred"
"/subjects/math/algebra/polynomials-factoring/exponent-rules/","method-guide","/subjects/math/calculus/derivatives/core-rules-concept-quiz/","textbook-lesson","4","","","","0.200","0.200","false","","SECONDARY_CANDIDATE","After the concise explanation or worked example","Heuristic score combines concept match (false), lexical similarity (0.20), and complementary roles.","medium-confidence-inferred"
"/subjects/math/algebra/polynomials-factoring/exponent-rules/","method-guide","/subjects/math/calculus/derivatives/core-rules-review/","textbook-lesson","4","","","","0.200","0.200","false","","SECONDARY_CANDIDATE","After the concise explanation or worked example","Heuristic score combines concept match (false), lexical similarity (0.20), and complementary roles.","medium-confidence-inferred"
"/subjects/math/algebra/polynomials-factoring/factoring-trinomials/","decision-guide","/subjects/math/calculus/limits-continuity/unit/limits/limit-laws/","textbook-lesson","4","","","","0.235","0.235","false","","SECONDARY_CANDIDATE","After the concise explanation or worked example","Heuristic score combines concept match (false), lexical similarity (0.24), and complementary roles.","medium-confidence-inferred"
"/subjects/math/algebra/polynomials-factoring/factoring-trinomials/","decision-guide","/subjects/math/calculus/derivatives/combined-rules/","textbook-lesson","4","","","","0.222","0.222","false","","SECONDARY_CANDIDATE","After the concise explanation or worked example","Heuristic score combines concept match (false), lexical similarity (0.22), and complementary roles.","medium-confidence-inferred"
"/subjects/math/algebra/polynomials-factoring/factoring-trinomials/","decision-guide","/subjects/math/calculus/limits-continuity/unit/continuity/continuity-review/","textbook-lesson","4","","","","0.214","0.214","false","","SECONDARY_CANDIDATE","After the concise explanation or worked example","Heuristic score combines concept match (false), lexical similarity (0.21), and complementary roles.","medium-confidence-inferred"
"/subjects/math/algebra/polynomials-factoring/greatest-common-factor/","decision-guide","/subjects/math/calculus/limits-continuity/unit/limits/squeeze-theorem/","textbook-lesson","4","","","","0.250","0.250","false","","SECONDARY_CANDIDATE","After the concise explanation or worked example","Heuristic score combines concept match (false), lexical similarity (0.25), and complementary roles.","medium-confidence-inferred"
"/subjects/math/algebra/polynomials-factoring/greatest-common-factor/","decision-guide","/subjects/math/calculus/limits-continuity/unit/limits/common-exam-errors/","textbook-lesson","4","","","","0.231","0.231","false","","SECONDARY_CANDIDATE","After the concise explanation or worked example","Heuristic score combines concept match (false), lexical similarity (0.23), and complementary roles.","medium-confidence-inferred"
"/subjects/math/algebra/polynomials-factoring/greatest-common-factor/","decision-guide","/subjects/math/calculus/sequences-and-series/integral-test/","textbook-lesson","4","","","","0.231","0.231","false","","SECONDARY_CANDIDATE","After the concise explanation or worked example","Heuristic score combines concept match (false), lexical similarity (0.23), and complementary roles.","medium-confidence-inferred"
"/subjects/math/algebra/polynomials-factoring/multiply-polynomials/","decision-guide","/subjects/math/calculus/limits-continuity/unit/continuity/continuity-at-a-point/","textbook-lesson","4","","","","0.250","0.250","false","","SECONDARY_CANDIDATE","After the concise explanation or worked example","Heuristic score combines concept match (false), lexical similarity (0.25), and complementary roles.","medium-confidence-inferred"
"/subjects/math/algebra/polynomials-factoring/multiply-polynomials/","decision-guide","/subjects/math/calculus/limits-continuity/unit/limits/what-a-limit-means/","textbook-lesson","4","","","","0.231","0.231","false","","SECONDARY_CANDIDATE","After the concise explanation or worked example","Heuristic score combines concept match (false), lexical similarity (0.23), and complementary roles.","medium-confidence-inferred"
"/subjects/math/algebra/polynomials-factoring/multiply-polynomials/","decision-guide","/subjects/math/calculus/power-series-and-taylor-series/taylor-polynomials/","textbook-lesson","4","","","","0.231","0.231","false","","SECONDARY_CANDIDATE","After the concise explanation or worked example","Heuristic score combines concept match (false), lexical similarity (0.23), and complementary roles.","medium-confidence-inferred"
"/subjects/math/algebra/polynomials-factoring/special-factor-patterns/","decision-guide","/subjects/math/calculus/limits-continuity/unit/continuity/types-of-discontinuity/","textbook-lesson","4","","","","0.200","0.200","false","","SECONDARY_CANDIDATE","After the concise explanation or worked example","Heuristic score combines concept match (false), lexical similarity (0.20), and complementary roles.","medium-confidence-inferred"
"/subjects/math/algebra/polynomials-factoring/special-factor-patterns/","decision-guide","/subjects/math/calculus/limits-continuity/unit/limits/ratio-of-sines/","textbook-lesson","4","","","","0.176","0.176","false","","SECONDARY_CANDIDATE","After the concise explanation or worked example","Heuristic score combines concept match (false), lexical similarity (0.18), and complementary roles.","medium-confidence-inferred"
"/subjects/math/algebra/polynomials-factoring/special-factor-patterns/","decision-guide","/subjects/math/calculus/sequences-and-series/limits-of-sequences/","textbook-lesson","4","","","","0.176","0.176","false","","SECONDARY_CANDIDATE","After the concise explanation or worked example","Heuristic score combines concept match (false), lexical similarity (0.18), and complementary roles.","medium-confidence-inferred"
"/subjects/math/algebra/radicals-exponents-functions/","quick-answer","/subjects/math/calculus/integrals/accumulation-functions/","textbook-lesson","4","","","","0.273","0.273","false","","SECONDARY_CANDIDATE","After the concise explanation or worked example","Heuristic score combines concept match (false), lexical similarity (0.27), and complementary roles.","medium-confidence-inferred"
"/subjects/math/algebra/radicals-exponents-functions/","quick-answer","/subjects/math/calculus/limits-continuity/unit/continuity/continuous-functions/","textbook-lesson","4","","","","0.273","0.273","false","","SECONDARY_CANDIDATE","After the concise explanation or worked example","Heuristic score combines concept match (false), lexical similarity (0.27), and complementary roles.","medium-confidence-inferred"
"/subjects/math/algebra/radicals-exponents-functions/","quick-answer","/subjects/math/calculus/limits-continuity/unit/limits/ratio-of-sines/","textbook-lesson","4","","","","0.250","0.250","false","","SECONDARY_CANDIDATE","After the concise explanation or worked example","Heuristic score combines concept match (false), lexical similarity (0.25), and complementary roles.","medium-confidence-inferred"
"/subjects/math/algebra/radicals-exponents-functions/exponential-growth-and-decay/","decision-guide","/subjects/math/calculus/derivative-applications/derivative-graphs/","textbook-lesson","4","","","","0.286","0.286","false","","SECONDARY_CANDIDATE","After the concise explanation or worked example","Heuristic score combines concept match (false), lexical similarity (0.29), and complementary roles.","medium-confidence-inferred"
"/subjects/math/algebra/radicals-exponents-functions/exponential-growth-and-decay/","decision-guide","/subjects/math/calculus/derivatives/exponential-e/","textbook-lesson","4","","","","0.286","0.286","false","","SECONDARY_CANDIDATE","After the concise explanation or worked example","Heuristic score combines concept match (false), lexical similarity (0.29), and complementary roles.","medium-confidence-inferred"
"/subjects/math/algebra/radicals-exponents-functions/exponential-growth-and-decay/","decision-guide","/subjects/math/calculus/sequences-and-series/harmonic-and-p-series/","textbook-lesson","4","","","","0.286","0.286","false","","SECONDARY_CANDIDATE","After the concise explanation or worked example","Heuristic score combines concept match (false), lexical similarity (0.29), and complementary roles.","medium-confidence-inferred"
"/subjects/math/algebra/radicals-exponents-functions/function-notation/","quick-answer","/subjects/math/calculus/derivatives/what-does-derivative-mean/","textbook-lesson","4","","","","0.250","0.250","false","","SECONDARY_CANDIDATE","After the concise explanation or worked example","Heuristic score combines concept match (false), lexical similarity (0.25), and complementary roles.","medium-confidence-inferred"
"/subjects/math/algebra/radicals-exponents-functions/function-notation/","quick-answer","/subjects/math/calculus/derivatives/notation-and-units/","textbook-lesson","4","","","","0.235","0.235","false","","SECONDARY_CANDIDATE","After the concise explanation or worked example","Heuristic score combines concept match (false), lexical similarity (0.24), and complementary roles.","medium-confidence-inferred"
"/subjects/math/algebra/radicals-exponents-functions/function-notation/","quick-answer","/subjects/math/calculus/derivative-applications/derivative-graphs/","textbook-lesson","4","","","","0.222","0.222","false","","SECONDARY_CANDIDATE","After the concise explanation or worked example","Heuristic score combines concept match (false), lexical similarity (0.22), and complementary roles.","medium-confidence-inferred"
"/subjects/math/algebra/radicals-exponents-functions/inverse-functions-vs-reciprocals/","decision-guide","/subjects/math/calculus/limits-continuity/unit/limits/function-value-vs-limit/","textbook-lesson","4","","","","0.211","0.211","false","","SECONDARY_CANDIDATE","After the concise explanation or worked example","Heuristic score combines concept match (false), lexical similarity (0.21), and complementary roles.","medium-confidence-inferred"
"/subjects/math/algebra/radicals-exponents-functions/inverse-functions-vs-reciprocals/","decision-guide","/subjects/math/calculus/derivatives/derivative-function/","textbook-lesson","4","","","","0.190","0.190","false","","SECONDARY_CANDIDATE","After the concise explanation or worked example","Heuristic score combines concept match (false), lexical similarity (0.19), and complementary roles.","medium-confidence-inferred"
"/subjects/math/algebra/radicals-exponents-functions/inverse-functions-vs-reciprocals/","decision-guide","/subjects/math/calculus/derivatives/inverse-function-rule/","textbook-lesson","4","","","","0.190","0.190","false","","SECONDARY_CANDIDATE","After the concise explanation or worked example","Heuristic score combines concept match (false), lexical similarity (0.19), and complementary roles.","medium-confidence-inferred"
"/subjects/math/algebra/radicals-exponents-functions/rational-exponents/","method-guide","/subjects/math/calculus/derivative-applications/other-indeterminate-forms/","textbook-lesson","4","","","","0.267","0.267","false","","SECONDARY_CANDIDATE","After the concise explanation or worked example","Heuristic score combines concept match (false), lexical similarity (0.27), and complementary roles.","medium-confidence-inferred"
"/subjects/math/algebra/radicals-exponents-functions/rational-exponents/","method-guide","/subjects/math/calculus/derivatives/negative-fractional-powers/","textbook-lesson","4","","","","0.267","0.267","false","","SECONDARY_CANDIDATE","After the concise explanation or worked example","Heuristic score combines concept match (false), lexical similarity (0.27), and complementary roles.","medium-confidence-inferred"
"/subjects/math/algebra/radicals-exponents-functions/rational-exponents/","method-guide","/subjects/math/calculus/derivatives/variable-exponents/","textbook-lesson","4","","","","0.267","0.267","false","","SECONDARY_CANDIDATE","After the concise explanation or worked example","Heuristic score combines concept match (false), lexical similarity (0.27), and complementary roles.","medium-confidence-inferred"
"/subjects/math/algebra/radicals-exponents-functions/simplifying-radicals/","method-guide","/subjects/math/calculus/integrals/integration-by-parts/","textbook-lesson","4","","","","0.231","0.231","false","","SECONDARY_CANDIDATE","After the concise explanation or worked example","Heuristic score combines concept match (false), lexical similarity (0.23), and complementary roles.","medium-confidence-inferred"
"/subjects/math/algebra/radicals-exponents-functions/simplifying-radicals/","method-guide","/subjects/math/calculus/limits-continuity/unit/limits/factoring-limits/","textbook-lesson","4","","","","0.231","0.231","false","","SECONDARY_CANDIDATE","After the concise explanation or worked example","Heuristic score combines concept match (false), lexical similarity (0.23), and complementary roles.","medium-confidence-inferred"
"/subjects/math/algebra/radicals-exponents-functions/simplifying-radicals/","method-guide","/subjects/math/calculus/integration-applications/volumes-by-slicing/","textbook-lesson","4","","","","0.214","0.214","false","","SECONDARY_CANDIDATE","After the concise explanation or worked example","Heuristic score combines concept match (false), lexical similarity (0.21), and complementary roles.","medium-confidence-inferred"
"/subjects/math/algebra/radicals-exponents-functions/solving-radical-equations/","method-guide","/subjects/math/calculus/derivatives/composition/","textbook-lesson","4","","","","0.235","0.235","false","","SECONDARY_CANDIDATE","After the concise explanation or worked example","Heuristic score combines concept match (false), lexical similarity (0.24), and complementary roles.","medium-confidence-inferred"
"/subjects/math/algebra/radicals-exponents-functions/solving-radical-equations/","method-guide","/subjects/math/calculus/limits-continuity/unit/continuity/continuity-review/","textbook-lesson","4","","","","0.231","0.231","false","","SECONDARY_CANDIDATE","After the concise explanation or worked example","Heuristic score combines concept match (false), lexical similarity (0.23), and complementary roles.","medium-confidence-inferred"
"/subjects/math/algebra/radicals-exponents-functions/solving-radical-equations/","method-guide","/subjects/math/calculus/derivatives/differentiability-and-continuity/","textbook-lesson","4","","","","0.214","0.214","false","","SECONDARY_CANDIDATE","After the concise explanation or worked example","Heuristic score combines concept match (false), lexical similarity (0.21), and complementary roles.","medium-confidence-inferred"
"/subjects/math/algebra/rational-expressions/","quick-answer","/subjects/math/calculus/limits-continuity/unit/limits/complete-asymptote-analysis/","textbook-lesson","4","","","","0.273","0.273","false","","SECONDARY_CANDIDATE","After the concise explanation or worked example","Heuristic score combines concept match (false), lexical similarity (0.27), and complementary roles.","medium-confidence-inferred"
"/subjects/math/algebra/rational-expressions/","quick-answer","/subjects/math/calculus/power-series-and-taylor-series/algebra-with-power-series/","textbook-lesson","4","","","","0.250","0.250","false","","SECONDARY_CANDIDATE","After the concise explanation or worked example","Heuristic score combines concept match (false), lexical similarity (0.25), and complementary roles.","medium-confidence-inferred"
"/subjects/math/algebra/rational-expressions/","quick-answer","/subjects/math/calculus/limits-continuity/unit/continuity/continuity-concept-quiz/","textbook-lesson","4","","","","0.222","0.222","false","","SECONDARY_CANDIDATE","After the concise explanation or worked example","Heuristic score combines concept match (false), lexical similarity (0.22), and complementary roles.","medium-confidence-inferred"
"/subjects/math/algebra/rational-expressions/add-subtract-rational-expressions/","method-guide","/subjects/math/calculus/limits-continuity/unit/continuity/continuity-review/","textbook-lesson","4","","","","0.250","0.250","false","","SECONDARY_CANDIDATE","After the concise explanation or worked example","Heuristic score combines concept match (false), lexical similarity (0.25), and complementary roles.","medium-confidence-inferred"
"/subjects/math/algebra/rational-expressions/add-subtract-rational-expressions/","method-guide","/subjects/math/calculus/derivatives/differentiability-and-continuity/","textbook-lesson","4","","","","0.231","0.231","false","","SECONDARY_CANDIDATE","After the concise explanation or worked example","Heuristic score combines concept match (false), lexical similarity (0.23), and complementary roles.","medium-confidence-inferred"
"/subjects/math/algebra/rational-expressions/add-subtract-rational-expressions/","method-guide","/subjects/math/calculus/limits-continuity/unit/continuity/continuity-practice/","textbook-lesson","4","","","","0.231","0.231","false","","SECONDARY_CANDIDATE","After the concise explanation or worked example","Heuristic score combines concept match (false), lexical similarity (0.23), and complementary roles.","medium-confidence-inferred"
"/subjects/math/algebra/rational-expressions/direct-inverse-variation/","quick-answer","/subjects/math/calculus/sequences-and-series/direct-comparison-test/","textbook-lesson","4","","","","0.250","0.250","false","","SECONDARY_CANDIDATE","After the concise explanation or worked example","Heuristic score combines concept match (false), lexical similarity (0.25), and complementary roles.","medium-confidence-inferred"
"/subjects/math/algebra/rational-expressions/direct-inverse-variation/","quick-answer","/subjects/math/calculus/limits-continuity/unit/limits/squeeze-theorem/","textbook-lesson","4","","","","0.214","0.214","false","","SECONDARY_CANDIDATE","After the concise explanation or worked example","Heuristic score combines concept match (false), lexical similarity (0.21), and complementary roles.","medium-confidence-inferred"
"/subjects/math/algebra/rational-expressions/direct-inverse-variation/","quick-answer","/subjects/math/calculus/limits-continuity/unit/continuity/continuous-functions/","textbook-lesson","4","","","","0.200","0.200","false","","SECONDARY_CANDIDATE","After the concise explanation or worked example","Heuristic score combines concept match (false), lexical similarity (0.20), and complementary roles.","medium-confidence-inferred"
"/subjects/math/algebra/rational-expressions/rational-domain-restrictions/","method-guide","/subjects/math/calculus/limits-continuity/unit/limits/complete-asymptote-analysis/","textbook-lesson","4","","","","0.250","0.250","false","","SECONDARY_CANDIDATE","After the concise explanation or worked example","Heuristic score combines concept match (false), lexical similarity (0.25), and complementary roles.","medium-confidence-inferred"
"/subjects/math/algebra/rational-expressions/rational-domain-restrictions/","method-guide","/subjects/math/calculus/limits-continuity/unit/limits/why-limits-matter/","textbook-lesson","4","","","","0.250","0.250","false","","SECONDARY_CANDIDATE","After the concise explanation or worked example","Heuristic score combines concept match (false), lexical similarity (0.25), and complementary roles.","medium-confidence-inferred"
"/subjects/math/algebra/rational-expressions/rational-domain-restrictions/","method-guide","/subjects/math/calculus/limits-continuity/unit/limits/zero-over-zero/","textbook-lesson","4","","","","0.231","0.231","false","","SECONDARY_CANDIDATE","After the concise explanation or worked example","Heuristic score combines concept match (false), lexical similarity (0.23), and complementary roles.","medium-confidence-inferred"
"/subjects/math/algebra/rational-expressions/simplifying-complex-rational-expressions/","method-guide","/subjects/math/calculus/limits-continuity/unit/limits/complex-fractions/","textbook-lesson","4","","","","0.300","0.300","false","","SECONDARY_CANDIDATE","After the concise explanation or worked example","Heuristic score combines concept match (false), lexical similarity (0.30), and complementary roles.","medium-confidence-inferred"
"/subjects/math/algebra/rational-expressions/simplifying-complex-rational-expressions/","method-guide","/subjects/math/calculus/limits-continuity/unit/limits/complete-asymptote-analysis/","textbook-lesson","4","","","","0.273","0.273","false","","SECONDARY_CANDIDATE","After the concise explanation or worked example","Heuristic score combines concept match (false), lexical similarity (0.27), and complementary roles.","medium-confidence-inferred"
"/subjects/math/algebra/rational-expressions/simplifying-complex-rational-expressions/","method-guide","/subjects/math/calculus/limits-continuity/unit/continuity/continuity-concept-quiz/","textbook-lesson","4","","","","0.222","0.222","false","","SECONDARY_CANDIDATE","After the concise explanation or worked example","Heuristic score combines concept match (false), lexical similarity (0.22), and complementary roles.","medium-confidence-inferred"
"/subjects/math/algebra/rational-expressions/simplifying-rational-expressions/","method-guide","/subjects/math/calculus/integrals/integration-by-parts/","textbook-lesson","4","","","","0.231","0.231","false","","SECONDARY_CANDIDATE","After the concise explanation or worked example","Heuristic score combines concept match (false), lexical similarity (0.23), and complementary roles.","medium-confidence-inferred"
"/subjects/math/algebra/rational-expressions/simplifying-rational-expressions/","method-guide","/subjects/math/calculus/limits-continuity/unit/limits/factoring-limits/","textbook-lesson","4","","","","0.231","0.231","false","","SECONDARY_CANDIDATE","After the concise explanation or worked example","Heuristic score combines concept match (false), lexical similarity (0.23), and complementary roles.","medium-confidence-inferred"
"/subjects/math/algebra/rational-expressions/simplifying-rational-expressions/","method-guide","/subjects/math/calculus/integration-applications/volumes-by-slicing/","textbook-lesson","4","","","","0.214","0.214","false","","SECONDARY_CANDIDATE","After the concise explanation or worked example","Heuristic score combines concept match (false), lexical similarity (0.21), and complementary roles.","medium-confidence-inferred"
"/subjects/math/algebra/rational-expressions/solving-rational-equations/","method-guide","/subjects/math/calculus/limits-continuity/unit/limits/complete-asymptote-analysis/","textbook-lesson","4","","","","0.214","0.214","false","","SECONDARY_CANDIDATE","After the concise explanation or worked example","Heuristic score combines concept match (false), lexical similarity (0.21), and complementary roles.","medium-confidence-inferred"
"/subjects/math/algebra/rational-expressions/solving-rational-equations/","method-guide","/subjects/math/calculus/derivatives/implicit-second-derivative/","textbook-lesson","4","","","","0.188","0.188","false","","SECONDARY_CANDIDATE","After the concise explanation or worked example","Heuristic score combines concept match (false), lexical similarity (0.19), and complementary roles.","medium-confidence-inferred"
"/subjects/math/algebra/rational-expressions/solving-rational-equations/","method-guide","/subjects/math/calculus/derivatives/difference-quotient-algebra/","textbook-lesson","4","","","","0.176","0.176","false","","SECONDARY_CANDIDATE","After the concise explanation or worked example","Heuristic score combines concept match (false), lexical similarity (0.18), and complementary roles.","medium-confidence-inferred"
"/subjects/math/algebra/systems-inequalities/","quick-answer","/subjects/math/calculus/power-series-and-taylor-series/algebra-with-power-series/","textbook-lesson","4","","","","0.250","0.250","false","","SECONDARY_CANDIDATE","After the concise explanation or worked example","Heuristic score combines concept match (false), lexical similarity (0.25), and complementary roles.","medium-confidence-inferred"
"/subjects/math/algebra/systems-inequalities/","quick-answer","/subjects/math/calculus/limits-continuity/unit/continuity/continuity-concept-quiz/","textbook-lesson","4","","","","0.222","0.222","false","","SECONDARY_CANDIDATE","After the concise explanation or worked example","Heuristic score combines concept match (false), lexical similarity (0.22), and complementary roles.","medium-confidence-inferred"
"/subjects/math/algebra/systems-inequalities/","quick-answer","/subjects/math/calculus/derivative-applications/advanced-convexity/","textbook-lesson","4","","","","0.214","0.214","false","","SECONDARY_CANDIDATE","After the concise explanation or worked example","Heuristic score combines concept match (false), lexical similarity (0.21), and complementary roles.","medium-confidence-inferred"
"/subjects/math/algebra/systems-inequalities/choosing-system-method/","decision-guide","/subjects/math/calculus/integration-applications/choosing-a-volume-method/","textbook-lesson","4","","","","0.250","0.250","false","","SECONDARY_CANDIDATE","After the concise explanation or worked example","Heuristic score combines concept match (false), lexical similarity (0.25), and complementary roles.","medium-confidence-inferred"
"/subjects/math/algebra/systems-inequalities/choosing-system-method/","decision-guide","/subjects/math/calculus/integration-applications/horizontal-slices/","textbook-lesson","4","","","","0.235","0.235","false","","SECONDARY_CANDIDATE","After the concise explanation or worked example","Heuristic score combines concept match (false), lexical similarity (0.24), and complementary roles.","medium-confidence-inferred"
"/subjects/math/algebra/systems-inequalities/choosing-system-method/","decision-guide","/subjects/math/calculus/integrals/trigonometric-substitution/","textbook-lesson","4","","","","0.200","0.200","false","","SECONDARY_CANDIDATE","After the concise explanation or worked example","Heuristic score combines concept match (false), lexical similarity (0.20), and complementary roles.","medium-confidence-inferred"
"/subjects/math/algebra/systems-inequalities/compound-inequalities/","method-guide","/subjects/math/calculus/sequences-and-series/harmonic-and-p-series/","textbook-lesson","4","","","","0.286","0.286","false","","SECONDARY_CANDIDATE","After the concise explanation or worked example","Heuristic score combines concept match (false), lexical similarity (0.29), and complementary roles.","medium-confidence-inferred"
"/subjects/math/algebra/systems-inequalities/compound-inequalities/","method-guide","/subjects/math/calculus/derivatives/power-rule/","textbook-lesson","4","","","","0.267","0.267","false","","SECONDARY_CANDIDATE","After the concise explanation or worked example","Heuristic score combines concept match (false), lexical similarity (0.27), and complementary roles.","medium-confidence-inferred"
"/subjects/math/algebra/systems-inequalities/compound-inequalities/","method-guide","/subjects/math/calculus/integrals/variable-limits-and-chain-rule/","textbook-lesson","4","","","","0.267","0.267","false","","SECONDARY_CANDIDATE","After the concise explanation or worked example","Heuristic score combines concept match (false), lexical similarity (0.27), and complementary roles.","medium-confidence-inferred"
"/subjects/math/algebra/systems-inequalities/elimination-systems/","decision-guide","/subjects/math/calculus/integrals/integration-by-parts/","textbook-lesson","4","","","","0.300","0.300","false","","SECONDARY_CANDIDATE","After the concise explanation or worked example","Heuristic score combines concept match (false), lexical similarity (0.30), and complementary roles.","medium-confidence-inferred"
"/subjects/math/algebra/systems-inequalities/elimination-systems/","decision-guide","/subjects/math/calculus/limits-continuity/unit/limits/factoring-limits/","textbook-lesson","4","","","","0.300","0.300","false","","SECONDARY_CANDIDATE","After the concise explanation or worked example","Heuristic score combines concept match (false), lexical similarity (0.30), and complementary roles.","medium-confidence-inferred"
"/subjects/math/algebra/systems-inequalities/elimination-systems/","decision-guide","/subjects/math/calculus/integration-applications/volumes-by-slicing/","textbook-lesson","4","","","","0.273","0.273","false","","SECONDARY_CANDIDATE","After the concise explanation or worked example","Heuristic score combines concept match (false), lexical similarity (0.27), and complementary roles.","medium-confidence-inferred"
"/subjects/math/algebra/systems-inequalities/graphing-linear-inequalities/","decision-guide","/subjects/math/calculus/limits-continuity/unit/continuity/two-parameter-continuity/","textbook-lesson","4","","","","0.273","0.273","false","","SECONDARY_CANDIDATE","After the concise explanation or worked example","Heuristic score combines concept match (false), lexical similarity (0.27), and complementary roles.","medium-confidence-inferred"
"/subjects/math/algebra/systems-inequalities/graphing-linear-inequalities/","decision-guide","/subjects/math/calculus/limits-continuity/unit/limits/why-limits-matter/","textbook-lesson","4","","","","0.231","0.231","false","","SECONDARY_CANDIDATE","After the concise explanation or worked example","Heuristic score combines concept match (false), lexical similarity (0.23), and complementary roles.","medium-confidence-inferred"
"/subjects/math/algebra/systems-inequalities/graphing-linear-inequalities/","decision-guide","/subjects/math/calculus/limits-continuity/unit/limits/epsilon-delta-linear/","textbook-lesson","4","","","","0.214","0.214","false","","SECONDARY_CANDIDATE","After the concise explanation or worked example","Heuristic score combines concept match (false), lexical similarity (0.21), and complementary roles.","medium-confidence-inferred"
"/subjects/math/algebra/systems-inequalities/no-one-infinite-solutions/","decision-guide","/subjects/math/calculus/limits-continuity/unit/limits/infinite-behavior-concept-quiz/","textbook-lesson","4","","","","0.214","0.214","false","","SECONDARY_CANDIDATE","After the concise explanation or worked example","Heuristic score combines concept match (false), lexical similarity (0.21), and complementary roles.","medium-confidence-inferred"
"/subjects/math/algebra/systems-inequalities/no-one-infinite-solutions/","decision-guide","/subjects/math/calculus/limits-continuity/unit/limits/infinite-behavior-practice/","textbook-lesson","4","","","","0.200","0.200","false","","SECONDARY_CANDIDATE","After the concise explanation or worked example","Heuristic score combines concept match (false), lexical similarity (0.20), and complementary roles.","medium-confidence-inferred"
"/subjects/math/algebra/systems-inequalities/no-one-infinite-solutions/","decision-guide","/subjects/math/calculus/limits-continuity/unit/limits/infinite-behavior-review/","textbook-lesson","4","","","","0.200","0.200","false","","SECONDARY_CANDIDATE","After the concise explanation or worked example","Heuristic score combines concept match (false), lexical similarity (0.20), and complementary roles.","medium-confidence-inferred"
"/subjects/math/algebra/systems-inequalities/substitution-systems/","decision-guide","/subjects/math/calculus/integrals/definite-integrals-by-substitution/","textbook-lesson","6","","","","0.364","0.364","false","","SECONDARY_CANDIDATE","After the concise explanation or worked example","Heuristic score combines concept match (false), lexical similarity (0.36), and complementary roles.","medium-confidence-inferred"
"/subjects/math/algebra/systems-inequalities/substitution-systems/","decision-guide","/subjects/math/calculus/integrals/integration-by-parts/","textbook-lesson","4","","","","0.300","0.300","false","","SECONDARY_CANDIDATE","After the concise explanation or worked example","Heuristic score combines concept match (false), lexical similarity (0.30), and complementary roles.","medium-confidence-inferred"
"/subjects/math/algebra/systems-inequalities/substitution-systems/","decision-guide","/subjects/math/calculus/integrals/trigonometric-substitution/","textbook-lesson","4","","","","0.300","0.300","false","","SECONDARY_CANDIDATE","After the concise explanation or worked example","Heuristic score combines concept match (false), lexical similarity (0.30), and complementary roles.","medium-confidence-inferred"
"/subjects/math/calculus/derivative-applications/curve-sketching-from-derivatives/","method-guide","/subjects/math/calculus/derivative-applications/curve-sketching/","textbook-lesson","10","derivative","","","0.538","0.538","false","","PRIMARY_CONTEXTUAL_CANDIDATE","After the concise explanation or worked example","Heuristic score combines concept match (true), lexical similarity (0.54), and complementary roles.","high-confidence-inferred"
"/subjects/math/calculus/derivative-applications/curve-sketching-from-derivatives/","method-guide","/subjects/math/calculus/derivative-applications/interpretation-review/","textbook-lesson","10","derivative","","","0.467","0.467","false","","PRIMARY_CONTEXTUAL_CANDIDATE","After the concise explanation or worked example","Heuristic score combines concept match (true), lexical similarity (0.47), and complementary roles.","high-confidence-inferred"
"/subjects/math/calculus/derivative-applications/curve-sketching-from-derivatives/","method-guide","/subjects/math/calculus/derivative-applications/rates-from-data/","textbook-lesson","10","derivative","","","0.467","0.467","false","","PRIMARY_CONTEXTUAL_CANDIDATE","After the concise explanation or worked example","Heuristic score combines concept match (true), lexical similarity (0.47), and complementary roles.","high-confidence-inferred"
"/subjects/math/calculus/derivative-applications/linear-approximation/","method-guide","/subjects/math/calculus/derivative-applications/why-linear-approximation-works/","textbook-lesson","10","derivative","","","0.421","0.421","false","","PRIMARY_CONTEXTUAL_CANDIDATE","After the concise explanation or worked example","Heuristic score combines concept match (true), lexical similarity (0.42), and complementary roles.","high-confidence-inferred"
"/subjects/math/calculus/derivative-applications/linear-approximation/","method-guide","/subjects/math/calculus/derivatives/derivative-function/","textbook-lesson","10","derivative","","","0.412","0.412","false","","PRIMARY_CONTEXTUAL_CANDIDATE","After the concise explanation or worked example","Heuristic score combines concept match (true), lexical similarity (0.41), and complementary roles.","high-confidence-inferred"
"/subjects/math/calculus/derivative-applications/linear-approximation/","method-guide","/subjects/math/calculus/derivative-applications/local-linearity/","textbook-lesson","10","derivative","","","0.375","0.375","true","related-content","PRIMARY_CONTEXTUAL_CANDIDATE","After the concise explanation or worked example","Heuristic score combines concept match (true), lexical similarity (0.38), and complementary roles.","high-confidence-inferred"
"/subjects/math/calculus/derivative-applications/optimization/","method-guide","/subjects/math/calculus/derivative-applications/anatomy-of-optimization/","textbook-lesson","8","optimization","","","0.333","0.333","false","","PRIMARY_CONTEXTUAL_CANDIDATE","After the concise explanation or worked example","Heuristic score combines concept match (true), lexical similarity (0.33), and complementary roles.","high-confidence-inferred"
"/subjects/math/calculus/derivative-applications/optimization/","method-guide","/subjects/math/calculus/derivative-applications/optimization-geometry/","textbook-lesson","8","optimization","","","0.333","0.333","false","","PRIMARY_CONTEXTUAL_CANDIDATE","After the concise explanation or worked example","Heuristic score combines concept match (true), lexical similarity (0.33), and complementary roles.","high-confidence-inferred"
"/subjects/math/calculus/derivative-applications/optimization/","method-guide","/subjects/math/calculus/derivative-applications/optimization-modeling/","textbook-lesson","8","optimization","","","0.333","0.333","true","related-content","PRIMARY_CONTEXTUAL_CANDIDATE","After the concise explanation or worked example","Heuristic score combines concept match (true), lexical similarity (0.33), and complementary roles.","high-confidence-inferred"
"/subjects/math/calculus/derivative-applications/related-rates/","method-guide","/subjects/math/calculus/derivative-applications/related-rates-pythagorean/","textbook-lesson","10","derivative","","","0.538","0.538","false","","PRIMARY_CONTEXTUAL_CANDIDATE","After the concise explanation or worked example","Heuristic score combines concept match (true), lexical similarity (0.54), and complementary roles.","high-confidence-inferred"
"/subjects/math/calculus/derivative-applications/related-rates/","method-guide","/subjects/math/calculus/derivative-applications/related-rates-review/","textbook-lesson","10","derivative","","","0.538","0.538","false","","PRIMARY_CONTEXTUAL_CANDIDATE","After the concise explanation or worked example","Heuristic score combines concept match (true), lexical similarity (0.54), and complementary roles.","high-confidence-inferred"
"/subjects/math/calculus/derivative-applications/related-rates/","method-guide","/subjects/math/calculus/derivative-applications/related-rates-workflow/","textbook-lesson","10","derivative","","","0.538","0.538","true","related-content","PRIMARY_CONTEXTUAL_CANDIDATE","After the concise explanation or worked example","Heuristic score combines concept match (true), lexical similarity (0.54), and complementary roles.","high-confidence-inferred"
"/subjects/math/calculus/derivative-applications/unit-2b-review/","decision-guide","/subjects/math/calculus/derivative-applications/modeling-studio-review/","textbook-lesson","10","derivative","","","0.636","0.636","true","footer","PRIMARY_CONTEXTUAL_CANDIDATE","After the concise explanation or worked example","Heuristic score combines concept match (true), lexical similarity (0.64), and complementary roles.","high-confidence-inferred"
"/subjects/math/calculus/derivative-applications/unit-2b-review/","decision-guide","/subjects/math/calculus/derivative-applications/interpretation-review/","textbook-lesson","10","derivative","","","0.583","0.583","false","","PRIMARY_CONTEXTUAL_CANDIDATE","After the concise explanation or worked example","Heuristic score combines concept match (true), lexical similarity (0.58), and complementary roles.","high-confidence-inferred"
"/subjects/math/calculus/derivative-applications/unit-2b-review/","decision-guide","/subjects/math/calculus/derivative-applications/bridge-diagnostic/","textbook-lesson","10","derivative","","","0.545","0.545","false","","PRIMARY_CONTEXTUAL_CANDIDATE","After the concise explanation or worked example","Heuristic score combines concept match (true), lexical similarity (0.55), and complementary roles.","high-confidence-inferred"
"/subjects/math/calculus/derivatives/chain-rule/","method-guide","/subjects/math/calculus/derivatives/chain-rule-basic/","textbook-lesson","10","chain-rule","","","0.538","0.538","false","","PRIMARY_CONTEXTUAL_CANDIDATE","After the concise explanation or worked example","Heuristic score combines concept match (true), lexical similarity (0.54), and complementary roles.","high-confidence-inferred"
"/subjects/math/calculus/derivatives/chain-rule/","method-guide","/subjects/math/calculus/derivatives/advanced-chain-rule-linear-maps/","textbook-lesson","10","chain-rule","","","0.471","0.471","false","","PRIMARY_CONTEXTUAL_CANDIDATE","After the concise explanation or worked example","Heuristic score combines concept match (true), lexical similarity (0.47), and complementary roles.","high-confidence-inferred"
"/subjects/math/calculus/derivatives/chain-rule/","method-guide","/subjects/math/calculus/derivatives/chain-rule-map/","textbook-lesson","10","chain-rule","","","0.471","0.471","false","","PRIMARY_CONTEXTUAL_CANDIDATE","After the concise explanation or worked example","Heuristic score combines concept match (true), lexical similarity (0.47), and complementary roles.","high-confidence-inferred"
"/subjects/math/calculus/derivatives/derivative-of-x-to-the-x/","quick-answer","/subjects/math/calculus/derivatives/exponential-e/","textbook-lesson","10","derivative","","","0.538","0.538","false","","PRIMARY_CONTEXTUAL_CANDIDATE","After the concise explanation or worked example","Heuristic score combines concept match (true), lexical similarity (0.54), and complementary roles.","high-confidence-inferred"
"/subjects/math/calculus/derivatives/derivative-of-x-to-the-x/","quick-answer","/subjects/math/calculus/derivatives/natural-log/","textbook-lesson","10","derivative","","","0.538","0.538","false","","PRIMARY_CONTEXTUAL_CANDIDATE","After the concise explanation or worked example","Heuristic score combines concept match (true), lexical similarity (0.54), and complementary roles.","high-confidence-inferred"
"/subjects/math/calculus/derivatives/derivative-of-x-to-the-x/","quick-answer","/subjects/math/calculus/derivatives/other-trig-functions/","textbook-lesson","10","derivative","","","0.467","0.467","false","","PRIMARY_CONTEXTUAL_CANDIDATE","After the concise explanation or worked example","Heuristic score combines concept match (true), lexical similarity (0.47), and complementary roles.","high-confidence-inferred"
"/subjects/math/calculus/derivatives/derivatives-of-inverse-trig-functions/","method-guide","/subjects/math/calculus/derivatives/other-trig-functions/","textbook-lesson","10","derivative","","","0.750","0.750","false","","PRIMARY_CONTEXTUAL_CANDIDATE","After the concise explanation or worked example","Heuristic score combines concept match (true), lexical similarity (0.75), and complementary roles.","high-confidence-inferred"
"/subjects/math/calculus/derivatives/derivatives-of-inverse-trig-functions/","method-guide","/subjects/math/calculus/derivatives/general-exponential/","textbook-lesson","10","derivative","","","0.667","0.667","false","","PRIMARY_CONTEXTUAL_CANDIDATE","After the concise explanation or worked example","Heuristic score combines concept match (true), lexical similarity (0.67), and complementary roles.","high-confidence-inferred"
"/subjects/math/calculus/derivatives/derivatives-of-inverse-trig-functions/","method-guide","/subjects/math/calculus/derivatives/general-logarithms/","textbook-lesson","10","derivative","","","0.583","0.583","false","","PRIMARY_CONTEXTUAL_CANDIDATE","After the concise explanation or worked example","Heuristic score combines concept match (true), lexical similarity (0.58), and complementary roles.","high-confidence-inferred"
"/subjects/math/calculus/derivatives/product-rule-vs-quotient-rule/","decision-guide","/subjects/math/calculus/derivatives/product-rule/","textbook-lesson","10","derivative","","","0.700","0.700","false","","PRIMARY_CONTEXTUAL_CANDIDATE","After the concise explanation or worked example","Heuristic score combines concept match (true), lexical similarity (0.70), and complementary roles.","high-confidence-inferred"
"/subjects/math/calculus/derivatives/product-rule-vs-quotient-rule/","decision-guide","/subjects/math/calculus/derivatives/quotient-rule/","textbook-lesson","10","derivative","","","0.700","0.700","false","","PRIMARY_CONTEXTUAL_CANDIDATE","After the concise explanation or worked example","Heuristic score combines concept match (true), lexical similarity (0.70), and complementary roles.","high-confidence-inferred"
"/subjects/math/calculus/derivatives/product-rule-vs-quotient-rule/","decision-guide","/subjects/math/calculus/derivatives/multiple-chain-layers/","textbook-lesson","10","derivative","","","0.500","0.500","false","","PRIMARY_CONTEXTUAL_CANDIDATE","After the concise explanation or worked example","Heuristic score combines concept match (true), lexical similarity (0.50), and complementary roles.","high-confidence-inferred"
"/subjects/math/calculus/integration-applications/average-value-of-a-function/","method-guide","/subjects/math/calculus/integrals/average-value-of-a-function/","textbook-lesson","10","integral","","","0.643","0.643","false","","PRIMARY_CONTEXTUAL_CANDIDATE","After the concise explanation or worked example","Heuristic score combines concept match (true), lexical similarity (0.64), and complementary roles.","high-confidence-inferred"
"/subjects/math/calculus/integration-applications/average-value-of-a-function/","method-guide","/subjects/math/calculus/integration-applications/practice-exam-a/","textbook-lesson","10","integral","","","0.400","0.400","false","","PRIMARY_CONTEXTUAL_CANDIDATE","After the concise explanation or worked example","Heuristic score combines concept match (true), lexical similarity (0.40), and complementary roles.","high-confidence-inferred"
"/subjects/math/calculus/integration-applications/average-value-of-a-function/","method-guide","/subjects/math/calculus/integrals/initial-value-problems/","textbook-lesson","10","integral","","","0.389","0.389","false","","PRIMARY_CONTEXTUAL_CANDIDATE","After the concise explanation or worked example","Heuristic score combines concept match (true), lexical similarity (0.39), and complementary roles.","high-confidence-inferred"
"/subjects/math/calculus/integration-applications/washer-vs-shell/","decision-guide","/subjects/math/calculus/integration-applications/choosing-a-volume-method/","textbook-lesson","10","integral","","","0.500","0.500","false","","PRIMARY_CONTEXTUAL_CANDIDATE","After the concise explanation or worked example","Heuristic score combines concept match (true), lexical similarity (0.50), and complementary roles.","high-confidence-inferred"
"/subjects/math/calculus/integration-applications/washer-vs-shell/","decision-guide","/subjects/math/calculus/integration-applications/horizontal-slices/","textbook-lesson","10","integral","","","0.462","0.462","false","","PRIMARY_CONTEXTUAL_CANDIDATE","After the concise explanation or worked example","Heuristic score combines concept match (true), lexical similarity (0.46), and complementary roles.","high-confidence-inferred"
"/subjects/math/calculus/integration-applications/washer-vs-shell/","decision-guide","/subjects/math/calculus/integration-applications/arc-length/","textbook-lesson","10","integral","","","0.455","0.455","true","contextual-body","PRIMARY_CONTEXTUAL_CANDIDATE","After the concise explanation or worked example","Heuristic score combines concept match (true), lexical similarity (0.45), and complementary roles.","high-confidence-inferred"
"/subjects/math/calculus/integration-applications/work-and-fluid-force/","decision-guide","/subjects/math/calculus/integration-applications/work-and-variable-force/","textbook-lesson","10","integral","","","0.615","0.615","true","contextual-body","PRIMARY_CONTEXTUAL_CANDIDATE","After the concise explanation or worked example","Heuristic score combines concept match (true), lexical similarity (0.62), and complementary roles.","high-confidence-inferred"
"/subjects/math/calculus/integration-applications/work-and-fluid-force/","decision-guide","/subjects/math/calculus/integration-applications/fluid-pressure/","textbook-lesson","10","integral","","","0.571","0.571","false","","PRIMARY_CONTEXTUAL_CANDIDATE","After the concise explanation or worked example","Heuristic score combines concept match (true), lexical similarity (0.57), and complementary roles.","high-confidence-inferred"
"/subjects/math/calculus/integration-applications/work-and-fluid-force/","decision-guide","/subjects/math/calculus/integration-applications/density-and-mass/","textbook-lesson","10","integral","","","0.429","0.429","false","","PRIMARY_CONTEXTUAL_CANDIDATE","After the concise explanation or worked example","Heuristic score combines concept match (true), lexical similarity (0.43), and complementary roles.","high-confidence-inferred"
"/subjects/math/calculus/integration-techniques/","quick-answer","/subjects/math/calculus/integrals/integration-strategy/","textbook-lesson","8","integral","","","0.333","0.333","false","","PRIMARY_CONTEXTUAL_CANDIDATE","After the concise explanation or worked example","Heuristic score combines concept match (true), lexical similarity (0.33), and complementary roles.","high-confidence-inferred"
"/subjects/math/calculus/integration-techniques/","quick-answer","/subjects/math/calculus/integrals/review/","textbook-lesson","8","integral","","","0.333","0.333","true","contextual-body","PRIMARY_CONTEXTUAL_CANDIDATE","After the concise explanation or worked example","Heuristic score combines concept match (true), lexical similarity (0.33), and complementary roles.","high-confidence-inferred"
"/subjects/math/calculus/integration-techniques/","quick-answer","/subjects/math/calculus/integration-applications/review/","textbook-lesson","8","integral","","","0.333","0.333","true","contextual-body","PRIMARY_CONTEXTUAL_CANDIDATE","After the concise explanation or worked example","Heuristic score combines concept match (true), lexical similarity (0.33), and complementary roles.","high-confidence-inferred"
"/subjects/math/calculus/integration-techniques/improper-integrals/","quick-answer","/subjects/math/calculus/sequences-and-series/limits-of-sequences/","textbook-lesson","8","limit","","","0.286","0.286","false","","PRIMARY_CONTEXTUAL_CANDIDATE","After the concise explanation or worked example","Heuristic score combines concept match (true), lexical similarity (0.29), and complementary roles.","high-confidence-inferred"
"/subjects/math/calculus/integration-techniques/improper-integrals/","quick-answer","/subjects/math/calculus/derivative-applications/medication-concentration/","textbook-lesson","8","limit","","","0.222","0.222","false","","PRIMARY_CONTEXTUAL_CANDIDATE","After the concise explanation or worked example","Heuristic score combines concept match (true), lexical similarity (0.22), and complementary roles.","high-confidence-inferred"
"/subjects/math/calculus/integration-techniques/improper-integrals/","quick-answer","/subjects/math/calculus/sequences-and-series/limit-comparison-test/","textbook-lesson","8","limit","","","0.200","0.200","false","","PRIMARY_CONTEXTUAL_CANDIDATE","After the concise explanation or worked example","Heuristic score combines concept match (true), lexical similarity (0.20), and complementary roles.","high-confidence-inferred"
"/subjects/math/calculus/integration-techniques/integration-by-parts-strategy/","decision-guide","/subjects/math/calculus/integrals/integration-by-parts/","textbook-lesson","10","integration-by-parts","","","0.357","0.357","false","","PRIMARY_CONTEXTUAL_CANDIDATE","After the concise explanation or worked example","Heuristic score combines concept match (true), lexical similarity (0.36), and complementary roles.","high-confidence-inferred"
"/subjects/math/calculus/integration-techniques/integration-by-parts-strategy/","decision-guide","/subjects/math/calculus/integrals/integration-strategy/","textbook-lesson","4","","","","0.235","0.235","false","","SECONDARY_CANDIDATE","After the concise explanation or worked example","Heuristic score combines concept match (false), lexical similarity (0.24), and complementary roles.","medium-confidence-inferred"
"/subjects/math/calculus/integration-techniques/integration-by-parts-strategy/","decision-guide","/subjects/math/calculus/limits-continuity/unit/limits/limit-laws/","textbook-lesson","4","","","","0.222","0.222","false","","SECONDARY_CANDIDATE","After the concise explanation or worked example","Heuristic score combines concept match (false), lexical similarity (0.22), and complementary roles.","medium-confidence-inferred"
"/subjects/math/calculus/integration-techniques/partial-fractions/","decision-guide","/subjects/math/calculus/integrals/partial-fractions/","textbook-lesson","10","integral","","","0.500","0.500","false","","PRIMARY_CONTEXTUAL_CANDIDATE","After the concise explanation or worked example","Heuristic score combines concept match (true), lexical similarity (0.50), and complementary roles.","high-confidence-inferred"
"/subjects/math/calculus/integration-techniques/partial-fractions/","decision-guide","/subjects/math/calculus/integrals/accumulation-functions/","textbook-lesson","8","integral","","","0.250","0.250","true","contextual-body","PRIMARY_CONTEXTUAL_CANDIDATE","After the concise explanation or worked example","Heuristic score combines concept match (true), lexical similarity (0.25), and complementary roles.","high-confidence-inferred"
"/subjects/math/calculus/integration-techniques/partial-fractions/","decision-guide","/subjects/math/calculus/integrals/cumulative-practice/","textbook-lesson","8","integral","","","0.250","0.250","false","","PRIMARY_CONTEXTUAL_CANDIDATE","After the concise explanation or worked example","Heuristic score combines concept match (true), lexical similarity (0.25), and complementary roles.","high-confidence-inferred"
"/subjects/math/calculus/integration-techniques/trigonometric-integrals/","decision-guide","/subjects/math/calculus/integrals/rates-to-total-change/","textbook-lesson","8","integral","","","0.294","0.294","false","","PRIMARY_CONTEXTUAL_CANDIDATE","After the concise explanation or worked example","Heuristic score combines concept match (true), lexical similarity (0.29), and complementary roles.","high-confidence-inferred"
"/subjects/math/calculus/integration-techniques/trigonometric-integrals/","decision-guide","/subjects/math/calculus/integrals/trigonometric-integrals/","textbook-lesson","8","integral","","","0.286","0.286","false","","PRIMARY_CONTEXTUAL_CANDIDATE","After the concise explanation or worked example","Heuristic score combines concept match (true), lexical similarity (0.29), and complementary roles.","high-confidence-inferred"
"/subjects/math/calculus/integration-techniques/trigonometric-integrals/","decision-guide","/subjects/math/calculus/integrals/trigonometric-substitution/","textbook-lesson","8","integral","","","0.286","0.286","false","","PRIMARY_CONTEXTUAL_CANDIDATE","After the concise explanation or worked example","Heuristic score combines concept match (true), lexical similarity (0.29), and complementary roles.","high-confidence-inferred"
"/subjects/math/calculus/integration-techniques/trigonometric-substitution/","decision-guide","/subjects/math/calculus/integrals/trigonometric-substitution/","textbook-lesson","10","integral","","","0.500","0.500","false","","PRIMARY_CONTEXTUAL_CANDIDATE","After the concise explanation or worked example","Heuristic score combines concept match (true), lexical similarity (0.50), and complementary roles.","high-confidence-inferred"
"/subjects/math/calculus/integration-techniques/trigonometric-substitution/","decision-guide","/subjects/math/calculus/integrals/trigonometric-integrals/","textbook-lesson","10","integral","","","0.364","0.364","false","","PRIMARY_CONTEXTUAL_CANDIDATE","After the concise explanation or worked example","Heuristic score combines concept match (true), lexical similarity (0.36), and complementary roles.","high-confidence-inferred"
"/subjects/math/calculus/integration-techniques/trigonometric-substitution/","decision-guide","/subjects/math/calculus/sequences-and-series/integral-test/","textbook-lesson","10","integral","","","0.364","0.364","false","","PRIMARY_CONTEXTUAL_CANDIDATE","After the concise explanation or worked example","Heuristic score combines concept match (true), lexical similarity (0.36), and complementary roles.","high-confidence-inferred"
"/subjects/math/calculus/integration-techniques/u-substitution/","decision-guide","/subjects/math/calculus/integrals/substitution/","textbook-lesson","10","chain-rule","","","0.500","0.500","false","","PRIMARY_CONTEXTUAL_CANDIDATE","After the concise explanation or worked example","Heuristic score combines concept match (true), lexical similarity (0.50), and complementary roles.","high-confidence-inferred"
"/subjects/math/calculus/integration-techniques/u-substitution/","decision-guide","/subjects/math/calculus/derivatives/chain-rule-basic/","textbook-lesson","10","chain-rule","","","0.417","0.417","false","","PRIMARY_CONTEXTUAL_CANDIDATE","After the concise explanation or worked example","Heuristic score combines concept match (true), lexical similarity (0.42), and complementary roles.","high-confidence-inferred"
"/subjects/math/calculus/integration-techniques/u-substitution/","decision-guide","/subjects/math/calculus/derivatives/advanced-chain-rule-linear-maps/","textbook-lesson","10","chain-rule","","","0.375","0.375","false","","PRIMARY_CONTEXTUAL_CANDIDATE","After the concise explanation or worked example","Heuristic score combines concept match (true), lexical similarity (0.38), and complementary roles.","high-confidence-inferred"
"/subjects/math/calculus/limits-continuity/continuity-at-a-point/","method-guide","/subjects/math/calculus/limits-continuity/unit/continuity/continuity-at-a-point/","textbook-lesson","10","continuity","","","0.667","0.667","false","","PRIMARY_CONTEXTUAL_CANDIDATE","After the concise explanation or worked example","Heuristic score combines concept match (true), lexical similarity (0.67), and complementary roles.","high-confidence-inferred"
"/subjects/math/calculus/limits-continuity/continuity-at-a-point/","method-guide","/subjects/math/calculus/limits-continuity/unit/limits/what-a-limit-means/","textbook-lesson","10","continuity","","","0.455","0.455","false","","PRIMARY_CONTEXTUAL_CANDIDATE","After the concise explanation or worked example","Heuristic score combines concept match (true), lexical similarity (0.45), and complementary roles.","high-confidence-inferred"
"/subjects/math/calculus/limits-continuity/continuity-at-a-point/","method-guide","/subjects/math/calculus/limits-continuity/unit/limits/zero-over-zero/","textbook-lesson","10","continuity","","","0.385","0.385","false","","PRIMARY_CONTEXTUAL_CANDIDATE","After the concise explanation or worked example","Heuristic score combines concept match (true), lexical similarity (0.38), and complementary roles.","high-confidence-inferred"
"/subjects/math/calculus/limits-continuity/evaluating-indeterminate-limits/","quick-answer","/subjects/math/calculus/limits-continuity/unit/limits/disprove-limit-epsilon-delta/","textbook-lesson","10","continuity","","","0.500","0.500","false","","PRIMARY_CONTEXTUAL_CANDIDATE","After the concise explanation or worked example","Heuristic score combines concept match (true), lexical similarity (0.50), and complementary roles.","high-confidence-inferred"
"/subjects/math/calculus/limits-continuity/evaluating-indeterminate-limits/","quick-answer","/subjects/math/calculus/limits-continuity/unit/limits/limit-laws/","textbook-lesson","10","continuity","","","0.462","0.462","false","","PRIMARY_CONTEXTUAL_CANDIDATE","After the concise explanation or worked example","Heuristic score combines concept match (true), lexical similarity (0.46), and complementary roles.","high-confidence-inferred"
"/subjects/math/calculus/limits-continuity/evaluating-indeterminate-limits/","quick-answer","/subjects/math/calculus/limits-continuity/unit/continuity/repair-removable-discontinuity/","textbook-lesson","10","continuity","","","0.385","0.385","false","","PRIMARY_CONTEXTUAL_CANDIDATE","After the concise explanation or worked example","Heuristic score combines concept match (true), lexical similarity (0.38), and complementary roles.","high-confidence-inferred"
"/subjects/math/calculus/limits-continuity/infinite-limits-and-asymptotes/","method-guide","/subjects/math/calculus/limits-continuity/unit/limits/infinite-behavior-review/","textbook-lesson","10","continuity","","","0.778","0.778","false","","PRIMARY_CONTEXTUAL_CANDIDATE","After the concise explanation or worked example","Heuristic score combines concept match (true), lexical similarity (0.78), and complementary roles.","high-confidence-inferred"
"/subjects/math/calculus/limits-continuity/infinite-limits-and-asymptotes/","method-guide","/subjects/math/calculus/limits-continuity/unit/limits/infinite-behavior-practice/","textbook-lesson","10","continuity","","","0.600","0.600","false","","PRIMARY_CONTEXTUAL_CANDIDATE","After the concise explanation or worked example","Heuristic score combines concept match (true), lexical similarity (0.60), and complementary roles.","high-confidence-inferred"
"/subjects/math/calculus/limits-continuity/infinite-limits-and-asymptotes/","method-guide","/subjects/math/calculus/limits-continuity/unit/limits/limits-at-infinity/","textbook-lesson","10","continuity","","","0.545","0.545","false","","PRIMARY_CONTEXTUAL_CANDIDATE","After the concise explanation or worked example","Heuristic score combines concept match (true), lexical similarity (0.55), and complementary roles.","high-confidence-inferred"
"/subjects/math/calculus/limits-continuity/limit-of-sin-x-over-x/","quick-answer","/subjects/math/calculus/limits-continuity/unit/limits/sin-x-over-x-proof/","textbook-lesson","10","continuity","","","0.500","0.500","false","","PRIMARY_CONTEXTUAL_CANDIDATE","After the concise explanation or worked example","Heuristic score combines concept match (true), lexical similarity (0.50), and complementary roles.","high-confidence-inferred"
"/subjects/math/calculus/limits-continuity/limit-of-sin-x-over-x/","quick-answer","/subjects/math/calculus/limits-continuity/unit/limits/sin-x-over-x/","textbook-lesson","10","continuity","","","0.467","0.467","false","","PRIMARY_CONTEXTUAL_CANDIDATE","After the concise explanation or worked example","Heuristic score combines concept match (true), lexical similarity (0.47), and complementary roles.","high-confidence-inferred"
"/subjects/math/calculus/limits-continuity/limit-of-sin-x-over-x/","quick-answer","/subjects/math/calculus/limits-continuity/unit/limits/disprove-limit-epsilon-delta/","textbook-lesson","8","continuity","","","0.278","0.278","false","","PRIMARY_CONTEXTUAL_CANDIDATE","After the concise explanation or worked example","Heuristic score combines concept match (true), lexical similarity (0.28), and complementary roles.","high-confidence-inferred"
"/subjects/math/calculus/limits-continuity/one-sided-limits-and-jump-discontinuities/","method-guide","/subjects/math/calculus/limits-continuity/unit/limits/one-sided-limits/","textbook-lesson","10","continuity","","","0.538","0.538","false","","PRIMARY_CONTEXTUAL_CANDIDATE","After the concise explanation or worked example","Heuristic score combines concept match (true), lexical similarity (0.54), and complementary roles.","high-confidence-inferred"
"/subjects/math/calculus/limits-continuity/one-sided-limits-and-jump-discontinuities/","method-guide","/subjects/math/calculus/limits-continuity/unit/limits/vertical-asymptotes/","textbook-lesson","10","continuity","","","0.462","0.462","false","","PRIMARY_CONTEXTUAL_CANDIDATE","After the concise explanation or worked example","Heuristic score combines concept match (true), lexical similarity (0.46), and complementary roles.","high-confidence-inferred"
"/subjects/math/calculus/limits-continuity/one-sided-limits-and-jump-discontinuities/","method-guide","/subjects/math/calculus/limits-continuity/unit/limits/cumulative-practice/","textbook-lesson","10","continuity","","","0.455","0.455","false","","PRIMARY_CONTEXTUAL_CANDIDATE","After the concise explanation or worked example","Heuristic score combines concept match (true), lexical similarity (0.45), and complementary roles.","high-confidence-inferred"
"/subjects/math/calculus/limits-continuity/squeeze-theorem/","quick-answer","/subjects/math/calculus/limits-continuity/unit/limits/squeeze-theorem/","textbook-lesson","10","continuity","","","0.545","0.545","false","","PRIMARY_CONTEXTUAL_CANDIDATE","After the concise explanation or worked example","Heuristic score combines concept match (true), lexical similarity (0.55), and complementary roles.","high-confidence-inferred"
"/subjects/math/calculus/limits-continuity/squeeze-theorem/","quick-answer","/subjects/math/calculus/limits-continuity/unit/limits/limit-laws/","textbook-lesson","10","continuity","","","0.500","0.500","false","","PRIMARY_CONTEXTUAL_CANDIDATE","After the concise explanation or worked example","Heuristic score combines concept match (true), lexical similarity (0.50), and complementary roles.","high-confidence-inferred"
"/subjects/math/calculus/limits-continuity/squeeze-theorem/","quick-answer","/subjects/math/calculus/limits-continuity/unit/continuity/repair-removable-discontinuity/","textbook-lesson","8","continuity","","","0.333","0.333","false","","PRIMARY_CONTEXTUAL_CANDIDATE","After the concise explanation or worked example","Heuristic score combines concept match (true), lexical similarity (0.33), and complementary roles.","high-confidence-inferred"
"/subjects/math/calculus/limits-continuity/unit/","decision-guide","/subjects/math/calculus/limits-continuity/unit/limits/cumulative-practice/","textbook-lesson","10","continuity","","","0.556","0.556","true","contextual-body","PRIMARY_CONTEXTUAL_CANDIDATE","After the concise explanation or worked example","Heuristic score combines concept match (true), lexical similarity (0.56), and complementary roles.","high-confidence-inferred"
"/subjects/math/calculus/limits-continuity/unit/","decision-guide","/subjects/math/calculus/limits-continuity/unit/limits/unit-review/","textbook-lesson","10","continuity","","","0.556","0.556","true","contextual-body","PRIMARY_CONTEXTUAL_CANDIDATE","After the concise explanation or worked example","Heuristic score combines concept match (true), lexical similarity (0.56), and complementary roles.","high-confidence-inferred"
"/subjects/math/calculus/limits-continuity/unit/","decision-guide","/subjects/math/calculus/limits-continuity/unit/limits/infinite-behavior-practice/","textbook-lesson","10","continuity","","","0.500","0.500","true","contextual-body","PRIMARY_CONTEXTUAL_CANDIDATE","After the concise explanation or worked example","Heuristic score combines concept match (true), lexical similarity (0.50), and complementary roles.","high-confidence-inferred"
"/subjects/math/calculus/limits-continuity/unit/limits/cosine-limits/","decision-guide","/subjects/math/calculus/limits-continuity/unit/limits/cumulative-practice/","textbook-lesson","10","continuity","","","0.500","0.500","false","","PRIMARY_CONTEXTUAL_CANDIDATE","After the concise explanation or worked example","Heuristic score combines concept match (true), lexical similarity (0.50), and complementary roles.","high-confidence-inferred"
"/subjects/math/calculus/limits-continuity/unit/limits/cosine-limits/","decision-guide","/subjects/math/calculus/limits-continuity/unit/limits/unit-review/","textbook-lesson","10","continuity","","","0.500","0.500","true","footer","PRIMARY_CONTEXTUAL_CANDIDATE","After the concise explanation or worked example","Heuristic score combines concept match (true), lexical similarity (0.50), and complementary roles.","high-confidence-inferred"
"/subjects/math/calculus/limits-continuity/unit/limits/cosine-limits/","decision-guide","/subjects/math/calculus/limits-continuity/unit/limits/infinite-behavior-practice/","textbook-lesson","10","continuity","","","0.455","0.455","false","","PRIMARY_CONTEXTUAL_CANDIDATE","After the concise explanation or worked example","Heuristic score combines concept match (true), lexical similarity (0.45), and complementary roles.","high-confidence-inferred"
"/subjects/math/calculus/limits-continuity/unit/limits/infinite-limits/","decision-guide","/subjects/math/calculus/limits-continuity/unit/limits/infinite-behavior-concept-quiz/","textbook-lesson","10","continuity","","","0.625","0.625","true","footer","PRIMARY_CONTEXTUAL_CANDIDATE","After the concise explanation or worked example","Heuristic score combines concept match (true), lexical similarity (0.63), and complementary roles.","high-confidence-inferred"
"/subjects/math/calculus/limits-continuity/unit/limits/infinite-limits/","decision-guide","/subjects/math/calculus/limits-continuity/unit/limits/infinite-behavior-practice/","textbook-lesson","10","continuity","","","0.556","0.556","true","footer","PRIMARY_CONTEXTUAL_CANDIDATE","After the concise explanation or worked example","Heuristic score combines concept match (true), lexical similarity (0.56), and complementary roles.","high-confidence-inferred"
"/subjects/math/calculus/limits-continuity/unit/limits/infinite-limits/","decision-guide","/subjects/math/calculus/limits-continuity/unit/limits/infinite-behavior-review/","textbook-lesson","10","continuity","","","0.556","0.556","false","","PRIMARY_CONTEXTUAL_CANDIDATE","After the concise explanation or worked example","Heuristic score combines concept match (true), lexical similarity (0.56), and complementary roles.","high-confidence-inferred"
"/subjects/math/calculus/limits-continuity/unit/limits/trig-limit-decision-guide/","decision-guide","/subjects/math/calculus/limits-continuity/unit/limits/notation-guide/","textbook-lesson","10","continuity","","","0.625","0.625","false","","PRIMARY_CONTEXTUAL_CANDIDATE","After the concise explanation or worked example","Heuristic score combines concept match (true), lexical similarity (0.63), and complementary roles.","high-confidence-inferred"
"/subjects/math/calculus/limits-continuity/unit/limits/trig-limit-decision-guide/","decision-guide","/subjects/math/calculus/limits-continuity/unit/limits/finite-limit-decision-tree/","textbook-lesson","10","continuity","","","0.556","0.556","false","","PRIMARY_CONTEXTUAL_CANDIDATE","After the concise explanation or worked example","Heuristic score combines concept match (true), lexical similarity (0.56), and complementary roles.","high-confidence-inferred"
"/subjects/math/calculus/limits-continuity/unit/limits/trig-limit-decision-guide/","decision-guide","/subjects/math/calculus/limits-continuity/unit/limits/meaning-review/","textbook-lesson","10","continuity","","","0.444","0.444","false","","PRIMARY_CONTEXTUAL_CANDIDATE","After the concise explanation or worked example","Heuristic score combines concept match (true), lexical similarity (0.44), and complementary roles.","high-confidence-inferred"
"/subjects/math/calculus/limits-continuity/unit/limits/trig-limits-concept-quiz/","decision-guide","/subjects/math/calculus/limits-continuity/unit/limits/finite-limits-concept-quiz/","textbook-lesson","10","continuity","","","0.750","0.750","false","","PRIMARY_CONTEXTUAL_CANDIDATE","After the concise explanation or worked example","Heuristic score combines concept match (true), lexical similarity (0.75), and complementary roles.","high-confidence-inferred"
"/subjects/math/calculus/limits-continuity/unit/limits/trig-limits-concept-quiz/","decision-guide","/subjects/math/calculus/limits-continuity/unit/limits/infinite-behavior-concept-quiz/","textbook-lesson","10","continuity","","","0.750","0.750","false","","PRIMARY_CONTEXTUAL_CANDIDATE","After the concise explanation or worked example","Heuristic score combines concept match (true), lexical similarity (0.75), and complementary roles.","high-confidence-inferred"
"/subjects/math/calculus/limits-continuity/unit/limits/trig-limits-concept-quiz/","decision-guide","/subjects/math/calculus/limits-continuity/unit/continuity/continuity-concept-quiz/","textbook-lesson","10","continuity","","","0.714","0.714","false","","PRIMARY_CONTEXTUAL_CANDIDATE","After the concise explanation or worked example","Heuristic score combines concept match (true), lexical similarity (0.71), and complementary roles.","high-confidence-inferred"
"/subjects/math/calculus/limits-continuity/unit/limits/trig-limits-practice/","decision-guide","/subjects/math/calculus/limits-continuity/unit/limits/finite-limits-practice/","textbook-lesson","10","continuity","","","0.750","0.750","false","","PRIMARY_CONTEXTUAL_CANDIDATE","After the concise explanation or worked example","Heuristic score combines concept match (true), lexical similarity (0.75), and complementary roles.","high-confidence-inferred"
"/subjects/math/calculus/limits-continuity/unit/limits/trig-limits-practice/","decision-guide","/subjects/math/calculus/limits-continuity/unit/limits/meaning-practice/","textbook-lesson","10","continuity","","","0.750","0.750","false","","PRIMARY_CONTEXTUAL_CANDIDATE","After the concise explanation or worked example","Heuristic score combines concept match (true), lexical similarity (0.75), and complementary roles.","high-confidence-inferred"
"/subjects/math/calculus/limits-continuity/unit/limits/trig-limits-practice/","decision-guide","/subjects/math/calculus/limits-continuity/unit/continuity/continuity-practice/","textbook-lesson","10","continuity","","","0.556","0.556","false","","PRIMARY_CONTEXTUAL_CANDIDATE","After the concise explanation or worked example","Heuristic score combines concept match (true), lexical similarity (0.56), and complementary roles.","high-confidence-inferred"
"/subjects/math/calculus/limits-continuity/unit/limits/trig-limits-review/","decision-guide","/subjects/math/calculus/limits-continuity/unit/limits/unit-review/","textbook-lesson","10","continuity","","","0.667","0.667","true","footer","PRIMARY_CONTEXTUAL_CANDIDATE","After the concise explanation or worked example","Heuristic score combines concept match (true), lexical similarity (0.67), and complementary roles.","high-confidence-inferred"
"/subjects/math/calculus/limits-continuity/unit/limits/trig-limits-review/","decision-guide","/subjects/math/calculus/limits-continuity/unit/limits/infinite-behavior-review/","textbook-lesson","10","continuity","","","0.600","0.600","false","","PRIMARY_CONTEXTUAL_CANDIDATE","After the concise explanation or worked example","Heuristic score combines concept match (true), lexical similarity (0.60), and complementary roles.","high-confidence-inferred"
"/subjects/math/calculus/limits-continuity/unit/limits/trig-limits-review/","decision-guide","/subjects/math/calculus/limits-continuity/unit/continuity/continuity-review/","textbook-lesson","10","continuity","","","0.556","0.556","false","","PRIMARY_CONTEXTUAL_CANDIDATE","After the concise explanation or worked example","Heuristic score combines concept match (true), lexical similarity (0.56), and complementary roles.","high-confidence-inferred"
"/subjects/math/calculus/sequences-series/harmonic-series-diverges/","quick-answer","/subjects/math/calculus/sequences-and-series/harmonic-and-p-series/","textbook-lesson","10","harmonic-series","","","0.417","0.417","false","","PRIMARY_CONTEXTUAL_CANDIDATE","After the concise explanation or worked example","Heuristic score combines concept match (true), lexical similarity (0.42), and complementary roles.","high-confidence-inferred"
"/subjects/math/calculus/sequences-series/harmonic-series-diverges/","quick-answer","/subjects/math/calculus/power-series-and-taylor-series/binomial-series/","textbook-lesson","4","","","","0.333","0.333","false","","SECONDARY_CANDIDATE","After the concise explanation or worked example","Heuristic score combines concept match (false), lexical similarity (0.33), and complementary roles.","medium-confidence-inferred"
"/subjects/math/calculus/sequences-series/harmonic-series-diverges/","quick-answer","/subjects/math/calculus/limits-continuity/unit/limits/squeeze-theorem/","textbook-lesson","4","","","","0.273","0.273","false","","SECONDARY_CANDIDATE","After the concise explanation or worked example","Heuristic score combines concept match (false), lexical similarity (0.27), and complementary roles.","medium-confidence-inferred"
"/subjects/math/calculus/sequences-series/ratio-test-vs-root-test/","decision-guide","/subjects/math/calculus/sequences-and-series/ratio-test/","textbook-lesson","10","sequence","","","0.429","0.429","false","","PRIMARY_CONTEXTUAL_CANDIDATE","After the concise explanation or worked example","Heuristic score combines concept match (true), lexical similarity (0.43), and complementary roles.","high-confidence-inferred"
"/subjects/math/calculus/sequences-series/ratio-test-vs-root-test/","decision-guide","/subjects/math/calculus/sequences-and-series/root-test/","textbook-lesson","10","sequence","","","0.429","0.429","false","","PRIMARY_CONTEXTUAL_CANDIDATE","After the concise explanation or worked example","Heuristic score combines concept match (true), lexical similarity (0.43), and complementary roles.","high-confidence-inferred"
"/subjects/math/calculus/sequences-series/ratio-test-vs-root-test/","decision-guide","/subjects/math/calculus/sequences-and-series/direct-comparison-test/","textbook-lesson","8","sequence","","","0.313","0.313","false","","PRIMARY_CONTEXTUAL_CANDIDATE","After the concise explanation or worked example","Heuristic score combines concept match (true), lexical similarity (0.31), and complementary roles.","high-confidence-inferred"
