route,inferred_parent,breadcrumb,classification
"/glossary/math/","/glossary/","Subjects","MANUAL_REVIEW"
"/glossary/math/absolute-convergence/","/glossary/math/","Subjects","MANUAL_REVIEW"
"/glossary/math/antiderivative/","/glossary/math/","Subjects","MANUAL_REVIEW"
"/glossary/math/chain-rule/","/glossary/math/","Subjects","MANUAL_REVIEW"
"/glossary/math/continuity/","/glossary/math/","Subjects","MANUAL_REVIEW"
"/glossary/math/critical-number/","/glossary/math/","Subjects","MANUAL_REVIEW"
"/glossary/math/definite-integral/","/glossary/math/","Subjects","MANUAL_REVIEW"
"/glossary/math/derivative/","/glossary/math/","Subjects","MANUAL_REVIEW"
"/glossary/math/fundamental-theorem-calculus/","/glossary/math/","Subjects","MANUAL_REVIEW"
"/glossary/math/geometric-series/","/glossary/math/","Subjects","MANUAL_REVIEW"
"/glossary/math/implicit-differentiation/","/glossary/math/","Subjects","MANUAL_REVIEW"
"/glossary/math/improper-integral/","/glossary/math/","Subjects","MANUAL_REVIEW"
"/glossary/math/integration-by-parts/","/glossary/math/","Subjects","MANUAL_REVIEW"
"/glossary/math/limit/","/glossary/math/","Subjects","MANUAL_REVIEW"
"/glossary/math/local-maximum/","/glossary/math/","Subjects","MANUAL_REVIEW"
"/glossary/math/local-minimum/","/glossary/math/","Subjects","MANUAL_REVIEW"
"/glossary/math/one-sided-limit/","/glossary/math/","Subjects","MANUAL_REVIEW"
"/glossary/math/optimization/","/glossary/math/","Subjects","MANUAL_REVIEW"
"/glossary/math/power-series/","/glossary/math/","Subjects","MANUAL_REVIEW"
"/glossary/math/radius-of-convergence/","/glossary/math/","Subjects","MANUAL_REVIEW"
"/glossary/math/related-rates/","/glossary/math/","Subjects","MANUAL_REVIEW"
"/glossary/math/sequence/","/glossary/math/","Subjects","MANUAL_REVIEW"
"/glossary/math/series/","/glossary/math/","Subjects","MANUAL_REVIEW"
"/glossary/math/taylor-series/","/glossary/math/","Subjects","MANUAL_REVIEW"
"/glossary/math/u-substitution/","/glossary/math/","Subjects","MANUAL_REVIEW"
"/resources/","/","Home","MANUAL_REVIEW"
"/subjects/math/calculus/formula-sheets/","/subjects/math/calculus/","Subjects","MANUAL_REVIEW"
"/subjects/math/calculus/limits-continuity/unit/continuity/bisection-method/","/subjects/math/calculus/limits-continuity/unit/","Subjects","MANUAL_REVIEW"
"/subjects/math/calculus/limits-continuity/unit/continuity/continuity-at-a-point/","/subjects/math/calculus/limits-continuity/unit/","Subjects","MANUAL_REVIEW"
"/subjects/math/calculus/limits-continuity/unit/continuity/continuity-concept-quiz/","/subjects/math/calculus/limits-continuity/unit/","Subjects","MANUAL_REVIEW"
"/subjects/math/calculus/limits-continuity/unit/continuity/continuity-practice/","/subjects/math/calculus/limits-continuity/unit/","Subjects","MANUAL_REVIEW"
"/subjects/math/calculus/limits-continuity/unit/continuity/continuity-review/","/subjects/math/calculus/limits-continuity/unit/","Subjects","MANUAL_REVIEW"
"/subjects/math/calculus/limits-continuity/unit/continuity/continuous-functions/","/subjects/math/calculus/limits-continuity/unit/","Subjects","MANUAL_REVIEW"
"/subjects/math/calculus/limits-continuity/unit/continuity/intermediate-value-theorem/","/subjects/math/calculus/limits-continuity/unit/","Subjects","MANUAL_REVIEW"
"/subjects/math/calculus/limits-continuity/unit/continuity/intervals-endpoints/","/subjects/math/calculus/limits-continuity/unit/","Subjects","MANUAL_REVIEW"
"/subjects/math/calculus/limits-continuity/unit/continuity/piecewise-parameters/","/subjects/math/calculus/limits-continuity/unit/","Subjects","MANUAL_REVIEW"
"/subjects/math/calculus/limits-continuity/unit/continuity/repair-removable-discontinuity/","/subjects/math/calculus/limits-continuity/unit/","Subjects","MANUAL_REVIEW"
"/subjects/math/calculus/limits-continuity/unit/continuity/two-parameter-continuity/","/subjects/math/calculus/limits-continuity/unit/","Subjects","MANUAL_REVIEW"
"/subjects/math/calculus/limits-continuity/unit/continuity/types-of-discontinuity/","/subjects/math/calculus/limits-continuity/unit/","Subjects","MANUAL_REVIEW"
"/subjects/math/calculus/limits-continuity/unit/limits/absolute-value-piecewise/","/subjects/math/calculus/limits-continuity/unit/","Subjects","MANUAL_REVIEW"
"/subjects/math/calculus/limits-continuity/unit/limits/common-exam-errors/","/subjects/math/calculus/limits-continuity/unit/","Subjects","MANUAL_REVIEW"
"/subjects/math/calculus/limits-continuity/unit/limits/complete-asymptote-analysis/","/subjects/math/calculus/limits-continuity/unit/","Subjects","MANUAL_REVIEW"
"/subjects/math/calculus/limits-continuity/unit/limits/complex-fractions/","/subjects/math/calculus/limits-continuity/unit/","Subjects","MANUAL_REVIEW"
"/subjects/math/calculus/limits-continuity/unit/limits/cosine-limits/","/subjects/math/calculus/limits-continuity/unit/","Subjects","MANUAL_REVIEW"
"/subjects/math/calculus/limits-continuity/unit/limits/cumulative-practice/","/subjects/math/calculus/limits-continuity/unit/","Subjects","MANUAL_REVIEW"
"/subjects/math/calculus/limits-continuity/unit/limits/direct-substitution/","/subjects/math/calculus/limits-continuity/unit/","Subjects","MANUAL_REVIEW"
"/subjects/math/calculus/limits-continuity/unit/limits/disprove-limit-epsilon-delta/","/subjects/math/calculus/limits-continuity/unit/","Subjects","MANUAL_REVIEW"
"/subjects/math/calculus/limits-continuity/unit/limits/epsilon-delta-concept-quiz/","/subjects/math/calculus/limits-continuity/unit/","Subjects","MANUAL_REVIEW"
"/subjects/math/calculus/limits-continuity/unit/limits/epsilon-delta-graph/","/subjects/math/calculus/limits-continuity/unit/","Subjects","MANUAL_REVIEW"
"/subjects/math/calculus/limits-continuity/unit/limits/epsilon-delta-introduction/","/subjects/math/calculus/limits-continuity/unit/","Subjects","MANUAL_REVIEW"
"/subjects/math/calculus/limits-continuity/unit/limits/epsilon-delta-linear/","/subjects/math/calculus/limits-continuity/unit/","Subjects","MANUAL_REVIEW"
"/subjects/math/calculus/limits-continuity/unit/limits/epsilon-delta-practice/","/subjects/math/calculus/limits-continuity/unit/","Subjects","MANUAL_REVIEW"
"/subjects/math/calculus/limits-continuity/unit/limits/epsilon-delta-quadratic/","/subjects/math/calculus/limits-continuity/unit/","Subjects","MANUAL_REVIEW"
"/subjects/math/calculus/limits-continuity/unit/limits/epsilon-delta-review/","/subjects/math/calculus/limits-continuity/unit/","Subjects","MANUAL_REVIEW"
"/subjects/math/calculus/limits-continuity/unit/limits/factoring-limits/","/subjects/math/calculus/limits-continuity/unit/","Subjects","MANUAL_REVIEW"
"/subjects/math/calculus/limits-continuity/unit/limits/finite-limit-decision-tree/","/subjects/math/calculus/limits-continuity/unit/","Subjects","MANUAL_REVIEW"
"/subjects/math/calculus/limits-continuity/unit/limits/finite-limits-concept-quiz/","/subjects/math/calculus/limits-continuity/unit/","Subjects","MANUAL_REVIEW"
"/subjects/math/calculus/limits-continuity/unit/limits/finite-limits-practice/","/subjects/math/calculus/limits-continuity/unit/","Subjects","MANUAL_REVIEW"
"/subjects/math/calculus/limits-continuity/unit/limits/finite-limits-review/","/subjects/math/calculus/limits-continuity/unit/","Subjects","MANUAL_REVIEW"
"/subjects/math/calculus/limits-continuity/unit/limits/formal-infinite-limits/","/subjects/math/calculus/limits-continuity/unit/","Subjects","MANUAL_REVIEW"
"/subjects/math/calculus/limits-continuity/unit/limits/function-value-vs-limit/","/subjects/math/calculus/limits-continuity/unit/","Subjects","MANUAL_REVIEW"
"/subjects/math/calculus/limits-continuity/unit/limits/infinite-behavior-concept-quiz/","/subjects/math/calculus/limits-continuity/unit/","Subjects","MANUAL_REVIEW"
"/subjects/math/calculus/limits-continuity/unit/limits/infinite-behavior-practice/","/subjects/math/calculus/limits-continuity/unit/","Subjects","MANUAL_REVIEW"
"/subjects/math/calculus/limits-continuity/unit/limits/infinite-behavior-review/","/subjects/math/calculus/limits-continuity/unit/","Subjects","MANUAL_REVIEW"
"/subjects/math/calculus/limits-continuity/unit/limits/infinite-limits/","/subjects/math/calculus/limits-continuity/unit/","Subjects","MANUAL_REVIEW"
"/subjects/math/calculus/limits-continuity/unit/limits/infinity-minus-infinity/","/subjects/math/calculus/limits-continuity/unit/","Subjects","MANUAL_REVIEW"
"/subjects/math/calculus/limits-continuity/unit/limits/limit-at-a-hole/","/subjects/math/calculus/limits-continuity/unit/","Subjects","MANUAL_REVIEW"
"/subjects/math/calculus/limits-continuity/unit/limits/limit-laws/","/subjects/math/calculus/limits-continuity/unit/","Subjects","MANUAL_REVIEW"
"/subjects/math/calculus/limits-continuity/unit/limits/limits-at-infinity/","/subjects/math/calculus/limits-continuity/unit/","Subjects","MANUAL_REVIEW"
"/subjects/math/calculus/limits-continuity/unit/limits/meaning-concept-quiz/","/subjects/math/calculus/limits-continuity/unit/","Subjects","MANUAL_REVIEW"
"/subjects/math/calculus/limits-continuity/unit/limits/meaning-practice/","/subjects/math/calculus/limits-continuity/unit/","Subjects","MANUAL_REVIEW"
"/subjects/math/calculus/limits-continuity/unit/limits/meaning-review/","/subjects/math/calculus/limits-continuity/unit/","Subjects","MANUAL_REVIEW"
"/subjects/math/calculus/limits-continuity/unit/limits/notation-guide/","/subjects/math/calculus/limits-continuity/unit/","Subjects","MANUAL_REVIEW"
"/subjects/math/calculus/limits-continuity/unit/limits/one-sided-limits/","/subjects/math/calculus/limits-continuity/unit/","Subjects","MANUAL_REVIEW"
"/subjects/math/calculus/limits-continuity/unit/limits/practice-exam-a/","/subjects/math/calculus/limits-continuity/unit/","Subjects","MANUAL_REVIEW"
"/subjects/math/calculus/limits-continuity/unit/limits/practice-exam-a/answer-key/","/subjects/math/calculus/limits-continuity/unit/limits/practice-exam-a/","Subjects","MANUAL_REVIEW"
"/subjects/math/calculus/limits-continuity/unit/limits/practice-exam-b/","/subjects/math/calculus/limits-continuity/unit/","Subjects","MANUAL_REVIEW"
"/subjects/math/calculus/limits-continuity/unit/limits/practice-exam-b/answer-key/","/subjects/math/calculus/limits-continuity/unit/limits/practice-exam-b/","Subjects","MANUAL_REVIEW"
"/subjects/math/calculus/limits-continuity/unit/limits/prerequisite-diagnostic/","/subjects/math/calculus/limits-continuity/unit/","Subjects","MANUAL_REVIEW"
"/subjects/math/calculus/limits-continuity/unit/limits/radicals-at-infinity/","/subjects/math/calculus/limits-continuity/unit/","Subjects","MANUAL_REVIEW"
"/subjects/math/calculus/limits-continuity/unit/limits/ratio-of-sines/","/subjects/math/calculus/limits-continuity/unit/","Subjects","MANUAL_REVIEW"
"/subjects/math/calculus/limits-continuity/unit/limits/rationalizing-radicals/","/subjects/math/calculus/limits-continuity/unit/","Subjects","MANUAL_REVIEW"
"/subjects/math/calculus/limits-continuity/unit/limits/read-limits-from-graphs/","/subjects/math/calculus/limits-continuity/unit/","Subjects","MANUAL_REVIEW"
"/subjects/math/calculus/limits-continuity/unit/limits/scaled-sine-tangent/","/subjects/math/calculus/limits-continuity/unit/","Subjects","MANUAL_REVIEW"
"/subjects/math/calculus/limits-continuity/unit/limits/sin-x-over-x-proof/","/subjects/math/calculus/limits-continuity/unit/","Subjects","MANUAL_REVIEW"
"/subjects/math/calculus/limits-continuity/unit/limits/sin-x-over-x/","/subjects/math/calculus/limits-continuity/unit/","Subjects","MANUAL_REVIEW"
"/subjects/math/calculus/limits-continuity/unit/limits/slant-asymptotes/","/subjects/math/calculus/limits-continuity/unit/","Subjects","MANUAL_REVIEW"
"/subjects/math/calculus/limits-continuity/unit/limits/squeeze-theorem/","/subjects/math/calculus/limits-continuity/unit/","Subjects","MANUAL_REVIEW"
"/subjects/math/calculus/limits-continuity/unit/limits/trig-limit-decision-guide/","/subjects/math/calculus/limits-continuity/unit/","Subjects","MANUAL_REVIEW"
"/subjects/math/calculus/limits-continuity/unit/limits/trig-limits-concept-quiz/","/subjects/math/calculus/limits-continuity/unit/","Subjects","MANUAL_REVIEW"
"/subjects/math/calculus/limits-continuity/unit/limits/trig-limits-practice/","/subjects/math/calculus/limits-continuity/unit/","Subjects","MANUAL_REVIEW"
"/subjects/math/calculus/limits-continuity/unit/limits/trig-limits-review/","/subjects/math/calculus/limits-continuity/unit/","Subjects","MANUAL_REVIEW"
"/subjects/math/calculus/limits-continuity/unit/limits/unit-review/","/subjects/math/calculus/limits-continuity/unit/","Subjects","MANUAL_REVIEW"
"/subjects/math/calculus/limits-continuity/unit/limits/vertical-asymptotes/","/subjects/math/calculus/limits-continuity/unit/","Subjects","MANUAL_REVIEW"
"/subjects/math/calculus/limits-continuity/unit/limits/what-a-limit-means/","/subjects/math/calculus/limits-continuity/unit/","Subjects","MANUAL_REVIEW"
"/subjects/math/calculus/limits-continuity/unit/limits/when-a-limit-does-not-exist/","/subjects/math/calculus/limits-continuity/unit/","Subjects","MANUAL_REVIEW"
"/subjects/math/calculus/limits-continuity/unit/limits/why-limits-matter/","/subjects/math/calculus/limits-continuity/unit/","Subjects","MANUAL_REVIEW"
"/subjects/math/calculus/limits-continuity/unit/limits/zero-over-zero/","/subjects/math/calculus/limits-continuity/unit/","Subjects","MANUAL_REVIEW"
"/subjects/math/calculus/limits-continuity/unit/study/correct-practice-test/","/subjects/math/calculus/limits-continuity/unit/","Subjects","MANUAL_REVIEW"
"/subjects/math/calculus/practice-exams/","/subjects/math/calculus/","Subjects","MANUAL_REVIEW"
"/subjects/math/calculus/visuals/","/subjects/math/calculus/","Subjects","MANUAL_REVIEW"
"/subjects/math/calculus/worked-problems/","/subjects/math/calculus/","Subjects","MANUAL_REVIEW"
"/subjects/math/calculus/worksheets/","/subjects/math/calculus/","Subjects","MANUAL_REVIEW"
