lesson,finding,confidence
"/subjects/math/calculus/derivative-applications/advanced-cauchy-mvt/","No incoming sequential textbook edge","machine-observed"
"/subjects/math/calculus/derivative-applications/advanced-convexity/","No incoming sequential textbook edge","machine-observed"
"/subjects/math/calculus/derivative-applications/advanced-newton-convergence/","No incoming sequential textbook edge","machine-observed"
"/subjects/math/calculus/derivative-applications/advanced-notes/","No incoming sequential textbook edge","machine-observed"
"/subjects/math/calculus/derivative-applications/advanced-sensitivity-elasticity/","No incoming sequential textbook edge","machine-observed"
"/subjects/math/calculus/derivative-applications/anatomy-of-optimization/","No incoming sequential textbook edge","machine-observed"
"/subjects/math/calculus/derivative-applications/approximation-concept-quiz/","No incoming sequential textbook edge","machine-observed"
"/subjects/math/calculus/derivative-applications/approximation-review/","No incoming sequential textbook edge","machine-observed"
"/subjects/math/calculus/derivative-applications/bridge-diagnostic/","No incoming sequential textbook edge","machine-observed"
"/subjects/math/calculus/derivative-applications/closed-interval-method/","No incoming sequential textbook edge","machine-observed"
"/subjects/math/calculus/derivative-applications/common-errors/","No incoming sequential textbook edge","machine-observed"
"/subjects/math/calculus/derivative-applications/concavity/","No incoming sequential textbook edge","machine-observed"
"/subjects/math/calculus/derivative-applications/cumulative-practice/","No incoming sequential textbook edge","machine-observed"
"/subjects/math/calculus/derivative-applications/curve-sketching/","No incoming sequential textbook edge","machine-observed"
"/subjects/math/calculus/derivative-applications/derivative-graphs/","No incoming sequential textbook edge","machine-observed"
"/subjects/math/calculus/derivative-applications/differentials/","No incoming sequential textbook edge","machine-observed"
"/subjects/math/calculus/derivative-applications/error-estimation/","No incoming sequential textbook edge","machine-observed"
"/subjects/math/calculus/derivative-applications/extrema-and-critical-numbers/","No incoming sequential textbook edge","machine-observed"
"/subjects/math/calculus/derivative-applications/first-derivative-test/","No incoming sequential textbook edge","machine-observed"
"/subjects/math/calculus/derivative-applications/graph-analysis-story/","No incoming sequential textbook edge","machine-observed"
"/subjects/math/calculus/derivative-applications/how-to-translate-word-problems/","No incoming sequential textbook edge","machine-observed"
"/subjects/math/calculus/derivative-applications/increasing-decreasing/","No incoming sequential textbook edge","machine-observed"
"/subjects/math/calculus/derivative-applications/interpretation-concept-quiz/","No incoming sequential textbook edge","machine-observed"
"/subjects/math/calculus/derivative-applications/interpretation-review/","No incoming sequential textbook edge","machine-observed"
"/subjects/math/calculus/derivative-applications/interpreting-derivatives/","No incoming sequential textbook edge","machine-observed"
"/subjects/math/calculus/derivative-applications/interpreting-higher-derivatives/","No incoming sequential textbook edge","machine-observed"
"/subjects/math/calculus/derivative-applications/lhopital-concept-quiz/","No incoming sequential textbook edge","machine-observed"
"/subjects/math/calculus/derivative-applications/lhopital-infinity-over-infinity/","No incoming sequential textbook edge","machine-observed"
"/subjects/math/calculus/derivative-applications/lhopital-is-not-cancellation/","No incoming sequential textbook edge","machine-observed"
"/subjects/math/calculus/derivative-applications/lhopital-review/","No incoming sequential textbook edge","machine-observed"
"/subjects/math/calculus/derivative-applications/lhopital-rule/","No incoming sequential textbook edge","machine-observed"
"/subjects/math/calculus/derivative-applications/lhopital-zero-over-zero/","No incoming sequential textbook edge","machine-observed"
"/subjects/math/calculus/derivative-applications/linearization-practice/","No incoming sequential textbook edge","machine-observed"
"/subjects/math/calculus/derivative-applications/local-linearity/","No incoming sequential textbook edge","machine-observed"
"/subjects/math/calculus/derivative-applications/manufacturing-tolerance/","No incoming sequential textbook edge","machine-observed"
"/subjects/math/calculus/derivative-applications/marginal-analysis/","No incoming sequential textbook edge","machine-observed"
"/subjects/math/calculus/derivative-applications/medication-concentration/","No incoming sequential textbook edge","machine-observed"
"/subjects/math/calculus/derivative-applications/modeling-studio-review/","No incoming sequential textbook edge","machine-observed"
"/subjects/math/calculus/derivative-applications/modeling-studio/","No incoming sequential textbook edge","machine-observed"
"/subjects/math/calculus/derivative-applications/optimization-business-science/","No incoming sequential textbook edge","machine-observed"
"/subjects/math/calculus/derivative-applications/optimization-closed-interval/","No incoming sequential textbook edge","machine-observed"
"/subjects/math/calculus/derivative-applications/optimization-concept-quiz/","No incoming sequential textbook edge","machine-observed"
"/subjects/math/calculus/derivative-applications/optimization-geometry/","No incoming sequential textbook edge","machine-observed"
"/subjects/math/calculus/derivative-applications/optimization-modeling/","No incoming sequential textbook edge","machine-observed"
"/subjects/math/calculus/derivative-applications/optimization-review/","No incoming sequential textbook edge","machine-observed"
"/subjects/math/calculus/derivative-applications/other-indeterminate-forms/","No incoming sequential textbook edge","machine-observed"
"/subjects/math/calculus/derivative-applications/position-velocity-acceleration/","No incoming sequential textbook edge","machine-observed"
"/subjects/math/calculus/derivative-applications/practice-exam-a-answer-key/","No incoming sequential textbook edge","machine-observed"
"/subjects/math/calculus/derivative-applications/practice-exam-a/","No incoming sequential textbook edge","machine-observed"
"/subjects/math/calculus/derivative-applications/practice-exam-b-answer-key/","No incoming sequential textbook edge","machine-observed"
"/subjects/math/calculus/derivative-applications/practice-exam-b/","No incoming sequential textbook edge","machine-observed"
"/subjects/math/calculus/derivative-applications/radar-tracking/","No incoming sequential textbook edge","machine-observed"
"/subjects/math/calculus/derivative-applications/rates-from-data/","No incoming sequential textbook edge","machine-observed"
"/subjects/math/calculus/derivative-applications/reference/","No incoming sequential textbook edge","machine-observed"
"/subjects/math/calculus/derivative-applications/related-rates-angle/","No incoming sequential textbook edge","machine-observed"
"/subjects/math/calculus/derivative-applications/related-rates-concept-quiz/","No incoming sequential textbook edge","machine-observed"
"/subjects/math/calculus/derivative-applications/related-rates-mixed/","No incoming sequential textbook edge","machine-observed"
"/subjects/math/calculus/derivative-applications/related-rates-pythagorean/","No incoming sequential textbook edge","machine-observed"
"/subjects/math/calculus/derivative-applications/related-rates-review/","No incoming sequential textbook edge","machine-observed"
"/subjects/math/calculus/derivative-applications/related-rates-shadows/","No incoming sequential textbook edge","machine-observed"
"/subjects/math/calculus/derivative-applications/related-rates-volume/","No incoming sequential textbook edge","machine-observed"
"/subjects/math/calculus/derivative-applications/related-rates-workflow/","No incoming sequential textbook edge","machine-observed"
"/subjects/math/calculus/derivative-applications/repeated-lhopital/","No incoming sequential textbook edge","machine-observed"
"/subjects/math/calculus/derivative-applications/rolles-theorem/","No incoming sequential textbook edge","machine-observed"
"/subjects/math/calculus/derivative-applications/second-derivative-test/","No incoming sequential textbook edge","machine-observed"
"/subjects/math/calculus/derivative-applications/speeding-up-slowing-down/","No incoming sequential textbook edge","machine-observed"
"/subjects/math/calculus/derivative-applications/stopping-distance/","No incoming sequential textbook edge","machine-observed"
"/subjects/math/calculus/derivative-applications/theorems-shape-concept-quiz/","No incoming sequential textbook edge","machine-observed"
"/subjects/math/calculus/derivative-applications/theorems-shape-review/","No incoming sequential textbook edge","machine-observed"
"/subjects/math/calculus/derivative-applications/when-not-lhopital/","No incoming sequential textbook edge","machine-observed"
"/subjects/math/calculus/derivative-applications/why-linear-approximation-works/","No incoming sequential textbook edge","machine-observed"
"/subjects/math/calculus/derivative-applications/why-related-rates-feel-hard/","No incoming sequential textbook edge","machine-observed"
"/subjects/math/calculus/derivatives/advanced-chain-rule-linear-maps/","No incoming sequential textbook edge","machine-observed"
"/subjects/math/calculus/derivatives/advanced-darboux-derivatives/","No incoming sequential textbook edge","machine-observed"
"/subjects/math/calculus/derivatives/advanced-implicit-function-theorem/","No incoming sequential textbook edge","machine-observed"
"/subjects/math/calculus/derivatives/advanced-local-linearity-little-o/","No incoming sequential textbook edge","machine-observed"
"/subjects/math/calculus/derivatives/advanced-notes-2a/","No incoming sequential textbook edge","machine-observed"
"/subjects/math/calculus/derivatives/chain-exp-log/","No incoming sequential textbook edge","machine-observed"
"/subjects/math/calculus/derivatives/chain-rule-basic/","No incoming sequential textbook edge","machine-observed"
"/subjects/math/calculus/derivatives/chain-rule-concept-quiz/","No incoming sequential textbook edge","machine-observed"
"/subjects/math/calculus/derivatives/chain-rule-map/","No incoming sequential textbook edge","machine-observed"
"/subjects/math/calculus/derivatives/chain-rule-review/","No incoming sequential textbook edge","machine-observed"
"/subjects/math/calculus/derivatives/chain-trig/","No incoming sequential textbook edge","machine-observed"
"/subjects/math/calculus/derivatives/combined-rules/","No incoming sequential textbook edge","machine-observed"
"/subjects/math/calculus/derivatives/composition/","No incoming sequential textbook edge","machine-observed"
"/subjects/math/calculus/derivatives/core-rules-concept-quiz/","No incoming sequential textbook edge","machine-observed"
"/subjects/math/calculus/derivatives/core-rules-review/","No incoming sequential textbook edge","machine-observed"
"/subjects/math/calculus/derivatives/derivative-at-a-point/","No incoming sequential textbook edge","machine-observed"
"/subjects/math/calculus/derivatives/derivative-computation-strategy/","No incoming sequential textbook edge","machine-observed"
"/subjects/math/calculus/derivatives/derivative-function/","No incoming sequential textbook edge","machine-observed"
"/subjects/math/calculus/derivatives/difference-quotient-algebra/","No incoming sequential textbook edge","machine-observed"
"/subjects/math/calculus/derivatives/differentiability-and-continuity/","No incoming sequential textbook edge","machine-observed"
"/subjects/math/calculus/derivatives/exponential-e/","No incoming sequential textbook edge","machine-observed"
"/subjects/math/calculus/derivatives/foundations-concept-quiz/","No incoming sequential textbook edge","machine-observed"
"/subjects/math/calculus/derivatives/foundations-review/","No incoming sequential textbook edge","machine-observed"
"/subjects/math/calculus/derivatives/from-graphs-and-tables/","No incoming sequential textbook edge","machine-observed"
"/subjects/math/calculus/derivatives/general-exponential/","No incoming sequential textbook edge","machine-observed"
"/subjects/math/calculus/derivatives/general-logarithms/","No incoming sequential textbook edge","machine-observed"
"/subjects/math/calculus/derivatives/higher-derivative-techniques/","No incoming sequential textbook edge","machine-observed"
"/subjects/math/calculus/derivatives/higher-derivatives/","No incoming sequential textbook edge","machine-observed"
"/subjects/math/calculus/derivatives/implicit-inverse-concept-quiz/","No incoming sequential textbook edge","machine-observed"
"/subjects/math/calculus/derivatives/implicit-inverse-review/","No incoming sequential textbook edge","machine-observed"
"/subjects/math/calculus/derivatives/implicit-second-derivative/","No incoming sequential textbook edge","machine-observed"
"/subjects/math/calculus/derivatives/implicit-tangent-lines/","No incoming sequential textbook edge","machine-observed"
"/subjects/math/calculus/derivatives/inverse-function-rule/","No incoming sequential textbook edge","machine-observed"
"/subjects/math/calculus/derivatives/inverse-trig/","No incoming sequential textbook edge","machine-observed"
"/subjects/math/calculus/derivatives/multiple-chain-layers/","No incoming sequential textbook edge","machine-observed"
"/subjects/math/calculus/derivatives/natural-log/","No incoming sequential textbook edge","machine-observed"
"/subjects/math/calculus/derivatives/negative-fractional-powers/","No incoming sequential textbook edge","machine-observed"
"/subjects/math/calculus/derivatives/notation-and-units/","No incoming sequential textbook edge","machine-observed"
"/subjects/math/calculus/derivatives/notation-guide/","No incoming sequential textbook edge","machine-observed"
"/subjects/math/calculus/derivatives/other-trig-functions/","No incoming sequential textbook edge","machine-observed"
"/subjects/math/calculus/derivatives/power-rule/","No incoming sequential textbook edge","machine-observed"
"/subjects/math/calculus/derivatives/practice-exam-a-answer-key/","No incoming sequential textbook edge","machine-observed"
"/subjects/math/calculus/derivatives/practice-exam-b-answer-key/","No incoming sequential textbook edge","machine-observed"
"/subjects/math/calculus/derivatives/prerequisite-diagnostic/","No incoming sequential textbook edge","machine-observed"
"/subjects/math/calculus/derivatives/product-rule/","No incoming sequential textbook edge","machine-observed"
"/subjects/math/calculus/derivatives/quotient-rule/","No incoming sequential textbook edge","machine-observed"
"/subjects/math/calculus/derivatives/rule-selection/","No incoming sequential textbook edge","machine-observed"
"/subjects/math/calculus/derivatives/sine-and-cosine/","No incoming sequential textbook edge","machine-observed"
"/subjects/math/calculus/derivatives/special-functions-concept-quiz/","No incoming sequential textbook edge","machine-observed"
"/subjects/math/calculus/derivatives/special-functions-review/","No incoming sequential textbook edge","machine-observed"
"/subjects/math/calculus/derivatives/sum-and-constant-multiple-rules/","No incoming sequential textbook edge","machine-observed"
"/subjects/math/calculus/derivatives/tangent-line-equation/","No incoming sequential textbook edge","machine-observed"
"/subjects/math/calculus/derivatives/unit-2a-common-errors/","No incoming sequential textbook edge","machine-observed"
"/subjects/math/calculus/derivatives/unit-2a-cumulative-practice/","No incoming sequential textbook edge","machine-observed"
"/subjects/math/calculus/derivatives/unit-2a-practice-exam-a/","No incoming sequential textbook edge","machine-observed"
"/subjects/math/calculus/derivatives/unit-2a-practice-exam-b/","No incoming sequential textbook edge","machine-observed"
"/subjects/math/calculus/derivatives/unit-2a-reference/","No incoming sequential textbook edge","machine-observed"
"/subjects/math/calculus/derivatives/unit-2a-review/","No incoming sequential textbook edge","machine-observed"
"/subjects/math/calculus/derivatives/variable-exponents/","No incoming sequential textbook edge","machine-observed"
"/subjects/math/calculus/derivatives/what-does-derivative-mean/","No incoming sequential textbook edge","machine-observed"
"/subjects/math/calculus/derivatives/what-implicit-means/","No incoming sequential textbook edge","machine-observed"
"/subjects/math/calculus/derivatives/why-derivative-rules-work/","No incoming sequential textbook edge","machine-observed"
"/subjects/math/calculus/derivatives/why-derivatives-matter/","No incoming sequential textbook edge","machine-observed"
"/subjects/math/calculus/derivatives/why-special-derivatives-are-not-random/","No incoming sequential textbook edge","machine-observed"
"/subjects/math/calculus/integrals/accumulation-functions/","No incoming sequential textbook edge","machine-observed"
"/subjects/math/calculus/integrals/antiderivatives/","No incoming sequential textbook edge","machine-observed"
"/subjects/math/calculus/integrals/average-value-of-a-function/","No incoming sequential textbook edge","machine-observed"
"/subjects/math/calculus/integrals/basic-antiderivative-rules/","No incoming sequential textbook edge","machine-observed"
"/subjects/math/calculus/integrals/common-errors/","No incoming sequential textbook edge","machine-observed"
"/subjects/math/calculus/integrals/cumulative-practice/","No incoming sequential textbook edge","machine-observed"
"/subjects/math/calculus/integrals/definite-integral-signed-area/","No incoming sequential textbook edge","machine-observed"
"/subjects/math/calculus/integrals/definite-integrals-by-substitution/","No incoming sequential textbook edge","machine-observed"
"/subjects/math/calculus/integrals/displacement-and-distance/","No incoming sequential textbook edge","machine-observed"
"/subjects/math/calculus/integrals/fundamental-theorem-part-one/","No incoming sequential textbook edge","machine-observed"
"/subjects/math/calculus/integrals/fundamental-theorem-part-two/","No incoming sequential textbook edge","machine-observed"
"/subjects/math/calculus/integrals/improper-integrals-infinite-intervals/","No incoming sequential textbook edge","machine-observed"
"/subjects/math/calculus/integrals/improper-integrals-unbounded-functions/","No incoming sequential textbook edge","machine-observed"
"/subjects/math/calculus/integrals/indefinite-integrals-and-c/","No incoming sequential textbook edge","machine-observed"
"/subjects/math/calculus/integrals/initial-value-problems/","No incoming sequential textbook edge","machine-observed"
"/subjects/math/calculus/integrals/integration-by-parts/","No incoming sequential textbook edge","machine-observed"
"/subjects/math/calculus/integrals/integration-strategy/","No incoming sequential textbook edge","machine-observed"
"/subjects/math/calculus/integrals/left-right-midpoint-riemann-sums/","No incoming sequential textbook edge","machine-observed"
"/subjects/math/calculus/integrals/net-change-theorem/","No incoming sequential textbook edge","machine-observed"
"/subjects/math/calculus/integrals/numerical-integration/","No incoming sequential textbook edge","machine-observed"
"/subjects/math/calculus/integrals/partial-fractions/","No incoming sequential textbook edge","machine-observed"
"/subjects/math/calculus/integrals/partitions-and-sigma-notation/","No incoming sequential textbook edge","machine-observed"
"/subjects/math/calculus/integrals/practice-exam-a-answer-key/","No incoming sequential textbook edge","machine-observed"
"/subjects/math/calculus/integrals/practice-exam-a/","No incoming sequential textbook edge","machine-observed"
"/subjects/math/calculus/integrals/practice-exam-b-answer-key/","No incoming sequential textbook edge","machine-observed"
"/subjects/math/calculus/integrals/practice-exam-b/","No incoming sequential textbook edge","machine-observed"
"/subjects/math/calculus/integrals/properties-of-definite-integrals/","No incoming sequential textbook edge","machine-observed"
"/subjects/math/calculus/integrals/rates-to-total-change/","No incoming sequential textbook edge","machine-observed"
"/subjects/math/calculus/integrals/review/","No incoming sequential textbook edge","machine-observed"
"/subjects/math/calculus/integrals/riemann-sum-limit/","No incoming sequential textbook edge","machine-observed"
"/subjects/math/calculus/integrals/simpsons-rule/","No incoming sequential textbook edge","machine-observed"
"/subjects/math/calculus/integrals/substitution/","No incoming sequential textbook edge","machine-observed"
"/subjects/math/calculus/integrals/trigonometric-integrals/","No incoming sequential textbook edge","machine-observed"
"/subjects/math/calculus/integrals/trigonometric-substitution/","No incoming sequential textbook edge","machine-observed"
"/subjects/math/calculus/integrals/variable-limits-and-chain-rule/","No incoming sequential textbook edge","machine-observed"
"/subjects/math/calculus/integration-applications/choosing-a-volume-method/","No incoming sequential textbook edge","machine-observed"
"/subjects/math/calculus/integration-applications/common-errors/","No incoming sequential textbook edge","machine-observed"
"/subjects/math/calculus/integration-applications/cumulative-practice/","No incoming sequential textbook edge","machine-observed"
"/subjects/math/calculus/integration-applications/cylindrical-shells/","No incoming sequential textbook edge","machine-observed"
"/subjects/math/calculus/integration-applications/density-and-mass/","No incoming sequential textbook edge","machine-observed"
"/subjects/math/calculus/integration-applications/disks-and-washers/","No incoming sequential textbook edge","machine-observed"
"/subjects/math/calculus/integration-applications/fluid-pressure/","No incoming sequential textbook edge","machine-observed"
"/subjects/math/calculus/integration-applications/horizontal-slices/","No incoming sequential textbook edge","machine-observed"
"/subjects/math/calculus/integration-applications/marginal-quantities/","No incoming sequential textbook edge","machine-observed"
"/subjects/math/calculus/integration-applications/moments-and-center-of-mass/","No incoming sequential textbook edge","machine-observed"
"/subjects/math/calculus/integration-applications/physics-application-studio/","No incoming sequential textbook edge","machine-observed"
"/subjects/math/calculus/integration-applications/practice-exam-a-answer-key/","No incoming sequential textbook edge","machine-observed"
"/subjects/math/calculus/integration-applications/practice-exam-a/","No incoming sequential textbook edge","machine-observed"
"/subjects/math/calculus/integration-applications/practice-exam-b-answer-key/","No incoming sequential textbook edge","machine-observed"
"/subjects/math/calculus/integration-applications/practice-exam-b/","No incoming sequential textbook edge","machine-observed"
"/subjects/math/calculus/integration-applications/probability-density/","No incoming sequential textbook edge","machine-observed"
"/subjects/math/calculus/integration-applications/pumping-liquids/","No incoming sequential textbook edge","machine-observed"
"/subjects/math/calculus/integration-applications/review/","No incoming sequential textbook edge","machine-observed"
"/subjects/math/calculus/integration-applications/spring-work/","No incoming sequential textbook edge","machine-observed"
"/subjects/math/calculus/integration-applications/volumes-by-slicing/","No incoming sequential textbook edge","machine-observed"
"/subjects/math/calculus/integration-applications/work-and-variable-force/","No incoming sequential textbook edge","machine-observed"
"/subjects/math/calculus/limits-continuity/unit/continuity/bisection-method/","No incoming sequential textbook edge","machine-observed"
"/subjects/math/calculus/limits-continuity/unit/continuity/continuity-at-a-point/","No incoming sequential textbook edge","machine-observed"
"/subjects/math/calculus/limits-continuity/unit/continuity/continuity-concept-quiz/","No incoming sequential textbook edge","machine-observed"
"/subjects/math/calculus/limits-continuity/unit/continuity/continuity-practice/","No incoming sequential textbook edge","machine-observed"
"/subjects/math/calculus/limits-continuity/unit/continuity/continuity-review/","No incoming sequential textbook edge","machine-observed"
"/subjects/math/calculus/limits-continuity/unit/continuity/continuous-functions/","No incoming sequential textbook edge","machine-observed"
"/subjects/math/calculus/limits-continuity/unit/continuity/intermediate-value-theorem/","No incoming sequential textbook edge","machine-observed"
"/subjects/math/calculus/limits-continuity/unit/continuity/intervals-endpoints/","No incoming sequential textbook edge","machine-observed"
"/subjects/math/calculus/limits-continuity/unit/continuity/piecewise-parameters/","No incoming sequential textbook edge","machine-observed"
"/subjects/math/calculus/limits-continuity/unit/continuity/repair-removable-discontinuity/","No incoming sequential textbook edge","machine-observed"
"/subjects/math/calculus/limits-continuity/unit/continuity/two-parameter-continuity/","No incoming sequential textbook edge","machine-observed"
"/subjects/math/calculus/limits-continuity/unit/continuity/types-of-discontinuity/","No incoming sequential textbook edge","machine-observed"
"/subjects/math/calculus/limits-continuity/unit/limits/absolute-value-piecewise/","No incoming sequential textbook edge","machine-observed"
"/subjects/math/calculus/limits-continuity/unit/limits/common-exam-errors/","No incoming sequential textbook edge","machine-observed"
"/subjects/math/calculus/limits-continuity/unit/limits/complete-asymptote-analysis/","No incoming sequential textbook edge","machine-observed"
"/subjects/math/calculus/limits-continuity/unit/limits/complex-fractions/","No incoming sequential textbook edge","machine-observed"
"/subjects/math/calculus/limits-continuity/unit/limits/cumulative-practice/","No incoming sequential textbook edge","machine-observed"
"/subjects/math/calculus/limits-continuity/unit/limits/direct-substitution/","No incoming sequential textbook edge","machine-observed"
"/subjects/math/calculus/limits-continuity/unit/limits/disprove-limit-epsilon-delta/","No incoming sequential textbook edge","machine-observed"
"/subjects/math/calculus/limits-continuity/unit/limits/epsilon-delta-concept-quiz/","No incoming sequential textbook edge","machine-observed"
"/subjects/math/calculus/limits-continuity/unit/limits/epsilon-delta-graph/","No incoming sequential textbook edge","machine-observed"
"/subjects/math/calculus/limits-continuity/unit/limits/epsilon-delta-introduction/","No incoming sequential textbook edge","machine-observed"
"/subjects/math/calculus/limits-continuity/unit/limits/epsilon-delta-linear/","No incoming sequential textbook edge","machine-observed"
"/subjects/math/calculus/limits-continuity/unit/limits/epsilon-delta-practice/","No incoming sequential textbook edge","machine-observed"
"/subjects/math/calculus/limits-continuity/unit/limits/epsilon-delta-quadratic/","No incoming sequential textbook edge","machine-observed"
"/subjects/math/calculus/limits-continuity/unit/limits/epsilon-delta-review/","No incoming sequential textbook edge","machine-observed"
"/subjects/math/calculus/limits-continuity/unit/limits/factoring-limits/","No incoming sequential textbook edge","machine-observed"
"/subjects/math/calculus/limits-continuity/unit/limits/finite-limit-decision-tree/","No incoming sequential textbook edge","machine-observed"
"/subjects/math/calculus/limits-continuity/unit/limits/finite-limits-concept-quiz/","No incoming sequential textbook edge","machine-observed"
"/subjects/math/calculus/limits-continuity/unit/limits/finite-limits-practice/","No incoming sequential textbook edge","machine-observed"
"/subjects/math/calculus/limits-continuity/unit/limits/finite-limits-review/","No incoming sequential textbook edge","machine-observed"
"/subjects/math/calculus/limits-continuity/unit/limits/formal-infinite-limits/","No incoming sequential textbook edge","machine-observed"
"/subjects/math/calculus/limits-continuity/unit/limits/function-value-vs-limit/","No incoming sequential textbook edge","machine-observed"
"/subjects/math/calculus/limits-continuity/unit/limits/infinite-behavior-concept-quiz/","No incoming sequential textbook edge","machine-observed"
"/subjects/math/calculus/limits-continuity/unit/limits/infinite-behavior-practice/","No incoming sequential textbook edge","machine-observed"
"/subjects/math/calculus/limits-continuity/unit/limits/infinite-behavior-review/","No incoming sequential textbook edge","machine-observed"
"/subjects/math/calculus/limits-continuity/unit/limits/infinity-minus-infinity/","No incoming sequential textbook edge","machine-observed"
"/subjects/math/calculus/limits-continuity/unit/limits/limit-at-a-hole/","No incoming sequential textbook edge","machine-observed"
"/subjects/math/calculus/limits-continuity/unit/limits/limit-laws/","No incoming sequential textbook edge","machine-observed"
"/subjects/math/calculus/limits-continuity/unit/limits/limits-at-infinity/","No incoming sequential textbook edge","machine-observed"
"/subjects/math/calculus/limits-continuity/unit/limits/meaning-concept-quiz/","No incoming sequential textbook edge","machine-observed"
"/subjects/math/calculus/limits-continuity/unit/limits/meaning-practice/","No incoming sequential textbook edge","machine-observed"
"/subjects/math/calculus/limits-continuity/unit/limits/meaning-review/","No incoming sequential textbook edge","machine-observed"
"/subjects/math/calculus/limits-continuity/unit/limits/notation-guide/","No incoming sequential textbook edge","machine-observed"
"/subjects/math/calculus/limits-continuity/unit/limits/one-sided-limits/","No incoming sequential textbook edge","machine-observed"
"/subjects/math/calculus/limits-continuity/unit/limits/practice-exam-a/","No incoming sequential textbook edge","machine-observed"
"/subjects/math/calculus/limits-continuity/unit/limits/practice-exam-a/answer-key/","No incoming sequential textbook edge","machine-observed"
"/subjects/math/calculus/limits-continuity/unit/limits/practice-exam-b/","No incoming sequential textbook edge","machine-observed"
"/subjects/math/calculus/limits-continuity/unit/limits/practice-exam-b/answer-key/","No incoming sequential textbook edge","machine-observed"
"/subjects/math/calculus/limits-continuity/unit/limits/radicals-at-infinity/","No incoming sequential textbook edge","machine-observed"
"/subjects/math/calculus/limits-continuity/unit/limits/ratio-of-sines/","No incoming sequential textbook edge","machine-observed"
"/subjects/math/calculus/limits-continuity/unit/limits/rationalizing-radicals/","No incoming sequential textbook edge","machine-observed"
"/subjects/math/calculus/limits-continuity/unit/limits/read-limits-from-graphs/","No incoming sequential textbook edge","machine-observed"
"/subjects/math/calculus/limits-continuity/unit/limits/scaled-sine-tangent/","No incoming sequential textbook edge","machine-observed"
"/subjects/math/calculus/limits-continuity/unit/limits/sin-x-over-x-proof/","No incoming sequential textbook edge","machine-observed"
"/subjects/math/calculus/limits-continuity/unit/limits/sin-x-over-x/","No incoming sequential textbook edge","machine-observed"
"/subjects/math/calculus/limits-continuity/unit/limits/slant-asymptotes/","No incoming sequential textbook edge","machine-observed"
"/subjects/math/calculus/limits-continuity/unit/limits/squeeze-theorem/","No incoming sequential textbook edge","machine-observed"
"/subjects/math/calculus/limits-continuity/unit/limits/unit-review/","No incoming sequential textbook edge","machine-observed"
"/subjects/math/calculus/limits-continuity/unit/limits/vertical-asymptotes/","No incoming sequential textbook edge","machine-observed"
"/subjects/math/calculus/limits-continuity/unit/limits/what-a-limit-means/","No incoming sequential textbook edge","machine-observed"
"/subjects/math/calculus/limits-continuity/unit/limits/when-a-limit-does-not-exist/","No incoming sequential textbook edge","machine-observed"
"/subjects/math/calculus/limits-continuity/unit/limits/why-limits-matter/","No incoming sequential textbook edge","machine-observed"
"/subjects/math/calculus/limits-continuity/unit/limits/zero-over-zero/","No incoming sequential textbook edge","machine-observed"
"/subjects/math/calculus/limits-continuity/unit/study/correct-practice-test/","No incoming sequential textbook edge","machine-observed"
"/subjects/math/calculus/power-series-and-taylor-series/algebra-with-power-series/","No incoming sequential textbook edge","machine-observed"
"/subjects/math/calculus/power-series-and-taylor-series/alternating-series-approximation/","No incoming sequential textbook edge","machine-observed"
"/subjects/math/calculus/power-series-and-taylor-series/binomial-series/","No incoming sequential textbook edge","machine-observed"
"/subjects/math/calculus/power-series-and-taylor-series/building-new-series/","No incoming sequential textbook edge","machine-observed"
"/subjects/math/calculus/power-series-and-taylor-series/common-errors/","No incoming sequential textbook edge","machine-observed"
"/subjects/math/calculus/power-series-and-taylor-series/concept-quiz/","No incoming sequential textbook edge","machine-observed"
"/subjects/math/calculus/power-series-and-taylor-series/differentiating-and-integrating-power-series/","No incoming sequential textbook edge","machine-observed"
"/subjects/math/calculus/power-series-and-taylor-series/endpoint-testing/","No incoming sequential textbook edge","machine-observed"
"/subjects/math/calculus/power-series-and-taylor-series/geometric-series-library/","No incoming sequential textbook edge","machine-observed"
"/subjects/math/calculus/power-series-and-taylor-series/logarithm-and-arctangent-series/","No incoming sequential textbook edge","machine-observed"
"/subjects/math/calculus/power-series-and-taylor-series/maclaurin-series/","No incoming sequential textbook edge","machine-observed"
"/subjects/math/calculus/power-series-and-taylor-series/mixed-practice/","No incoming sequential textbook edge","machine-observed"
"/subjects/math/calculus/power-series-and-taylor-series/power-series-as-functions/","No incoming sequential textbook edge","machine-observed"
"/subjects/math/calculus/power-series-and-taylor-series/power-series-review/","No incoming sequential textbook edge","machine-observed"
"/subjects/math/calculus/power-series-and-taylor-series/practice-exam-a-answer-key/","No incoming sequential textbook edge","machine-observed"
"/subjects/math/calculus/power-series-and-taylor-series/practice-exam-a/","No incoming sequential textbook edge","machine-observed"
"/subjects/math/calculus/power-series-and-taylor-series/practice-exam-b-answer-key/","No incoming sequential textbook edge","machine-observed"
"/subjects/math/calculus/power-series-and-taylor-series/practice-exam-b/","No incoming sequential textbook edge","machine-observed"
"/subjects/math/calculus/power-series-and-taylor-series/radius-and-interval-of-convergence/","No incoming sequential textbook edge","machine-observed"
"/subjects/math/calculus/power-series-and-taylor-series/ratio-test-for-power-series/","No incoming sequential textbook edge","machine-observed"
"/subjects/math/calculus/power-series-and-taylor-series/reference-sheet/","No incoming sequential textbook edge","machine-observed"
"/subjects/math/calculus/power-series-and-taylor-series/series-for-definite-integrals/","No incoming sequential textbook edge","machine-observed"
"/subjects/math/calculus/power-series-and-taylor-series/series-solutions-preview/","No incoming sequential textbook edge","machine-observed"
"/subjects/math/calculus/power-series-and-taylor-series/small-angle-physics/","No incoming sequential textbook edge","machine-observed"
"/subjects/math/calculus/power-series-and-taylor-series/standard-maclaurin-series/","No incoming sequential textbook edge","machine-observed"
"/subjects/math/calculus/power-series-and-taylor-series/taylor-polynomials/","No incoming sequential textbook edge","machine-observed"
"/subjects/math/calculus/power-series-and-taylor-series/taylor-remainder-theorem/","No incoming sequential textbook edge","machine-observed"
"/subjects/math/calculus/power-series-and-taylor-series/taylor-series-centered-at-a/","No incoming sequential textbook edge","machine-observed"
"/subjects/math/calculus/power-series-and-taylor-series/taylor-series-review/","No incoming sequential textbook edge","machine-observed"
"/subjects/math/calculus/power-series-and-taylor-series/uniform-convergence-preview/","No incoming sequential textbook edge","machine-observed"
"/subjects/math/calculus/sequences-and-series/absolute-and-conditional-convergence/","No incoming sequential textbook edge","machine-observed"
"/subjects/math/calculus/sequences-and-series/alternating-series-error/","No incoming sequential textbook edge","machine-observed"
"/subjects/math/calculus/sequences-and-series/alternating-series-test/","No incoming sequential textbook edge","machine-observed"
"/subjects/math/calculus/sequences-and-series/cauchy-criterion-preview/","No incoming sequential textbook edge","machine-observed"
"/subjects/math/calculus/sequences-and-series/choosing-a-convergence-test/","No incoming sequential textbook edge","machine-observed"
"/subjects/math/calculus/sequences-and-series/common-errors/","No incoming sequential textbook edge","machine-observed"
"/subjects/math/calculus/sequences-and-series/concept-quiz/","No incoming sequential textbook edge","machine-observed"
"/subjects/math/calculus/sequences-and-series/convergence-tests-review/","No incoming sequential textbook edge","machine-observed"
"/subjects/math/calculus/sequences-and-series/direct-comparison-test/","No incoming sequential textbook edge","machine-observed"
"/subjects/math/calculus/sequences-and-series/explicit-and-recursive-sequences/","No incoming sequential textbook edge","machine-observed"
"/subjects/math/calculus/sequences-and-series/geometric-series/","No incoming sequential textbook edge","machine-observed"
"/subjects/math/calculus/sequences-and-series/harmonic-and-p-series/","No incoming sequential textbook edge","machine-observed"
"/subjects/math/calculus/sequences-and-series/infinite-series-and-partial-sums/","No incoming sequential textbook edge","machine-observed"
"/subjects/math/calculus/sequences-and-series/integral-test-remainder-estimates/","No incoming sequential textbook edge","machine-observed"
"/subjects/math/calculus/sequences-and-series/integral-test/","No incoming sequential textbook edge","machine-observed"
"/subjects/math/calculus/sequences-and-series/limit-comparison-test/","No incoming sequential textbook edge","machine-observed"
"/subjects/math/calculus/sequences-and-series/limits-of-sequences/","No incoming sequential textbook edge","machine-observed"
"/subjects/math/calculus/sequences-and-series/monotone-and-bounded-sequences/","No incoming sequential textbook edge","machine-observed"
"/subjects/math/calculus/sequences-and-series/nth-term-divergence-test/","No incoming sequential textbook edge","machine-observed"
"/subjects/math/calculus/sequences-and-series/practice-exam-a-answer-key/","No incoming sequential textbook edge","machine-observed"
"/subjects/math/calculus/sequences-and-series/practice-exam-a/","No incoming sequential textbook edge","machine-observed"
"/subjects/math/calculus/sequences-and-series/practice-exam-b-answer-key/","No incoming sequential textbook edge","machine-observed"
"/subjects/math/calculus/sequences-and-series/practice-exam-b/","No incoming sequential textbook edge","machine-observed"
"/subjects/math/calculus/sequences-and-series/prerequisite-diagnostic/","No incoming sequential textbook edge","machine-observed"
"/subjects/math/calculus/sequences-and-series/ratio-test/","No incoming sequential textbook edge","machine-observed"
"/subjects/math/calculus/sequences-and-series/reference-sheet/","No incoming sequential textbook edge","machine-observed"
"/subjects/math/calculus/sequences-and-series/root-test/","No incoming sequential textbook edge","machine-observed"
"/subjects/math/calculus/sequences-and-series/sequence-limit-laws/","No incoming sequential textbook edge","machine-observed"
"/subjects/math/calculus/sequences-and-series/sequence-review/","No incoming sequential textbook edge","machine-observed"
"/subjects/math/calculus/sequences-and-series/sequences-as-functions/","No incoming sequential textbook edge","machine-observed"
"/subjects/math/calculus/sequences-and-series/squeeze-theorem-for-sequences/","No incoming sequential textbook edge","machine-observed"
"/subjects/math/calculus/sequences-and-series/telescoping-series/","No incoming sequential textbook edge","machine-observed"
"/subjects/math/calculus/sequences-and-series/test-selection-practice/","No incoming sequential textbook edge","machine-observed"
