route,page_role,from_home_all,from_home_navigation,from_home_contextual
"/","home","0","0","0"
"/about/","policy","1","1",""
"/accessibility/","policy","1","1",""
"/answers/","directory","1","1","1"
"/answers/calculus/integral-of-sec-cubed/","answer","1","2","1"
"/corrections/","policy","1","1",""
"/editorial-policy/","policy","1","1",""
"/glossary/","glossary-hub","","",""
"/glossary/math/","glossary-hub","1","1",""
"/glossary/math/absolute-convergence/","glossary-term","2","2",""
"/glossary/math/antiderivative/","glossary-term","2","2",""
"/glossary/math/chain-rule/","glossary-term","2","2",""
"/glossary/math/continuity/","glossary-term","2","2",""
"/glossary/math/conventions/","glossary-term","1","1",""
"/glossary/math/critical-number/","glossary-term","2","2",""
"/glossary/math/definite-integral/","glossary-term","2","2",""
"/glossary/math/derivative/","glossary-term","2","2",""
"/glossary/math/fundamental-theorem-calculus/","glossary-term","2","2",""
"/glossary/math/geometric-series/","glossary-term","2","2",""
"/glossary/math/implicit-differentiation/","glossary-term","2","2",""
"/glossary/math/improper-integral/","glossary-term","2","2",""
"/glossary/math/integration-by-parts/","glossary-term","2","2",""
"/glossary/math/limit/","glossary-term","2","2",""
"/glossary/math/local-maximum/","glossary-term","2","2",""
"/glossary/math/local-minimum/","glossary-term","2","2",""
"/glossary/math/one-sided-limit/","glossary-term","2","2",""
"/glossary/math/optimization/","glossary-term","2","2",""
"/glossary/math/power-series/","glossary-term","2","2",""
"/glossary/math/radius-of-convergence/","glossary-term","2","2",""
"/glossary/math/related-rates/","glossary-term","2","2",""
"/glossary/math/sequence/","glossary-term","2","2",""
"/glossary/math/series/","glossary-term","2","2",""
"/glossary/math/taylor-series/","glossary-term","2","2",""
"/glossary/math/u-substitution/","glossary-term","2","2",""
"/how-we-verify/","policy","1","1",""
"/learn/calculus/integration-by-parts/","method-guide","1","2","1"
"/practice/","directory","1","1","1"
"/practice/math/","assessment","2","2",""
"/practice/math/calculus/","assessment","1","1",""
"/practice/math/calculus/challenges/integration-bee/","assessment","1","","1"
"/practice/math/calculus/diagnostics/calculus-readiness/","assessment","1","","1"
"/practice/math/calculus/exams/calculus-foundations/","practice-exam","2","",""
"/practice/math/calculus/quizzes/integration-method-selection/","assessment","1","","1"
"/privacy/","policy","1","1",""
"/resources/","resource-library","1","1",""
"/search/","search","1","1",""
"/source-policy/","policy","1","1",""
"/subjects/","subject-hub","1","1","1"
"/subjects/math/","subject-hub","1","1",""
"/subjects/math/algebra/","course-hub","1","1",""
"/subjects/math/algebra/expressions-equations/","quick-answer","2","",""
"/subjects/math/algebra/expressions-equations/combining-like-terms/","method-guide","1","1",""
"/subjects/math/algebra/expressions-equations/distributive-property/","method-guide","1","1",""
"/subjects/math/algebra/expressions-equations/evaluating-expressions-by-substitution/","method-guide","2","",""
"/subjects/math/algebra/expressions-equations/order-of-operations-with-variables/","method-guide","1","1",""
"/subjects/math/algebra/expressions-equations/solving-linear-equations/","decision-guide","1","1",""
"/subjects/math/algebra/expressions-equations/variables-on-both-sides/","decision-guide","1","1",""
"/subjects/math/algebra/linear-relationships/","quick-answer","2","",""
"/subjects/math/algebra/linear-relationships/equation-from-two-points/","decision-guide","2","2",""
"/subjects/math/algebra/linear-relationships/graphing-linear-equations-from-standard-form/","decision-guide","3","",""
"/subjects/math/algebra/linear-relationships/interpreting-linear-models/","quick-answer","2","2",""
"/subjects/math/algebra/linear-relationships/parallel-perpendicular-lines/","decision-guide","2","2",""
"/subjects/math/algebra/linear-relationships/point-slope-vs-slope-intercept/","quick-answer","2","2",""
"/subjects/math/algebra/linear-relationships/slope-as-rate-of-change/","quick-answer","1","1",""
"/subjects/math/algebra/polynomials-factoring/","quick-answer","2","",""
"/subjects/math/algebra/polynomials-factoring/completing-the-square/","decision-guide","3","",""
"/subjects/math/algebra/polynomials-factoring/exponent-rules/","method-guide","2","",""
"/subjects/math/algebra/polynomials-factoring/factoring-trinomials/","decision-guide","3","",""
"/subjects/math/algebra/polynomials-factoring/greatest-common-factor/","decision-guide","2","",""
"/subjects/math/algebra/polynomials-factoring/multiply-polynomials/","decision-guide","2","",""
"/subjects/math/algebra/polynomials-factoring/special-factor-patterns/","decision-guide","3","",""
"/subjects/math/algebra/radicals-exponents-functions/","quick-answer","2","",""
"/subjects/math/algebra/radicals-exponents-functions/exponential-growth-and-decay/","decision-guide","3","",""
"/subjects/math/algebra/radicals-exponents-functions/function-notation/","quick-answer","2","",""
"/subjects/math/algebra/radicals-exponents-functions/inverse-functions-vs-reciprocals/","decision-guide","3","",""
"/subjects/math/algebra/radicals-exponents-functions/rational-exponents/","method-guide","3","",""
"/subjects/math/algebra/radicals-exponents-functions/simplifying-radicals/","method-guide","3","",""
"/subjects/math/algebra/radicals-exponents-functions/solving-radical-equations/","method-guide","3","",""
"/subjects/math/algebra/rational-expressions/","quick-answer","2","",""
"/subjects/math/algebra/rational-expressions/add-subtract-rational-expressions/","method-guide","3","",""
"/subjects/math/algebra/rational-expressions/direct-inverse-variation/","quick-answer","3","",""
"/subjects/math/algebra/rational-expressions/rational-domain-restrictions/","method-guide","3","",""
"/subjects/math/algebra/rational-expressions/simplifying-complex-rational-expressions/","method-guide","3","",""
"/subjects/math/algebra/rational-expressions/simplifying-rational-expressions/","method-guide","3","",""
"/subjects/math/algebra/rational-expressions/solving-rational-equations/","method-guide","3","",""
"/subjects/math/algebra/systems-inequalities/","quick-answer","2","",""
"/subjects/math/algebra/systems-inequalities/choosing-system-method/","decision-guide","3","",""
"/subjects/math/algebra/systems-inequalities/compound-inequalities/","method-guide","3","",""
"/subjects/math/algebra/systems-inequalities/elimination-systems/","decision-guide","3","",""
"/subjects/math/algebra/systems-inequalities/graphing-linear-inequalities/","decision-guide","3","",""
"/subjects/math/algebra/systems-inequalities/no-one-infinite-solutions/","decision-guide","2","",""
"/subjects/math/algebra/systems-inequalities/substitution-systems/","decision-guide","3","",""
"/subjects/math/calculus/","course-hub","1","1",""
"/subjects/math/calculus/derivative-applications/","unit-hub","2","2",""
"/subjects/math/calculus/derivative-applications/advanced-cauchy-mvt/","textbook-lesson","3","3",""
"/subjects/math/calculus/derivative-applications/advanced-convexity/","textbook-lesson","3","3",""
"/subjects/math/calculus/derivative-applications/advanced-newton-convergence/","textbook-lesson","3","3",""
"/subjects/math/calculus/derivative-applications/advanced-notes/","textbook-lesson","2","2",""
"/subjects/math/calculus/derivative-applications/advanced-sensitivity-elasticity/","textbook-lesson","3","3",""
"/subjects/math/calculus/derivative-applications/anatomy-of-optimization/","textbook-lesson","3","3",""
"/subjects/math/calculus/derivative-applications/approximation-concept-quiz/","textbook-lesson","2","3",""
"/subjects/math/calculus/derivative-applications/approximation-review/","textbook-lesson","3","3",""
"/subjects/math/calculus/derivative-applications/bridge-diagnostic/","textbook-lesson","2","3",""
"/subjects/math/calculus/derivative-applications/closed-interval-method/","textbook-lesson","3","3",""
"/subjects/math/calculus/derivative-applications/common-errors/","textbook-lesson","3","3",""
"/subjects/math/calculus/derivative-applications/concavity/","textbook-lesson","3","3",""
"/subjects/math/calculus/derivative-applications/cumulative-practice/","textbook-lesson","2","3",""
"/subjects/math/calculus/derivative-applications/curve-sketching-from-derivatives/","method-guide","3","",""
"/subjects/math/calculus/derivative-applications/curve-sketching/","textbook-lesson","3","3",""
"/subjects/math/calculus/derivative-applications/derivative-graphs/","textbook-lesson","3","3",""
"/subjects/math/calculus/derivative-applications/differentials/","textbook-lesson","3","3",""
"/subjects/math/calculus/derivative-applications/error-estimation/","textbook-lesson","3","3",""
"/subjects/math/calculus/derivative-applications/extrema-and-critical-numbers/","textbook-lesson","2","2",""
"/subjects/math/calculus/derivative-applications/first-derivative-test/","textbook-lesson","3","3",""
"/subjects/math/calculus/derivative-applications/graph-analysis-story/","textbook-lesson","3","3",""
"/subjects/math/calculus/derivative-applications/how-to-translate-word-problems/","textbook-lesson","3","3",""
"/subjects/math/calculus/derivative-applications/increasing-decreasing/","textbook-lesson","3","3",""
"/subjects/math/calculus/derivative-applications/interpretation-concept-quiz/","textbook-lesson","2","3",""
"/subjects/math/calculus/derivative-applications/interpretation-review/","textbook-lesson","3","3",""
"/subjects/math/calculus/derivative-applications/interpreting-derivatives/","textbook-lesson","3","3",""
"/subjects/math/calculus/derivative-applications/interpreting-higher-derivatives/","textbook-lesson","2","2",""
"/subjects/math/calculus/derivative-applications/lhopital-concept-quiz/","textbook-lesson","2","3",""
"/subjects/math/calculus/derivative-applications/lhopital-infinity-over-infinity/","textbook-lesson","3","3",""
"/subjects/math/calculus/derivative-applications/lhopital-is-not-cancellation/","textbook-lesson","3","3",""
"/subjects/math/calculus/derivative-applications/lhopital-review/","textbook-lesson","3","3",""
"/subjects/math/calculus/derivative-applications/lhopital-rule/","textbook-lesson","2","2",""
"/subjects/math/calculus/derivative-applications/lhopital-zero-over-zero/","textbook-lesson","3","3",""
"/subjects/math/calculus/derivative-applications/linear-approximation/","method-guide","3","",""
"/subjects/math/calculus/derivative-applications/linearization-practice/","textbook-lesson","3","3",""
"/subjects/math/calculus/derivative-applications/local-linearity/","textbook-lesson","2","2",""
"/subjects/math/calculus/derivative-applications/manufacturing-tolerance/","textbook-lesson","3","3",""
"/subjects/math/calculus/derivative-applications/marginal-analysis/","textbook-lesson","3","3",""
"/subjects/math/calculus/derivative-applications/mean-value-theorem/","textbook-lesson","3","3",""
"/subjects/math/calculus/derivative-applications/medication-concentration/","textbook-lesson","3","3",""
"/subjects/math/calculus/derivative-applications/modeling-studio-review/","textbook-lesson","3","3",""
"/subjects/math/calculus/derivative-applications/modeling-studio/","textbook-lesson","2","2",""
"/subjects/math/calculus/derivative-applications/newtons-method/","textbook-lesson","3","3",""
"/subjects/math/calculus/derivative-applications/optimization-business-science/","textbook-lesson","3","3",""
"/subjects/math/calculus/derivative-applications/optimization-closed-interval/","textbook-lesson","3","3",""
"/subjects/math/calculus/derivative-applications/optimization-concept-quiz/","textbook-lesson","2","3",""
"/subjects/math/calculus/derivative-applications/optimization-geometry/","textbook-lesson","3","3",""
"/subjects/math/calculus/derivative-applications/optimization-modeling/","textbook-lesson","2","2",""
"/subjects/math/calculus/derivative-applications/optimization-review/","textbook-lesson","3","3",""
"/subjects/math/calculus/derivative-applications/optimization/","method-guide","3","",""
"/subjects/math/calculus/derivative-applications/other-indeterminate-forms/","textbook-lesson","3","3",""
"/subjects/math/calculus/derivative-applications/position-velocity-acceleration/","textbook-lesson","3","3",""
"/subjects/math/calculus/derivative-applications/practice-exam-a-answer-key/","textbook-lesson","2","2",""
"/subjects/math/calculus/derivative-applications/practice-exam-a/","textbook-lesson","2","3",""
"/subjects/math/calculus/derivative-applications/practice-exam-b-answer-key/","textbook-lesson","2","3",""
"/subjects/math/calculus/derivative-applications/practice-exam-b/","textbook-lesson","2","3",""
"/subjects/math/calculus/derivative-applications/radar-tracking/","textbook-lesson","3","3",""
"/subjects/math/calculus/derivative-applications/rates-from-data/","textbook-lesson","3","3",""
"/subjects/math/calculus/derivative-applications/reference/","textbook-lesson","3","3",""
"/subjects/math/calculus/derivative-applications/related-rates-angle/","textbook-lesson","3","3",""
"/subjects/math/calculus/derivative-applications/related-rates-concept-quiz/","textbook-lesson","2","3",""
"/subjects/math/calculus/derivative-applications/related-rates-mixed/","textbook-lesson","3","3",""
"/subjects/math/calculus/derivative-applications/related-rates-pythagorean/","textbook-lesson","3","3",""
"/subjects/math/calculus/derivative-applications/related-rates-review/","textbook-lesson","3","3",""
"/subjects/math/calculus/derivative-applications/related-rates-shadows/","textbook-lesson","3","3",""
"/subjects/math/calculus/derivative-applications/related-rates-volume/","textbook-lesson","3","3",""
"/subjects/math/calculus/derivative-applications/related-rates-workflow/","textbook-lesson","2","2",""
"/subjects/math/calculus/derivative-applications/related-rates/","method-guide","4","",""
"/subjects/math/calculus/derivative-applications/repeated-lhopital/","textbook-lesson","3","3",""
"/subjects/math/calculus/derivative-applications/rolles-theorem/","textbook-lesson","3","3",""
"/subjects/math/calculus/derivative-applications/second-derivative-test/","textbook-lesson","3","3",""
"/subjects/math/calculus/derivative-applications/speeding-up-slowing-down/","textbook-lesson","3","3",""
"/subjects/math/calculus/derivative-applications/stopping-distance/","textbook-lesson","3","3",""
"/subjects/math/calculus/derivative-applications/theorems-shape-concept-quiz/","textbook-lesson","2","3",""
"/subjects/math/calculus/derivative-applications/theorems-shape-review/","textbook-lesson","3","3",""
"/subjects/math/calculus/derivative-applications/unit-2b-review/","decision-guide","2","4",""
"/subjects/math/calculus/derivative-applications/when-not-lhopital/","textbook-lesson","3","3",""
"/subjects/math/calculus/derivative-applications/why-linear-approximation-works/","textbook-lesson","3","3",""
"/subjects/math/calculus/derivative-applications/why-related-rates-feel-hard/","textbook-lesson","3","3",""
"/subjects/math/calculus/derivatives/","unit-hub","1","1",""
"/subjects/math/calculus/derivatives/advanced-chain-rule-linear-maps/","textbook-lesson","2","2",""
"/subjects/math/calculus/derivatives/advanced-darboux-derivatives/","textbook-lesson","2","2",""
"/subjects/math/calculus/derivatives/advanced-implicit-function-theorem/","textbook-lesson","2","2",""
"/subjects/math/calculus/derivatives/advanced-local-linearity-little-o/","textbook-lesson","2","2",""
"/subjects/math/calculus/derivatives/advanced-notes-2a/","textbook-lesson","2","2",""
"/subjects/math/calculus/derivatives/chain-exp-log/","textbook-lesson","2","2",""
"/subjects/math/calculus/derivatives/chain-rule-basic/","textbook-lesson","2","2",""
"/subjects/math/calculus/derivatives/chain-rule-concept-quiz/","textbook-lesson","2","2",""
"/subjects/math/calculus/derivatives/chain-rule-map/","textbook-lesson","2","2",""
"/subjects/math/calculus/derivatives/chain-rule-review/","textbook-lesson","2","2",""
"/subjects/math/calculus/derivatives/chain-rule/","method-guide","2","",""
"/subjects/math/calculus/derivatives/chain-trig/","textbook-lesson","2","2",""
"/subjects/math/calculus/derivatives/combined-rules/","textbook-lesson","2","2",""
"/subjects/math/calculus/derivatives/composition/","textbook-lesson","2","2",""
"/subjects/math/calculus/derivatives/core-rules-concept-quiz/","textbook-lesson","2","2",""
"/subjects/math/calculus/derivatives/core-rules-review/","textbook-lesson","2","2",""
"/subjects/math/calculus/derivatives/derivative-at-a-point/","textbook-lesson","2","2",""
"/subjects/math/calculus/derivatives/derivative-computation-strategy/","textbook-lesson","2","2",""
"/subjects/math/calculus/derivatives/derivative-function/","textbook-lesson","2","2",""
"/subjects/math/calculus/derivatives/derivative-of-x-to-the-x/","quick-answer","2","",""
"/subjects/math/calculus/derivatives/derivatives-of-inverse-trig-functions/","method-guide","2","",""
"/subjects/math/calculus/derivatives/difference-quotient-algebra/","textbook-lesson","2","2",""
"/subjects/math/calculus/derivatives/differentiability-and-continuity/","textbook-lesson","2","2",""
"/subjects/math/calculus/derivatives/exponential-e/","textbook-lesson","2","2",""
"/subjects/math/calculus/derivatives/foundations-concept-quiz/","textbook-lesson","2","2",""
"/subjects/math/calculus/derivatives/foundations-review/","textbook-lesson","2","2",""
"/subjects/math/calculus/derivatives/from-graphs-and-tables/","textbook-lesson","2","2",""
"/subjects/math/calculus/derivatives/general-exponential/","textbook-lesson","2","2",""
"/subjects/math/calculus/derivatives/general-logarithms/","textbook-lesson","2","2",""
"/subjects/math/calculus/derivatives/higher-derivative-techniques/","textbook-lesson","2","2",""
"/subjects/math/calculus/derivatives/higher-derivatives/","textbook-lesson","2","2",""
"/subjects/math/calculus/derivatives/implicit-differentiation/","textbook-lesson","2","2",""
"/subjects/math/calculus/derivatives/implicit-inverse-concept-quiz/","textbook-lesson","2","2",""
"/subjects/math/calculus/derivatives/implicit-inverse-review/","textbook-lesson","2","2",""
"/subjects/math/calculus/derivatives/implicit-second-derivative/","textbook-lesson","2","2",""
"/subjects/math/calculus/derivatives/implicit-tangent-lines/","textbook-lesson","2","2",""
"/subjects/math/calculus/derivatives/inverse-function-rule/","textbook-lesson","2","2",""
"/subjects/math/calculus/derivatives/inverse-trig/","textbook-lesson","2","2",""
"/subjects/math/calculus/derivatives/logarithmic-differentiation/","textbook-lesson","2","2",""
"/subjects/math/calculus/derivatives/multiple-chain-layers/","textbook-lesson","2","2",""
"/subjects/math/calculus/derivatives/natural-log/","textbook-lesson","2","2",""
"/subjects/math/calculus/derivatives/negative-fractional-powers/","textbook-lesson","2","2",""
"/subjects/math/calculus/derivatives/notation-and-units/","textbook-lesson","2","2",""
"/subjects/math/calculus/derivatives/notation-guide/","textbook-lesson","2","2",""
"/subjects/math/calculus/derivatives/other-trig-functions/","textbook-lesson","2","2",""
"/subjects/math/calculus/derivatives/power-rule/","textbook-lesson","2","2",""
"/subjects/math/calculus/derivatives/practice-exam-a-answer-key/","textbook-lesson","2","2",""
"/subjects/math/calculus/derivatives/practice-exam-b-answer-key/","textbook-lesson","2","2",""
"/subjects/math/calculus/derivatives/prerequisite-diagnostic/","textbook-lesson","2","2",""
"/subjects/math/calculus/derivatives/product-rule-vs-quotient-rule/","decision-guide","2","",""
"/subjects/math/calculus/derivatives/product-rule/","textbook-lesson","2","2",""
"/subjects/math/calculus/derivatives/quotient-rule/","textbook-lesson","2","2",""
"/subjects/math/calculus/derivatives/rule-selection/","textbook-lesson","2","2",""
"/subjects/math/calculus/derivatives/sine-and-cosine/","textbook-lesson","2","2",""
"/subjects/math/calculus/derivatives/special-functions-concept-quiz/","textbook-lesson","2","2",""
"/subjects/math/calculus/derivatives/special-functions-review/","textbook-lesson","2","2",""
"/subjects/math/calculus/derivatives/sum-and-constant-multiple-rules/","textbook-lesson","2","2",""
"/subjects/math/calculus/derivatives/tangent-line-equation/","textbook-lesson","2","2",""
"/subjects/math/calculus/derivatives/unit-2a-common-errors/","textbook-lesson","2","2",""
"/subjects/math/calculus/derivatives/unit-2a-cumulative-practice/","textbook-lesson","2","2",""
"/subjects/math/calculus/derivatives/unit-2a-practice-exam-a/","textbook-lesson","2","2",""
"/subjects/math/calculus/derivatives/unit-2a-practice-exam-b/","textbook-lesson","2","2",""
"/subjects/math/calculus/derivatives/unit-2a-reference/","textbook-lesson","2","2",""
"/subjects/math/calculus/derivatives/unit-2a-review/","textbook-lesson","2","2",""
"/subjects/math/calculus/derivatives/variable-exponents/","textbook-lesson","2","2",""
"/subjects/math/calculus/derivatives/what-does-derivative-mean/","textbook-lesson","2","2",""
"/subjects/math/calculus/derivatives/what-implicit-means/","textbook-lesson","2","2",""
"/subjects/math/calculus/derivatives/why-derivative-rules-work/","textbook-lesson","2","2",""
"/subjects/math/calculus/derivatives/why-derivatives-matter/","textbook-lesson","2","2",""
"/subjects/math/calculus/derivatives/why-special-derivatives-are-not-random/","textbook-lesson","2","2",""
"/subjects/math/calculus/formula-sheets/","resource-hub","3","",""
"/subjects/math/calculus/formula-sheets/derivative-rules/","formula-sheet","2","2",""
"/subjects/math/calculus/integrals/","unit-hub","1","1",""
"/subjects/math/calculus/integrals/accumulation-functions/","textbook-lesson","2","2",""
"/subjects/math/calculus/integrals/antiderivatives/","textbook-lesson","2","2",""
"/subjects/math/calculus/integrals/average-value-of-a-function/","textbook-lesson","2","2",""
"/subjects/math/calculus/integrals/basic-antiderivative-rules/","textbook-lesson","2","2",""
"/subjects/math/calculus/integrals/common-errors/","textbook-lesson","2","2",""
"/subjects/math/calculus/integrals/cumulative-practice/","textbook-lesson","2","2",""
"/subjects/math/calculus/integrals/definite-integral-signed-area/","textbook-lesson","2","2",""
"/subjects/math/calculus/integrals/definite-integrals-by-substitution/","textbook-lesson","2","2",""
"/subjects/math/calculus/integrals/displacement-and-distance/","textbook-lesson","2","2",""
"/subjects/math/calculus/integrals/fundamental-theorem-part-one/","textbook-lesson","2","2",""
"/subjects/math/calculus/integrals/fundamental-theorem-part-two/","textbook-lesson","2","2",""
"/subjects/math/calculus/integrals/improper-integrals-infinite-intervals/","textbook-lesson","2","2",""
"/subjects/math/calculus/integrals/improper-integrals-unbounded-functions/","textbook-lesson","2","2",""
"/subjects/math/calculus/integrals/indefinite-integrals-and-c/","textbook-lesson","2","2",""
"/subjects/math/calculus/integrals/initial-value-problems/","textbook-lesson","2","2",""
"/subjects/math/calculus/integrals/integration-by-parts/","textbook-lesson","2","2",""
"/subjects/math/calculus/integrals/integration-strategy/","textbook-lesson","2","2",""
"/subjects/math/calculus/integrals/left-right-midpoint-riemann-sums/","textbook-lesson","2","2",""
"/subjects/math/calculus/integrals/net-change-theorem/","textbook-lesson","2","2",""
"/subjects/math/calculus/integrals/numerical-integration/","textbook-lesson","2","2",""
"/subjects/math/calculus/integrals/partial-fractions/","textbook-lesson","2","2",""
"/subjects/math/calculus/integrals/partitions-and-sigma-notation/","textbook-lesson","2","2",""
"/subjects/math/calculus/integrals/practice-exam-a-answer-key/","textbook-lesson","2","2",""
"/subjects/math/calculus/integrals/practice-exam-a/","textbook-lesson","2","2",""
"/subjects/math/calculus/integrals/practice-exam-b-answer-key/","textbook-lesson","2","2",""
"/subjects/math/calculus/integrals/practice-exam-b/","textbook-lesson","2","2",""
"/subjects/math/calculus/integrals/properties-of-definite-integrals/","textbook-lesson","2","2",""
"/subjects/math/calculus/integrals/rates-to-total-change/","textbook-lesson","2","2",""
"/subjects/math/calculus/integrals/review/","textbook-lesson","2","2",""
"/subjects/math/calculus/integrals/riemann-sum-limit/","textbook-lesson","2","2",""
"/subjects/math/calculus/integrals/simpsons-rule/","textbook-lesson","2","2",""
"/subjects/math/calculus/integrals/substitution/","textbook-lesson","2","2",""
"/subjects/math/calculus/integrals/trigonometric-integrals/","textbook-lesson","2","2",""
"/subjects/math/calculus/integrals/trigonometric-substitution/","textbook-lesson","2","2",""
"/subjects/math/calculus/integrals/variable-limits-and-chain-rule/","textbook-lesson","2","2",""
"/subjects/math/calculus/integration-applications/","unit-hub","2","2",""
"/subjects/math/calculus/integration-applications/arc-length/","textbook-lesson","2","2",""
"/subjects/math/calculus/integration-applications/area-between-curves/","textbook-lesson","2","2",""
"/subjects/math/calculus/integration-applications/average-value-of-a-function/","method-guide","","",""
"/subjects/math/calculus/integration-applications/choosing-a-volume-method/","textbook-lesson","3","3",""
"/subjects/math/calculus/integration-applications/common-errors/","textbook-lesson","3","3",""
"/subjects/math/calculus/integration-applications/cumulative-practice/","textbook-lesson","2","3",""
"/subjects/math/calculus/integration-applications/cylindrical-shells/","textbook-lesson","3","3",""
"/subjects/math/calculus/integration-applications/density-and-mass/","textbook-lesson","3","3",""
"/subjects/math/calculus/integration-applications/disks-and-washers/","textbook-lesson","3","3",""
"/subjects/math/calculus/integration-applications/fluid-pressure/","textbook-lesson","3","3",""
"/subjects/math/calculus/integration-applications/horizontal-slices/","textbook-lesson","3","3",""
"/subjects/math/calculus/integration-applications/marginal-quantities/","textbook-lesson","3","3",""
"/subjects/math/calculus/integration-applications/moments-and-center-of-mass/","textbook-lesson","3","3",""
"/subjects/math/calculus/integration-applications/physics-application-studio/","textbook-lesson","2","3",""
"/subjects/math/calculus/integration-applications/practice-exam-a-answer-key/","textbook-lesson","2","3",""
"/subjects/math/calculus/integration-applications/practice-exam-a/","textbook-lesson","2","3",""
"/subjects/math/calculus/integration-applications/practice-exam-b-answer-key/","textbook-lesson","2","3",""
"/subjects/math/calculus/integration-applications/practice-exam-b/","textbook-lesson","2","3",""
"/subjects/math/calculus/integration-applications/probability-density/","textbook-lesson","3","3",""
"/subjects/math/calculus/integration-applications/pumping-liquids/","textbook-lesson","3","3",""
"/subjects/math/calculus/integration-applications/review/","textbook-lesson","2","2",""
"/subjects/math/calculus/integration-applications/spring-work/","textbook-lesson","3","3",""
"/subjects/math/calculus/integration-applications/surface-area-of-revolution/","textbook-lesson","3","3",""
"/subjects/math/calculus/integration-applications/volumes-by-slicing/","textbook-lesson","3","3",""
"/subjects/math/calculus/integration-applications/washer-vs-shell/","decision-guide","","",""
"/subjects/math/calculus/integration-applications/work-and-fluid-force/","decision-guide","","",""
"/subjects/math/calculus/integration-applications/work-and-variable-force/","textbook-lesson","2","2",""
"/subjects/math/calculus/integration-techniques/","quick-answer","2","2",""
"/subjects/math/calculus/integration-techniques/improper-integrals/","quick-answer","2","3",""
"/subjects/math/calculus/integration-techniques/integration-by-parts-strategy/","decision-guide","3","3",""
"/subjects/math/calculus/integration-techniques/partial-fractions/","decision-guide","2","3",""
"/subjects/math/calculus/integration-techniques/trigonometric-integrals/","decision-guide","2","3",""
"/subjects/math/calculus/integration-techniques/trigonometric-substitution/","decision-guide","3","3",""
"/subjects/math/calculus/integration-techniques/u-substitution/","decision-guide","2","2",""
"/subjects/math/calculus/limits-continuity/","unit-hub","1","1",""
"/subjects/math/calculus/limits-continuity/continuity-at-a-point/","method-guide","2","2",""
"/subjects/math/calculus/limits-continuity/evaluating-indeterminate-limits/","quick-answer","2","2",""
"/subjects/math/calculus/limits-continuity/infinite-limits-and-asymptotes/","method-guide","2","2",""
"/subjects/math/calculus/limits-continuity/limit-of-sin-x-over-x/","quick-answer","2","2",""
"/subjects/math/calculus/limits-continuity/one-sided-limits-and-jump-discontinuities/","method-guide","2","2",""
"/subjects/math/calculus/limits-continuity/squeeze-theorem/","quick-answer","2","2",""
"/subjects/math/calculus/limits-continuity/unit/","decision-guide","2","3",""
"/subjects/math/calculus/limits-continuity/unit/continuity/bisection-method/","textbook-lesson","2","2",""
"/subjects/math/calculus/limits-continuity/unit/continuity/continuity-at-a-point/","textbook-lesson","2","2",""
"/subjects/math/calculus/limits-continuity/unit/continuity/continuity-concept-quiz/","textbook-lesson","2","3",""
"/subjects/math/calculus/limits-continuity/unit/continuity/continuity-practice/","textbook-lesson","2","3",""
"/subjects/math/calculus/limits-continuity/unit/continuity/continuity-review/","textbook-lesson","3","",""
"/subjects/math/calculus/limits-continuity/unit/continuity/continuous-functions/","textbook-lesson","2","2",""
"/subjects/math/calculus/limits-continuity/unit/continuity/intermediate-value-theorem/","textbook-lesson","2","2",""
"/subjects/math/calculus/limits-continuity/unit/continuity/intervals-endpoints/","textbook-lesson","2","2",""
"/subjects/math/calculus/limits-continuity/unit/continuity/piecewise-parameters/","textbook-lesson","2","2",""
"/subjects/math/calculus/limits-continuity/unit/continuity/repair-removable-discontinuity/","textbook-lesson","2","2",""
"/subjects/math/calculus/limits-continuity/unit/continuity/two-parameter-continuity/","textbook-lesson","2","2",""
"/subjects/math/calculus/limits-continuity/unit/continuity/types-of-discontinuity/","textbook-lesson","2","2",""
"/subjects/math/calculus/limits-continuity/unit/limits/absolute-value-piecewise/","textbook-lesson","2","2",""
"/subjects/math/calculus/limits-continuity/unit/limits/common-exam-errors/","textbook-lesson","3","",""
"/subjects/math/calculus/limits-continuity/unit/limits/complete-asymptote-analysis/","textbook-lesson","2","2",""
"/subjects/math/calculus/limits-continuity/unit/limits/complex-fractions/","textbook-lesson","2","2",""
"/subjects/math/calculus/limits-continuity/unit/limits/cosine-limits/","decision-guide","2","3",""
"/subjects/math/calculus/limits-continuity/unit/limits/cumulative-practice/","textbook-lesson","2","",""
"/subjects/math/calculus/limits-continuity/unit/limits/direct-substitution/","textbook-lesson","2","2",""
"/subjects/math/calculus/limits-continuity/unit/limits/disprove-limit-epsilon-delta/","textbook-lesson","2","2",""
"/subjects/math/calculus/limits-continuity/unit/limits/epsilon-delta-concept-quiz/","textbook-lesson","2","3",""
"/subjects/math/calculus/limits-continuity/unit/limits/epsilon-delta-graph/","textbook-lesson","2","2",""
"/subjects/math/calculus/limits-continuity/unit/limits/epsilon-delta-introduction/","textbook-lesson","2","2",""
"/subjects/math/calculus/limits-continuity/unit/limits/epsilon-delta-linear/","textbook-lesson","2","2",""
"/subjects/math/calculus/limits-continuity/unit/limits/epsilon-delta-practice/","textbook-lesson","2","3",""
"/subjects/math/calculus/limits-continuity/unit/limits/epsilon-delta-quadratic/","textbook-lesson","2","2",""
"/subjects/math/calculus/limits-continuity/unit/limits/epsilon-delta-review/","textbook-lesson","3","",""
"/subjects/math/calculus/limits-continuity/unit/limits/factoring-limits/","textbook-lesson","2","2",""
"/subjects/math/calculus/limits-continuity/unit/limits/finite-limit-decision-tree/","textbook-lesson","2","2",""
"/subjects/math/calculus/limits-continuity/unit/limits/finite-limits-concept-quiz/","textbook-lesson","2","3",""
"/subjects/math/calculus/limits-continuity/unit/limits/finite-limits-practice/","textbook-lesson","2","3",""
"/subjects/math/calculus/limits-continuity/unit/limits/finite-limits-review/","textbook-lesson","3","",""
"/subjects/math/calculus/limits-continuity/unit/limits/formal-infinite-limits/","textbook-lesson","3","",""
"/subjects/math/calculus/limits-continuity/unit/limits/function-value-vs-limit/","textbook-lesson","2","2",""
"/subjects/math/calculus/limits-continuity/unit/limits/infinite-behavior-concept-quiz/","textbook-lesson","2","3",""
"/subjects/math/calculus/limits-continuity/unit/limits/infinite-behavior-practice/","textbook-lesson","2","3",""
"/subjects/math/calculus/limits-continuity/unit/limits/infinite-behavior-review/","textbook-lesson","3","",""
"/subjects/math/calculus/limits-continuity/unit/limits/infinite-limits/","decision-guide","2","3",""
"/subjects/math/calculus/limits-continuity/unit/limits/infinity-minus-infinity/","textbook-lesson","2","2",""
"/subjects/math/calculus/limits-continuity/unit/limits/limit-at-a-hole/","textbook-lesson","2","2",""
"/subjects/math/calculus/limits-continuity/unit/limits/limit-laws/","textbook-lesson","2","2",""
"/subjects/math/calculus/limits-continuity/unit/limits/limits-at-infinity/","textbook-lesson","2","2",""
"/subjects/math/calculus/limits-continuity/unit/limits/meaning-concept-quiz/","textbook-lesson","2","3",""
"/subjects/math/calculus/limits-continuity/unit/limits/meaning-practice/","textbook-lesson","2","3",""
"/subjects/math/calculus/limits-continuity/unit/limits/meaning-review/","textbook-lesson","3","4",""
"/subjects/math/calculus/limits-continuity/unit/limits/notation-guide/","textbook-lesson","2","2",""
"/subjects/math/calculus/limits-continuity/unit/limits/one-sided-limits/","textbook-lesson","2","2",""
"/subjects/math/calculus/limits-continuity/unit/limits/practice-exam-a/","textbook-lesson","2","3",""
"/subjects/math/calculus/limits-continuity/unit/limits/practice-exam-a/answer-key/","textbook-lesson","2","2",""
"/subjects/math/calculus/limits-continuity/unit/limits/practice-exam-b/","textbook-lesson","2","3",""
"/subjects/math/calculus/limits-continuity/unit/limits/practice-exam-b/answer-key/","textbook-lesson","2","2",""
"/subjects/math/calculus/limits-continuity/unit/limits/prerequisite-diagnostic/","textbook-lesson","2","2",""
"/subjects/math/calculus/limits-continuity/unit/limits/radicals-at-infinity/","textbook-lesson","2","2",""
"/subjects/math/calculus/limits-continuity/unit/limits/ratio-of-sines/","textbook-lesson","2","2",""
"/subjects/math/calculus/limits-continuity/unit/limits/rationalizing-radicals/","textbook-lesson","2","2",""
"/subjects/math/calculus/limits-continuity/unit/limits/read-limits-from-graphs/","textbook-lesson","2","2",""
"/subjects/math/calculus/limits-continuity/unit/limits/scaled-sine-tangent/","textbook-lesson","2","2",""
"/subjects/math/calculus/limits-continuity/unit/limits/sin-x-over-x-proof/","textbook-lesson","2","2",""
"/subjects/math/calculus/limits-continuity/unit/limits/sin-x-over-x/","textbook-lesson","2","2",""
"/subjects/math/calculus/limits-continuity/unit/limits/slant-asymptotes/","textbook-lesson","2","2",""
"/subjects/math/calculus/limits-continuity/unit/limits/squeeze-theorem/","textbook-lesson","2","2",""
"/subjects/math/calculus/limits-continuity/unit/limits/trig-limit-decision-guide/","decision-guide","2","4",""
"/subjects/math/calculus/limits-continuity/unit/limits/trig-limits-concept-quiz/","decision-guide","2","3",""
"/subjects/math/calculus/limits-continuity/unit/limits/trig-limits-practice/","decision-guide","2","3",""
"/subjects/math/calculus/limits-continuity/unit/limits/trig-limits-review/","decision-guide","3","",""
"/subjects/math/calculus/limits-continuity/unit/limits/unit-review/","textbook-lesson","2","2",""
"/subjects/math/calculus/limits-continuity/unit/limits/vertical-asymptotes/","textbook-lesson","2","2",""
"/subjects/math/calculus/limits-continuity/unit/limits/what-a-limit-means/","textbook-lesson","2","2",""
"/subjects/math/calculus/limits-continuity/unit/limits/when-a-limit-does-not-exist/","textbook-lesson","2","2",""
"/subjects/math/calculus/limits-continuity/unit/limits/why-limits-matter/","textbook-lesson","2","2",""
"/subjects/math/calculus/limits-continuity/unit/limits/zero-over-zero/","textbook-lesson","2","2",""
"/subjects/math/calculus/limits-continuity/unit/study/correct-practice-test/","textbook-lesson","3","",""
"/subjects/math/calculus/power-series-and-taylor-series/","unit-hub","2","2",""
"/subjects/math/calculus/power-series-and-taylor-series/algebra-with-power-series/","textbook-lesson","2","2",""
"/subjects/math/calculus/power-series-and-taylor-series/alternating-series-approximation/","textbook-lesson","2","2",""
"/subjects/math/calculus/power-series-and-taylor-series/binomial-series/","textbook-lesson","3","3",""
"/subjects/math/calculus/power-series-and-taylor-series/building-new-series/","textbook-lesson","2","2",""
"/subjects/math/calculus/power-series-and-taylor-series/common-errors/","textbook-lesson","3","3",""
"/subjects/math/calculus/power-series-and-taylor-series/concept-quiz/","textbook-lesson","2","3",""
"/subjects/math/calculus/power-series-and-taylor-series/differentiating-and-integrating-power-series/","textbook-lesson","3","3",""
"/subjects/math/calculus/power-series-and-taylor-series/endpoint-testing/","textbook-lesson","3","3",""
"/subjects/math/calculus/power-series-and-taylor-series/geometric-series-library/","textbook-lesson","3","3",""
"/subjects/math/calculus/power-series-and-taylor-series/logarithm-and-arctangent-series/","textbook-lesson","3","3",""
"/subjects/math/calculus/power-series-and-taylor-series/maclaurin-series/","textbook-lesson","3","3",""
"/subjects/math/calculus/power-series-and-taylor-series/mixed-practice/","textbook-lesson","2","3",""
"/subjects/math/calculus/power-series-and-taylor-series/power-series-as-functions/","textbook-lesson","2","2",""
"/subjects/math/calculus/power-series-and-taylor-series/power-series-review/","textbook-lesson","2","2",""
"/subjects/math/calculus/power-series-and-taylor-series/practice-exam-a-answer-key/","textbook-lesson","2","3",""
"/subjects/math/calculus/power-series-and-taylor-series/practice-exam-a/","textbook-lesson","2","3",""
"/subjects/math/calculus/power-series-and-taylor-series/practice-exam-b-answer-key/","textbook-lesson","2","3",""
"/subjects/math/calculus/power-series-and-taylor-series/practice-exam-b/","textbook-lesson","2","3",""
"/subjects/math/calculus/power-series-and-taylor-series/radius-and-interval-of-convergence/","textbook-lesson","3","3",""
"/subjects/math/calculus/power-series-and-taylor-series/ratio-test-for-power-series/","textbook-lesson","3","3",""
"/subjects/math/calculus/power-series-and-taylor-series/reference-sheet/","textbook-lesson","3","3",""
"/subjects/math/calculus/power-series-and-taylor-series/series-for-definite-integrals/","textbook-lesson","3","3",""
"/subjects/math/calculus/power-series-and-taylor-series/series-solutions-preview/","textbook-lesson","3","3",""
"/subjects/math/calculus/power-series-and-taylor-series/small-angle-physics/","textbook-lesson","3","3",""
"/subjects/math/calculus/power-series-and-taylor-series/standard-maclaurin-series/","textbook-lesson","3","3",""
"/subjects/math/calculus/power-series-and-taylor-series/taylor-polynomials/","textbook-lesson","2","2",""
"/subjects/math/calculus/power-series-and-taylor-series/taylor-remainder-theorem/","textbook-lesson","3","3",""
"/subjects/math/calculus/power-series-and-taylor-series/taylor-series-centered-at-a/","textbook-lesson","3","3",""
"/subjects/math/calculus/power-series-and-taylor-series/taylor-series-review/","textbook-lesson","3","3",""
"/subjects/math/calculus/power-series-and-taylor-series/uniform-convergence-preview/","textbook-lesson","2","2",""
"/subjects/math/calculus/practice-exams/","resource-hub","3","",""
"/subjects/math/calculus/practice-exams/calculus-1-final/","practice-exam","2","2",""
"/subjects/math/calculus/practice-exams/calculus-2-final/","practice-exam","2","2",""
"/subjects/math/calculus/sequences-and-series/","unit-hub","1","1",""
"/subjects/math/calculus/sequences-and-series/absolute-and-conditional-convergence/","textbook-lesson","2","2",""
"/subjects/math/calculus/sequences-and-series/alternating-series-error/","textbook-lesson","2","2",""
"/subjects/math/calculus/sequences-and-series/alternating-series-test/","textbook-lesson","2","2",""
"/subjects/math/calculus/sequences-and-series/cauchy-criterion-preview/","textbook-lesson","2","2",""
"/subjects/math/calculus/sequences-and-series/choosing-a-convergence-test/","textbook-lesson","2","2",""
"/subjects/math/calculus/sequences-and-series/common-errors/","textbook-lesson","2","2",""
"/subjects/math/calculus/sequences-and-series/concept-quiz/","textbook-lesson","2","2",""
"/subjects/math/calculus/sequences-and-series/convergence-tests-review/","textbook-lesson","2","2",""
"/subjects/math/calculus/sequences-and-series/direct-comparison-test/","textbook-lesson","2","2",""
"/subjects/math/calculus/sequences-and-series/explicit-and-recursive-sequences/","textbook-lesson","2","2",""
"/subjects/math/calculus/sequences-and-series/geometric-series/","textbook-lesson","2","2",""
"/subjects/math/calculus/sequences-and-series/harmonic-and-p-series/","textbook-lesson","2","2",""
"/subjects/math/calculus/sequences-and-series/infinite-series-and-partial-sums/","textbook-lesson","2","2",""
"/subjects/math/calculus/sequences-and-series/integral-test-remainder-estimates/","textbook-lesson","2","2",""
"/subjects/math/calculus/sequences-and-series/integral-test/","textbook-lesson","2","2",""
"/subjects/math/calculus/sequences-and-series/limit-comparison-test/","textbook-lesson","2","2",""
"/subjects/math/calculus/sequences-and-series/limits-of-sequences/","textbook-lesson","2","2",""
"/subjects/math/calculus/sequences-and-series/monotone-and-bounded-sequences/","textbook-lesson","2","2",""
"/subjects/math/calculus/sequences-and-series/nth-term-divergence-test/","textbook-lesson","2","2",""
"/subjects/math/calculus/sequences-and-series/practice-exam-a-answer-key/","textbook-lesson","2","2",""
"/subjects/math/calculus/sequences-and-series/practice-exam-a/","textbook-lesson","2","2",""
"/subjects/math/calculus/sequences-and-series/practice-exam-b-answer-key/","textbook-lesson","2","2",""
"/subjects/math/calculus/sequences-and-series/practice-exam-b/","textbook-lesson","2","2",""
"/subjects/math/calculus/sequences-and-series/prerequisite-diagnostic/","textbook-lesson","2","2",""
"/subjects/math/calculus/sequences-and-series/ratio-test/","textbook-lesson","2","2",""
"/subjects/math/calculus/sequences-and-series/reference-sheet/","textbook-lesson","2","2",""
"/subjects/math/calculus/sequences-and-series/root-test/","textbook-lesson","2","2",""
"/subjects/math/calculus/sequences-and-series/sequence-limit-laws/","textbook-lesson","2","2",""
"/subjects/math/calculus/sequences-and-series/sequence-review/","textbook-lesson","2","2",""
"/subjects/math/calculus/sequences-and-series/sequences-as-functions/","textbook-lesson","2","2",""
"/subjects/math/calculus/sequences-and-series/squeeze-theorem-for-sequences/","textbook-lesson","2","2",""
"/subjects/math/calculus/sequences-and-series/telescoping-series/","textbook-lesson","2","2",""
"/subjects/math/calculus/sequences-and-series/test-selection-practice/","textbook-lesson","2","2",""
"/subjects/math/calculus/sequences-series/harmonic-series-diverges/","quick-answer","3","",""
"/subjects/math/calculus/sequences-series/ratio-test-vs-root-test/","decision-guide","","",""
"/subjects/math/calculus/visuals/","resource-hub","3","",""
"/subjects/math/calculus/visuals/convergence-tests-flowchart/","visual-guide","2","2",""
"/subjects/math/calculus/visuals/derivative-rules-map/","visual-guide","2","2",""
"/subjects/math/calculus/visuals/riemann-sum-progression/","visual-guide","2","2",""
"/subjects/math/calculus/visuals/taylor-approximation-visual/","visual-guide","2","2",""
"/subjects/math/calculus/worked-problems/","resource-hub","3","",""
"/subjects/math/calculus/worked-problems/absolute-versus-conditional-convergence/","worked-problem","2","2",""
"/subjects/math/calculus/worked-problems/alternating-series-test-example/","worked-problem","2","2",""
"/subjects/math/calculus/worked-problems/basic-chain-rule/","worked-problem","2","2",""
"/subjects/math/calculus/worked-problems/fencing-optimization/","worked-problem","2","2",""
"/subjects/math/calculus/worked-problems/finite-geometric-sum/","worked-problem","2","2",""
"/subjects/math/calculus/worked-problems/fundamental-theorem-derivative/","worked-problem","2","2",""
"/subjects/math/calculus/worked-problems/infinite-geometric-sum/","worked-problem","2","2",""
"/subjects/math/calculus/worked-problems/integration-by-parts-log-x/","worked-problem","2","2",""
"/subjects/math/calculus/worked-problems/integration-by-parts-x-e-x/","worked-problem","2","2",""
"/subjects/math/calculus/worked-problems/interval-of-convergence-example/","worked-problem","2","2",""
"/subjects/math/calculus/worked-problems/limit-by-factoring/","worked-problem","2","2",""
"/subjects/math/calculus/worked-problems/limit-by-rationalization/","worked-problem","2","2",""
"/subjects/math/calculus/worked-problems/limit-comparison-example/","worked-problem","2","2",""
"/subjects/math/calculus/worked-problems/nested-chain-rule/","worked-problem","2","2",""
"/subjects/math/calculus/worked-problems/one-sided-piecewise-limit/","worked-problem","2","2",""
"/subjects/math/calculus/worked-problems/open-top-box-optimization/","worked-problem","2","2",""
"/subjects/math/calculus/worked-problems/product-plus-chain-rule/","worked-problem","2","2",""
"/subjects/math/calculus/worked-problems/quotient-plus-chain-rule/","worked-problem","2","2",""
"/subjects/math/calculus/worked-problems/ratio-test-example/","worked-problem","2","2",""
"/subjects/math/calculus/worked-problems/repeated-integration-by-parts/","worked-problem","2","2",""
"/subjects/math/calculus/worked-problems/repeating-decimal-as-a-series/","worked-problem","2","2",""
"/subjects/math/calculus/worked-problems/root-test-example/","worked-problem","2","2",""
"/subjects/math/calculus/worked-problems/shifted-geometric-series/","worked-problem","2","2",""
"/subjects/math/calculus/worked-problems/taylor-approximation-error/","worked-problem","2","2",""
"/subjects/math/calculus/worked-problems/taylor-polynomial-from-derivatives/","worked-problem","2","2",""
"/subjects/math/calculus/worked-problems/taylor-series-from-known-series/","worked-problem","2","2",""
"/subjects/math/calculus/worksheets/","resource-hub","3","",""
"/subjects/math/calculus/worksheets/chain-rule/","worksheet","2","2",""
"/subjects/math/calculus/worksheets/evaluating-limits/","worksheet","2","2",""
"/subjects/math/calculus/worksheets/geometric-series/","worksheet","2","2",""
"/subjects/math/calculus/worksheets/integration-by-parts/","worksheet","2","2",""
"/subjects/math/calculus/worksheets/optimization/","worksheet","2","2",""
"/subjects/math/calculus/worksheets/taylor-series/","worksheet","2","2",""
"/tools/","directory","1","1","1"
"/tools/math/algebra/expression-checker/","tool","2","2",""
"/tools/math/calculus/integration-method-finder/","tool","1","2","1"
