label,target_count,targets
"full explanation, notation, and worked example →","24","/glossary/math/absolute-convergence/|/glossary/math/antiderivative/|/glossary/math/chain-rule/|/glossary/math/continuity/|/glossary/math/critical-number/|/glossary/math/definite-integral/|/glossary/math/derivative/|/glossary/math/fundamental-theorem-calculus/|/glossary/math/geometric-series/|/glossary/math/implicit-differentiation/|/glossary/math/improper-integral/|/glossary/math/integration-by-parts/|/glossary/math/limit/|/glossary/math/local-maximum/|/glossary/math/local-minimum/|/glossary/math/one-sided-limit/|/glossary/math/optimization/|/glossary/math/power-series/|/glossary/math/radius-of-convergence/|/glossary/math/related-rates/|/glossary/math/sequence/|/glossary/math/series/|/glossary/math/taylor-series/|/glossary/math/u-substitution/"
"open resource →","63","/subjects/math/calculus/worksheets/evaluating-limits/|/subjects/math/calculus/worksheets/chain-rule/|/subjects/math/calculus/worksheets/optimization/|/subjects/math/calculus/worksheets/integration-by-parts/|/subjects/math/calculus/worksheets/geometric-series/|/subjects/math/calculus/worksheets/taylor-series/|/subjects/math/calculus/practice-exams/calculus-1-final/|/subjects/math/calculus/practice-exams/calculus-2-final/|/subjects/math/calculus/formula-sheets/derivative-rules/|/subjects/math/calculus/visuals/convergence-tests-flowchart/|/subjects/math/calculus/visuals/derivative-rules-map/|/subjects/math/calculus/visuals/riemann-sum-progression/|/subjects/math/calculus/visuals/taylor-approximation-visual/|/subjects/math/calculus/worked-problems/limit-by-factoring/|/subjects/math/calculus/worked-problems/limit-by-rationalization/|/subjects/math/calculus/worked-problems/one-sided-piecewise-limit/|/subjects/math/calculus/worked-problems/basic-chain-rule/|/subjects/math/calculus/worked-problems/nested-chain-rule/|/subjects/math/calculus/worked-problems/product-plus-chain-rule/|/subjects/math/calculus/worked-problems/quotient-plus-chain-rule/|/subjects/math/calculus/worked-problems/open-top-box-optimization/|/subjects/math/calculus/worked-problems/fencing-optimization/|/subjects/math/calculus/worked-problems/integration-by-parts-x-e-x/|/subjects/math/calculus/worked-problems/integration-by-parts-log-x/|/subjects/math/calculus/worked-problems/repeated-integration-by-parts/|/subjects/math/calculus/worked-problems/finite-geometric-sum/|/subjects/math/calculus/worked-problems/infinite-geometric-sum/|/subjects/math/calculus/worked-problems/shifted-geometric-series/|/subjects/math/calculus/worked-problems/repeating-decimal-as-a-series/|/subjects/math/calculus/worked-problems/ratio-test-example/|/subjects/math/calculus/worked-problems/root-test-example/|/subjects/math/calculus/worked-problems/limit-comparison-example/|/subjects/math/calculus/worked-problems/alternating-series-test-example/|/subjects/math/calculus/worked-problems/absolute-versus-conditional-convergence/|/subjects/math/calculus/worked-problems/taylor-polynomial-from-derivatives/|/subjects/math/calculus/worked-problems/taylor-series-from-known-series/|/subjects/math/calculus/worked-problems/interval-of-convergence-example/|/subjects/math/calculus/worked-problems/taylor-approximation-error/|/subjects/math/calculus/worked-problems/fundamental-theorem-derivative/|/glossary/math/limit/|/glossary/math/one-sided-limit/|/glossary/math/continuity/|/glossary/math/derivative/|/glossary/math/chain-rule/|/glossary/math/implicit-differentiation/|/glossary/math/critical-number/|/glossary/math/local-maximum/|/glossary/math/local-minimum/|/glossary/math/related-rates/|/glossary/math/optimization/|/glossary/math/antiderivative/|/glossary/math/definite-integral/|/glossary/math/fundamental-theorem-calculus/|/glossary/math/u-substitution/|/glossary/math/integration-by-parts/|/glossary/math/improper-integral/|/glossary/math/sequence/|/glossary/math/series/|/glossary/math/geometric-series/|/glossary/math/absolute-convergence/|/glossary/math/power-series/|/glossary/math/taylor-series/|/glossary/math/radius-of-convergence/"
"implicit differentiation","2","/glossary/math/implicit-differentiation/|/subjects/math/calculus/derivatives/implicit-differentiation/"
"integration by parts","2","/glossary/math/integration-by-parts/|/subjects/math/calculus/integrals/integration-by-parts/"
"series","2","/glossary/math/series/|/subjects/math/calculus/sequences-series/"
"geometric series","2","/glossary/math/geometric-series/|/subjects/math/calculus/sequences-and-series/geometric-series/"
"optional advanced explorations →","3","/subjects/math/calculus/derivatives/advanced-notes-2a/|/subjects/math/calculus/derivative-applications/advanced-notes/|/subjects/math/calculus/power-series-and-taylor-series/uniform-convergence-preview/"
"supporting material →","2","/subjects/math/calculus/derivatives/practice-exam-a-answer-key/|/subjects/math/calculus/derivative-applications/practice-exam-a-answer-key/"
"review, practice, exams, and answer keys →","4","/subjects/math/calculus/integrals/review/|/subjects/math/calculus/integration-applications/review/|/subjects/math/calculus/sequences-and-series/prerequisite-diagnostic/|/subjects/math/calculus/power-series-and-taylor-series/power-series-review/"
"view the complete answer key →","14","/subjects/math/calculus/derivative-applications/practice-exam-a-answer-key/|/subjects/math/calculus/derivative-applications/practice-exam-b-answer-key/|/subjects/math/calculus/derivatives/practice-exam-a-answer-key/|/subjects/math/calculus/derivatives/practice-exam-b-answer-key/|/subjects/math/calculus/integrals/practice-exam-a-answer-key/|/subjects/math/calculus/integrals/practice-exam-b-answer-key/|/subjects/math/calculus/integration-applications/practice-exam-a-answer-key/|/subjects/math/calculus/integration-applications/practice-exam-b-answer-key/|/subjects/math/calculus/limits-continuity/unit/limits/practice-exam-a/answer-key/|/subjects/math/calculus/limits-continuity/unit/limits/practice-exam-b/answer-key/|/subjects/math/calculus/power-series-and-taylor-series/practice-exam-a-answer-key/|/subjects/math/calculus/power-series-and-taylor-series/practice-exam-b-answer-key/|/subjects/math/calculus/sequences-and-series/practice-exam-a-answer-key/|/subjects/math/calculus/sequences-and-series/practice-exam-b-answer-key/"
