route,page_role,incoming_link_count,global_navigation_incoming_count,footer_incoming_count
"/","home","1652","988","494"
"/about/","policy","509","0","494"
"/accessibility/","policy","509","0","494"
"/corrections/","policy","510","0","494"
"/editorial-policy/","policy","510","0","494"
"/glossary/","glossary-hub","1","0","0"
"/glossary/math/antiderivative/","glossary-term","3","0","0"
"/glossary/math/fundamental-theorem-calculus/","glossary-term","3","0","0"
"/glossary/math/improper-integral/","glossary-term","3","0","0"
"/glossary/math/optimization/","glossary-term","4","0","1"
"/glossary/math/power-series/","glossary-term","3","0","0"
"/glossary/math/radius-of-convergence/","glossary-term","3","0","0"
"/glossary/math/related-rates/","glossary-term","3","0","0"
"/glossary/math/sequence/","glossary-term","3","0","0"
"/glossary/math/series/","glossary-term","3","0","0"
"/glossary/math/u-substitution/","glossary-term","3","0","0"
"/how-we-verify/","policy","510","0","494"
"/practice/math/","directory","1","0","0"
"/privacy/","policy","509","0","494"
"/search/","search","1024","988","0"
"/source-policy/","policy","510","0","494"
"/subjects/math/","subject-hub","414","0","0"
"/subjects/math/algebra/expressions-equations/combining-like-terms/","method-guide","5","0","0"
"/subjects/math/algebra/expressions-equations/distributive-property/","concept-explainer","5","0","0"
"/subjects/math/algebra/expressions-equations/evaluating-expressions-by-substitution/","method-guide","2","0","0"
"/subjects/math/algebra/expressions-equations/solving-linear-equations/","method-guide","5","0","0"
"/subjects/math/algebra/expressions-equations/variables-on-both-sides/","decision-guide","5","0","0"
"/subjects/math/algebra/linear-relationships/equation-from-two-points/","method-guide","4","0","0"
"/subjects/math/algebra/linear-relationships/graphing-linear-equations-from-standard-form/","method-guide","2","0","0"
"/subjects/math/algebra/linear-relationships/interpreting-linear-models/","quick-answer","4","0","0"
"/subjects/math/algebra/linear-relationships/parallel-perpendicular-lines/","concept-explainer","4","0","0"
"/subjects/math/algebra/linear-relationships/point-slope-vs-slope-intercept/","decision-guide","4","0","0"
"/subjects/math/algebra/linear-relationships/slope-as-rate-of-change/","concept-explainer","4","0","0"
"/subjects/math/algebra/polynomials-factoring/completing-the-square/","method-guide","2","0","0"
"/subjects/math/algebra/polynomials-factoring/exponent-rules/","concept-explainer","2","0","0"
"/subjects/math/algebra/polynomials-factoring/factoring-trinomials/","method-guide","3","0","0"
"/subjects/math/algebra/polynomials-factoring/greatest-common-factor/","method-guide","3","0","0"
"/subjects/math/algebra/polynomials-factoring/multiply-polynomials/","method-guide","3","0","0"
"/subjects/math/algebra/polynomials-factoring/special-factor-patterns/","decision-guide","3","0","0"
"/subjects/math/algebra/radicals-exponents-functions/exponential-growth-and-decay/","concept-explainer","2","0","0"
"/subjects/math/algebra/radicals-exponents-functions/function-notation/","concept-explainer","3","0","0"
"/subjects/math/algebra/radicals-exponents-functions/inverse-functions-vs-reciprocals/","decision-guide","3","0","0"
"/subjects/math/algebra/radicals-exponents-functions/rational-exponents/","concept-explainer","3","0","0"
"/subjects/math/algebra/radicals-exponents-functions/simplifying-radicals/","method-guide","2","0","0"
"/subjects/math/algebra/radicals-exponents-functions/solving-radical-equations/","method-guide","3","0","0"
"/subjects/math/algebra/rational-expressions/add-subtract-rational-expressions/","method-guide","3","0","0"
"/subjects/math/algebra/rational-expressions/direct-inverse-variation/","decision-guide","3","0","0"
"/subjects/math/algebra/rational-expressions/rational-domain-restrictions/","concept-explainer","2","0","0"
"/subjects/math/algebra/rational-expressions/simplifying-complex-rational-expressions/","method-guide","2","0","0"
"/subjects/math/algebra/rational-expressions/simplifying-rational-expressions/","method-guide","3","0","0"
"/subjects/math/algebra/rational-expressions/solving-rational-equations/","method-guide","3","0","0"
"/subjects/math/algebra/systems-inequalities/choosing-system-method/","decision-guide","2","0","0"
"/subjects/math/algebra/systems-inequalities/compound-inequalities/","method-guide","3","0","0"
"/subjects/math/algebra/systems-inequalities/elimination-systems/","method-guide","3","0","0"
"/subjects/math/algebra/systems-inequalities/graphing-linear-inequalities/","method-guide","2","0","0"
"/subjects/math/algebra/systems-inequalities/no-one-infinite-solutions/","concept-explainer","3","0","0"
"/subjects/math/algebra/systems-inequalities/substitution-systems/","method-guide","3","0","0"
"/subjects/math/calculus/derivative-applications/advanced-cauchy-mvt/","textbook-lesson","4","0","2"
"/subjects/math/calculus/derivative-applications/advanced-convexity/","textbook-lesson","4","0","2"
"/subjects/math/calculus/derivative-applications/advanced-newton-convergence/","textbook-lesson","4","0","2"
"/subjects/math/calculus/derivative-applications/advanced-sensitivity-elasticity/","textbook-lesson","4","0","2"
"/subjects/math/calculus/derivative-applications/anatomy-of-optimization/","textbook-lesson","4","0","2"
"/subjects/math/calculus/derivative-applications/approximation-concept-quiz/","textbook-lesson","5","0","2"
"/subjects/math/calculus/derivative-applications/approximation-review/","textbook-lesson","5","0","2"
"/subjects/math/calculus/derivative-applications/bridge-diagnostic/","textbook-lesson","5","0","1"
"/subjects/math/calculus/derivative-applications/closed-interval-method/","textbook-lesson","4","0","2"
"/subjects/math/calculus/derivative-applications/common-errors/","textbook-lesson","5","0","2"
"/subjects/math/calculus/derivative-applications/concavity/","textbook-lesson","4","0","2"
"/subjects/math/calculus/derivative-applications/cumulative-practice/","textbook-lesson","5","0","2"
"/subjects/math/calculus/derivative-applications/curve-sketching/","textbook-lesson","4","0","2"
"/subjects/math/calculus/derivative-applications/derivative-graphs/","textbook-lesson","4","0","2"
"/subjects/math/calculus/derivative-applications/differentials/","textbook-lesson","4","0","2"
"/subjects/math/calculus/derivative-applications/error-estimation/","textbook-lesson","4","0","2"
"/subjects/math/calculus/derivative-applications/first-derivative-test/","textbook-lesson","4","0","2"
"/subjects/math/calculus/derivative-applications/graph-analysis-story/","textbook-lesson","4","0","2"
"/subjects/math/calculus/derivative-applications/how-to-translate-word-problems/","textbook-lesson","4","0","2"
"/subjects/math/calculus/derivative-applications/increasing-decreasing/","textbook-lesson","4","0","2"
"/subjects/math/calculus/derivative-applications/interpretation-concept-quiz/","textbook-lesson","5","0","2"
"/subjects/math/calculus/derivative-applications/interpretation-review/","textbook-lesson","5","0","2"
"/subjects/math/calculus/derivative-applications/interpreting-derivatives/","textbook-lesson","4","0","2"
"/subjects/math/calculus/derivative-applications/lhopital-concept-quiz/","textbook-lesson","5","0","2"
"/subjects/math/calculus/derivative-applications/lhopital-infinity-over-infinity/","textbook-lesson","4","0","2"
"/subjects/math/calculus/derivative-applications/lhopital-is-not-cancellation/","textbook-lesson","4","0","2"
"/subjects/math/calculus/derivative-applications/lhopital-review/","textbook-lesson","5","0","2"
"/subjects/math/calculus/derivative-applications/lhopital-zero-over-zero/","textbook-lesson","4","0","2"
"/subjects/math/calculus/derivative-applications/linear-approximation/","concept-explainer","1","0","0"
"/subjects/math/calculus/derivative-applications/linearization-practice/","textbook-lesson","4","0","2"
"/subjects/math/calculus/derivative-applications/manufacturing-tolerance/","textbook-lesson","4","0","2"
"/subjects/math/calculus/derivative-applications/marginal-analysis/","textbook-lesson","4","0","2"
"/subjects/math/calculus/derivative-applications/medication-concentration/","textbook-lesson","4","0","2"
"/subjects/math/calculus/derivative-applications/modeling-studio-review/","textbook-lesson","5","0","2"
"/subjects/math/calculus/derivative-applications/newtons-method/","textbook-lesson","5","0","2"
"/subjects/math/calculus/derivative-applications/optimization-business-science/","textbook-lesson","4","0","2"
"/subjects/math/calculus/derivative-applications/optimization-closed-interval/","textbook-lesson","4","0","2"
"/subjects/math/calculus/derivative-applications/optimization-concept-quiz/","textbook-lesson","5","0","2"
"/subjects/math/calculus/derivative-applications/optimization-geometry/","textbook-lesson","4","0","2"
"/subjects/math/calculus/derivative-applications/optimization-review/","textbook-lesson","5","0","2"
"/subjects/math/calculus/derivative-applications/optimization/","method-guide","3","0","1"
"/subjects/math/calculus/derivative-applications/other-indeterminate-forms/","textbook-lesson","4","0","2"
"/subjects/math/calculus/derivative-applications/position-velocity-acceleration/","textbook-lesson","4","0","2"
"/subjects/math/calculus/derivative-applications/practice-exam-a/","textbook-lesson","6","0","3"
"/subjects/math/calculus/derivative-applications/practice-exam-b/","textbook-lesson","6","0","3"
"/subjects/math/calculus/derivative-applications/radar-tracking/","textbook-lesson","4","0","2"
"/subjects/math/calculus/derivative-applications/rates-from-data/","textbook-lesson","4","0","2"
"/subjects/math/calculus/derivative-applications/reference/","textbook-lesson","3","0","1"
"/subjects/math/calculus/derivative-applications/related-rates-angle/","textbook-lesson","4","0","2"
"/subjects/math/calculus/derivative-applications/related-rates-concept-quiz/","textbook-lesson","5","0","2"
"/subjects/math/calculus/derivative-applications/related-rates-mixed/","textbook-lesson","4","0","2"
"/subjects/math/calculus/derivative-applications/related-rates-pythagorean/","textbook-lesson","4","0","2"
"/subjects/math/calculus/derivative-applications/related-rates-review/","textbook-lesson","5","0","2"
"/subjects/math/calculus/derivative-applications/related-rates-shadows/","textbook-lesson","4","0","2"
"/subjects/math/calculus/derivative-applications/related-rates-volume/","textbook-lesson","4","0","2"
"/subjects/math/calculus/derivative-applications/related-rates/","method-guide","1","0","0"
"/subjects/math/calculus/derivative-applications/repeated-lhopital/","textbook-lesson","4","0","2"
"/subjects/math/calculus/derivative-applications/rolles-theorem/","textbook-lesson","4","0","2"
"/subjects/math/calculus/derivative-applications/second-derivative-test/","textbook-lesson","4","0","2"
"/subjects/math/calculus/derivative-applications/speeding-up-slowing-down/","textbook-lesson","4","0","2"
"/subjects/math/calculus/derivative-applications/stopping-distance/","textbook-lesson","4","0","2"
"/subjects/math/calculus/derivative-applications/theorems-shape-concept-quiz/","textbook-lesson","5","0","2"
"/subjects/math/calculus/derivative-applications/theorems-shape-review/","textbook-lesson","5","0","2"
"/subjects/math/calculus/derivative-applications/when-not-lhopital/","textbook-lesson","4","0","2"
"/subjects/math/calculus/derivative-applications/why-linear-approximation-works/","textbook-lesson","4","0","2"
"/subjects/math/calculus/derivative-applications/why-related-rates-feel-hard/","textbook-lesson","4","0","2"
"/subjects/math/calculus/derivatives/advanced-chain-rule-linear-maps/","textbook-lesson","4","0","2"
"/subjects/math/calculus/derivatives/advanced-darboux-derivatives/","textbook-lesson","4","0","2"
"/subjects/math/calculus/derivatives/advanced-implicit-function-theorem/","textbook-lesson","4","0","2"
"/subjects/math/calculus/derivatives/advanced-local-linearity-little-o/","textbook-lesson","4","0","2"
"/subjects/math/calculus/derivatives/chain-exp-log/","textbook-lesson","4","0","2"
"/subjects/math/calculus/derivatives/chain-rule-basic/","textbook-lesson","4","0","2"
"/subjects/math/calculus/derivatives/chain-rule-concept-quiz/","textbook-lesson","5","0","2"
"/subjects/math/calculus/derivatives/chain-rule-map/","textbook-lesson","4","0","2"
"/subjects/math/calculus/derivatives/chain-rule-review/","textbook-lesson","5","0","2"
"/subjects/math/calculus/derivatives/chain-trig/","textbook-lesson","4","0","2"
"/subjects/math/calculus/derivatives/combined-rules/","textbook-lesson","4","0","2"
"/subjects/math/calculus/derivatives/core-rules-concept-quiz/","textbook-lesson","5","0","2"
"/subjects/math/calculus/derivatives/core-rules-review/","textbook-lesson","5","0","2"
"/subjects/math/calculus/derivatives/derivative-at-a-point/","textbook-lesson","4","0","2"
"/subjects/math/calculus/derivatives/derivative-computation-strategy/","textbook-lesson","4","0","2"
"/subjects/math/calculus/derivatives/derivative-function/","textbook-lesson","4","0","2"
"/subjects/math/calculus/derivatives/difference-quotient-algebra/","textbook-lesson","4","0","2"
"/subjects/math/calculus/derivatives/differentiability-and-continuity/","textbook-lesson","4","0","2"
"/subjects/math/calculus/derivatives/exponential-e/","textbook-lesson","4","0","2"
"/subjects/math/calculus/derivatives/foundations-concept-quiz/","textbook-lesson","5","0","2"
"/subjects/math/calculus/derivatives/foundations-review/","textbook-lesson","5","0","2"
"/subjects/math/calculus/derivatives/from-graphs-and-tables/","textbook-lesson","4","0","2"
"/subjects/math/calculus/derivatives/general-exponential/","textbook-lesson","4","0","2"
"/subjects/math/calculus/derivatives/general-logarithms/","textbook-lesson","4","0","2"
"/subjects/math/calculus/derivatives/higher-derivative-techniques/","textbook-lesson","4","0","2"
"/subjects/math/calculus/derivatives/implicit-inverse-concept-quiz/","textbook-lesson","5","0","2"
"/subjects/math/calculus/derivatives/implicit-inverse-review/","textbook-lesson","5","0","2"
"/subjects/math/calculus/derivatives/implicit-second-derivative/","textbook-lesson","4","0","2"
"/subjects/math/calculus/derivatives/implicit-tangent-lines/","textbook-lesson","4","0","2"
"/subjects/math/calculus/derivatives/inverse-function-rule/","textbook-lesson","4","0","2"
"/subjects/math/calculus/derivatives/inverse-trig/","textbook-lesson","4","0","2"
"/subjects/math/calculus/derivatives/logarithmic-differentiation/","textbook-lesson","5","0","2"
"/subjects/math/calculus/derivatives/multiple-chain-layers/","textbook-lesson","4","0","2"
"/subjects/math/calculus/derivatives/natural-log/","textbook-lesson","4","0","2"
"/subjects/math/calculus/derivatives/negative-fractional-powers/","textbook-lesson","4","0","2"
"/subjects/math/calculus/derivatives/notation-and-units/","textbook-lesson","4","0","2"
"/subjects/math/calculus/derivatives/notation-guide/","textbook-lesson","4","0","2"
"/subjects/math/calculus/derivatives/other-trig-functions/","textbook-lesson","4","0","2"
"/subjects/math/calculus/derivatives/prerequisite-diagnostic/","textbook-lesson","5","0","1"
"/subjects/math/calculus/derivatives/product-rule/","textbook-lesson","4","0","2"
"/subjects/math/calculus/derivatives/quotient-rule/","textbook-lesson","4","0","2"
"/subjects/math/calculus/derivatives/rule-selection/","textbook-lesson","4","0","2"
"/subjects/math/calculus/derivatives/special-functions-concept-quiz/","textbook-lesson","5","0","2"
"/subjects/math/calculus/derivatives/special-functions-review/","textbook-lesson","5","0","2"
"/subjects/math/calculus/derivatives/sum-and-constant-multiple-rules/","textbook-lesson","4","0","2"
"/subjects/math/calculus/derivatives/tangent-line-equation/","textbook-lesson","4","0","2"
"/subjects/math/calculus/derivatives/unit-2a-common-errors/","textbook-lesson","5","0","2"
"/subjects/math/calculus/derivatives/unit-2a-cumulative-practice/","textbook-lesson","5","0","2"
"/subjects/math/calculus/derivatives/unit-2a-practice-exam-a/","textbook-lesson","6","0","3"
"/subjects/math/calculus/derivatives/unit-2a-practice-exam-b/","textbook-lesson","6","0","3"
"/subjects/math/calculus/derivatives/unit-2a-reference/","textbook-lesson","3","0","1"
"/subjects/math/calculus/derivatives/variable-exponents/","textbook-lesson","4","0","2"
"/subjects/math/calculus/derivatives/what-does-derivative-mean/","textbook-lesson","4","0","2"
"/subjects/math/calculus/derivatives/what-implicit-means/","textbook-lesson","4","0","2"
"/subjects/math/calculus/derivatives/why-derivative-rules-work/","textbook-lesson","4","0","2"
"/subjects/math/calculus/derivatives/why-special-derivatives-are-not-random/","textbook-lesson","4","0","2"
"/subjects/math/calculus/integrals/average-value-of-a-function/","textbook-lesson","4","0","2"
"/subjects/math/calculus/integrals/common-errors/","textbook-lesson","4","0","2"
"/subjects/math/calculus/integrals/cumulative-practice/","textbook-lesson","5","0","2"
"/subjects/math/calculus/integrals/definite-integral-signed-area/","textbook-lesson","4","0","2"
"/subjects/math/calculus/integrals/definite-integrals-by-substitution/","textbook-lesson","4","0","2"
"/subjects/math/calculus/integrals/displacement-and-distance/","textbook-lesson","4","0","2"
"/subjects/math/calculus/integrals/fundamental-theorem-part-one/","textbook-lesson","4","0","2"
"/subjects/math/calculus/integrals/fundamental-theorem-part-two/","textbook-lesson","4","0","2"
"/subjects/math/calculus/integrals/improper-integrals-infinite-intervals/","textbook-lesson","4","0","2"
"/subjects/math/calculus/integrals/improper-integrals-unbounded-functions/","textbook-lesson","4","0","2"
"/subjects/math/calculus/integrals/indefinite-integrals-and-c/","textbook-lesson","4","0","2"
"/subjects/math/calculus/integrals/initial-value-problems/","textbook-lesson","4","0","2"
"/subjects/math/calculus/integrals/integration-strategy/","textbook-lesson","4","0","2"
"/subjects/math/calculus/integrals/left-right-midpoint-riemann-sums/","textbook-lesson","4","0","2"
"/subjects/math/calculus/integrals/net-change-theorem/","textbook-lesson","4","0","2"
"/subjects/math/calculus/integrals/practice-exam-a/","textbook-lesson","5","0","2"
"/subjects/math/calculus/integrals/practice-exam-b/","textbook-lesson","5","0","2"
"/subjects/math/calculus/integrals/properties-of-definite-integrals/","textbook-lesson","4","0","2"
"/subjects/math/calculus/integrals/rates-to-total-change/","textbook-lesson","4","0","2"
"/subjects/math/calculus/integrals/riemann-sum-limit/","textbook-lesson","4","0","2"
"/subjects/math/calculus/integrals/simpsons-rule/","textbook-lesson","4","0","2"
"/subjects/math/calculus/integrals/substitution/","textbook-lesson","4","0","2"
"/subjects/math/calculus/integrals/trigonometric-integrals/","textbook-lesson","4","0","2"
"/subjects/math/calculus/integrals/trigonometric-substitution/","textbook-lesson","4","0","2"
"/subjects/math/calculus/integrals/variable-limits-and-chain-rule/","textbook-lesson","4","0","2"
"/subjects/math/calculus/integration-applications/average-value-of-a-function/","concept-explainer","3","0","1"
"/subjects/math/calculus/integration-applications/choosing-a-volume-method/","textbook-lesson","5","0","2"
"/subjects/math/calculus/integration-applications/common-errors/","textbook-lesson","5","0","2"
"/subjects/math/calculus/integration-applications/cumulative-practice/","textbook-lesson","5","0","2"
"/subjects/math/calculus/integration-applications/cylindrical-shells/","textbook-lesson","4","0","2"
"/subjects/math/calculus/integration-applications/density-and-mass/","textbook-lesson","4","0","2"
"/subjects/math/calculus/integration-applications/disks-and-washers/","textbook-lesson","4","0","2"
"/subjects/math/calculus/integration-applications/fluid-pressure/","textbook-lesson","4","0","2"
"/subjects/math/calculus/integration-applications/horizontal-slices/","textbook-lesson","5","0","2"
"/subjects/math/calculus/integration-applications/marginal-quantities/","textbook-lesson","4","0","2"
"/subjects/math/calculus/integration-applications/moments-and-center-of-mass/","textbook-lesson","4","0","2"
"/subjects/math/calculus/integration-applications/physics-application-studio/","textbook-lesson","6","0","2"
"/subjects/math/calculus/integration-applications/practice-exam-a/","textbook-lesson","5","0","2"
"/subjects/math/calculus/integration-applications/practice-exam-b/","textbook-lesson","5","0","2"
"/subjects/math/calculus/integration-applications/probability-density/","textbook-lesson","4","0","2"
"/subjects/math/calculus/integration-applications/pumping-liquids/","textbook-lesson","4","0","2"
"/subjects/math/calculus/integration-applications/spring-work/","textbook-lesson","4","0","2"
"/subjects/math/calculus/integration-applications/surface-area-of-revolution/","textbook-lesson","5","0","2"
"/subjects/math/calculus/integration-applications/volumes-by-slicing/","textbook-lesson","4","0","2"
"/subjects/math/calculus/integration-applications/washer-vs-shell/","decision-guide","1","0","0"
"/subjects/math/calculus/integration-applications/work-and-fluid-force/","method-guide","2","0","0"
"/subjects/math/calculus/integration-techniques/integration-by-parts-strategy/","method-guide","2","0","0"
"/subjects/math/calculus/integration-techniques/trigonometric-substitution/","decision-guide","3","0","0"
"/subjects/math/calculus/integration-techniques/u-substitution/","method-guide","3","0","0"
"/subjects/math/calculus/limits-continuity/continuity-at-a-point/","concept-explainer","4","0","1"
"/subjects/math/calculus/limits-continuity/evaluating-indeterminate-limits/","method-guide","3","0","0"
"/subjects/math/calculus/limits-continuity/infinite-limits-and-asymptotes/","concept-explainer","3","0","0"
"/subjects/math/calculus/limits-continuity/limit-of-sin-x-over-x/","quick-answer","2","0","0"
"/subjects/math/calculus/limits-continuity/one-sided-limits-and-jump-discontinuities/","concept-explainer","2","0","0"
"/subjects/math/calculus/limits-continuity/squeeze-theorem/","method-guide","3","0","0"
"/subjects/math/calculus/limits-continuity/unit/limits/meaning-concept-quiz/","textbook-lesson","3","0","0"
"/subjects/math/calculus/limits-continuity/unit/limits/meaning-practice/","textbook-lesson","3","0","0"
"/subjects/math/calculus/limits-continuity/unit/limits/meaning-review/","textbook-lesson","2","0","0"
"/subjects/math/calculus/power-series-and-taylor-series/binomial-series/","textbook-lesson","4","0","2"
"/subjects/math/calculus/power-series-and-taylor-series/common-errors/","textbook-lesson","3","0","1"
"/subjects/math/calculus/power-series-and-taylor-series/concept-quiz/","textbook-lesson","5","0","2"
"/subjects/math/calculus/power-series-and-taylor-series/differentiating-and-integrating-power-series/","textbook-lesson","4","0","2"
"/subjects/math/calculus/power-series-and-taylor-series/endpoint-testing/","textbook-lesson","4","0","2"
"/subjects/math/calculus/power-series-and-taylor-series/geometric-series-library/","textbook-lesson","4","0","2"
"/subjects/math/calculus/power-series-and-taylor-series/logarithm-and-arctangent-series/","textbook-lesson","4","0","2"
"/subjects/math/calculus/power-series-and-taylor-series/maclaurin-series/","textbook-lesson","4","0","2"
"/subjects/math/calculus/power-series-and-taylor-series/mixed-practice/","textbook-lesson","5","0","2"
"/subjects/math/calculus/power-series-and-taylor-series/practice-exam-a/","textbook-lesson","5","0","2"
"/subjects/math/calculus/power-series-and-taylor-series/practice-exam-b/","textbook-lesson","5","0","2"
"/subjects/math/calculus/power-series-and-taylor-series/radius-and-interval-of-convergence/","textbook-lesson","4","0","2"
"/subjects/math/calculus/power-series-and-taylor-series/ratio-test-for-power-series/","textbook-lesson","4","0","2"
"/subjects/math/calculus/power-series-and-taylor-series/reference-sheet/","textbook-lesson","4","0","2"
"/subjects/math/calculus/power-series-and-taylor-series/series-for-definite-integrals/","textbook-lesson","4","0","2"
"/subjects/math/calculus/power-series-and-taylor-series/series-solutions-preview/","textbook-lesson","4","0","2"
"/subjects/math/calculus/power-series-and-taylor-series/small-angle-physics/","textbook-lesson","4","0","2"
"/subjects/math/calculus/power-series-and-taylor-series/standard-maclaurin-series/","textbook-lesson","4","0","2"
"/subjects/math/calculus/power-series-and-taylor-series/taylor-remainder-theorem/","textbook-lesson","4","0","2"
"/subjects/math/calculus/power-series-and-taylor-series/taylor-series-review/","textbook-lesson","4","0","2"
"/subjects/math/calculus/sequences-and-series/absolute-and-conditional-convergence/","textbook-lesson","4","0","2"
"/subjects/math/calculus/sequences-and-series/alternating-series-error/","textbook-lesson","4","0","2"
"/subjects/math/calculus/sequences-and-series/cauchy-criterion-preview/","textbook-lesson","4","0","2"
"/subjects/math/calculus/sequences-and-series/common-errors/","textbook-lesson","3","0","1"
"/subjects/math/calculus/sequences-and-series/concept-quiz/","textbook-lesson","5","0","2"
"/subjects/math/calculus/sequences-and-series/convergence-tests-review/","textbook-lesson","4","0","2"
"/subjects/math/calculus/sequences-and-series/direct-comparison-test/","textbook-lesson","4","0","2"
"/subjects/math/calculus/sequences-and-series/explicit-and-recursive-sequences/","textbook-lesson","4","0","2"
"/subjects/math/calculus/sequences-and-series/harmonic-and-p-series/","textbook-lesson","4","0","2"
"/subjects/math/calculus/sequences-and-series/integral-test-remainder-estimates/","textbook-lesson","4","0","2"
"/subjects/math/calculus/sequences-and-series/limit-comparison-test/","textbook-lesson","4","0","2"
"/subjects/math/calculus/sequences-and-series/limits-of-sequences/","textbook-lesson","4","0","2"
"/subjects/math/calculus/sequences-and-series/monotone-and-bounded-sequences/","textbook-lesson","4","0","2"
"/subjects/math/calculus/sequences-and-series/nth-term-divergence-test/","textbook-lesson","4","0","2"
"/subjects/math/calculus/sequences-and-series/practice-exam-a/","textbook-lesson","5","0","2"
"/subjects/math/calculus/sequences-and-series/practice-exam-b/","textbook-lesson","5","0","2"
"/subjects/math/calculus/sequences-and-series/ratio-test/","textbook-lesson","4","0","2"
"/subjects/math/calculus/sequences-and-series/reference-sheet/","textbook-lesson","4","0","2"
"/subjects/math/calculus/sequences-and-series/root-test/","textbook-lesson","4","0","2"
"/subjects/math/calculus/sequences-and-series/sequence-limit-laws/","textbook-lesson","4","0","2"
"/subjects/math/calculus/sequences-and-series/sequence-review/","textbook-lesson","4","0","2"
"/subjects/math/calculus/sequences-and-series/squeeze-theorem-for-sequences/","textbook-lesson","4","0","2"
"/subjects/math/calculus/sequences-and-series/telescoping-series/","textbook-lesson","4","0","2"
"/subjects/math/calculus/sequences-and-series/test-selection-practice/","textbook-lesson","5","0","2"
"/subjects/math/calculus/sequences-series/harmonic-series-diverges/","quick-answer","1","0","0"
"/subjects/math/calculus/sequences-series/ratio-test-vs-root-test/","decision-guide","1","0","0"
"/subjects/math/calculus/visuals/","resource-hub","1028","988","0"
"/subjects/math/calculus/visuals/derivative-rules-map/","visual-guide","3","0","0"
"/subjects/math/calculus/visuals/riemann-sum-progression/","visual-guide","3","0","0"
"/subjects/math/calculus/visuals/taylor-approximation-visual/","visual-guide","3","0","0"
"/subjects/math/calculus/worked-problems/fencing-optimization/","worked-problem","4","0","1"
"/subjects/math/calculus/worked-problems/finite-geometric-sum/","worked-problem","3","0","0"
"/subjects/math/calculus/worked-problems/fundamental-theorem-derivative/","worked-problem","3","0","0"
"/subjects/math/calculus/worked-problems/infinite-geometric-sum/","worked-problem","3","0","0"
"/subjects/math/calculus/worked-problems/integration-by-parts-log-x/","worked-problem","4","0","1"
"/subjects/math/calculus/worked-problems/integration-by-parts-x-e-x/","worked-problem","3","0","0"
"/subjects/math/calculus/worked-problems/interval-of-convergence-example/","worked-problem","3","0","0"
"/subjects/math/calculus/worked-problems/limit-by-factoring/","worked-problem","3","0","0"
"/subjects/math/calculus/worked-problems/limit-by-rationalization/","worked-problem","3","0","0"
"/subjects/math/calculus/worked-problems/limit-comparison-example/","worked-problem","3","0","0"
"/subjects/math/calculus/worked-problems/nested-chain-rule/","worked-problem","3","0","0"
"/subjects/math/calculus/worked-problems/one-sided-piecewise-limit/","worked-problem","3","0","0"
"/subjects/math/calculus/worked-problems/open-top-box-optimization/","worked-problem","3","0","0"
"/subjects/math/calculus/worked-problems/product-plus-chain-rule/","worked-problem","3","0","0"
"/subjects/math/calculus/worked-problems/quotient-plus-chain-rule/","worked-problem","3","0","0"
"/subjects/math/calculus/worked-problems/ratio-test-example/","worked-problem","3","0","0"
"/subjects/math/calculus/worked-problems/repeated-integration-by-parts/","worked-problem","3","0","0"
"/subjects/math/calculus/worked-problems/repeating-decimal-as-a-series/","worked-problem","3","0","0"
"/subjects/math/calculus/worked-problems/root-test-example/","worked-problem","3","0","0"
"/subjects/math/calculus/worked-problems/shifted-geometric-series/","worked-problem","4","0","1"
"/subjects/math/calculus/worked-problems/taylor-approximation-error/","worked-problem","3","0","0"
"/subjects/math/calculus/worked-problems/taylor-polynomial-from-derivatives/","worked-problem","3","0","0"
"/subjects/math/calculus/worked-problems/taylor-series-from-known-series/","worked-problem","3","0","0"
"/tools/","directory","1512","988","494"
