route,skills,confidence
"/answers/calculus/integral-of-sec-cubed/","skill.calculus.answer.integral","medium-confidence-inferred"
"/glossary/math/absolute-convergence/","skill.math.glossary-term.absolute-convergence","medium-confidence-inferred"
"/glossary/math/antiderivative/","skill.math.glossary-term.derivative","medium-confidence-inferred"
"/glossary/math/chain-rule/","skill.math.glossary-term.chain-rule","medium-confidence-inferred"
"/glossary/math/continuity/","skill.math.glossary-term.continuity","medium-confidence-inferred"
"/glossary/math/conventions/","skill.math.glossary-term.conventions","medium-confidence-inferred"
"/glossary/math/critical-number/","skill.math.glossary-term.critical-number","medium-confidence-inferred"
"/glossary/math/definite-integral/","skill.math.glossary-term.integral","medium-confidence-inferred"
"/glossary/math/derivative/","skill.math.glossary-term.derivative","medium-confidence-inferred"
"/glossary/math/fundamental-theorem-calculus/","skill.math.glossary-term.fundamental-theorem-calculus","medium-confidence-inferred"
"/glossary/math/geometric-series/","skill.math.glossary-term.geometric-series","medium-confidence-inferred"
"/glossary/math/implicit-differentiation/","skill.math.glossary-term.derivative","medium-confidence-inferred"
"/glossary/math/improper-integral/","skill.math.glossary-term.integral","medium-confidence-inferred"
"/glossary/math/integration-by-parts/","skill.math.glossary-term.integration-by-parts","medium-confidence-inferred"
"/glossary/math/limit/","skill.math.glossary-term.limit","medium-confidence-inferred"
"/glossary/math/local-maximum/","skill.math.glossary-term.local-maximum","medium-confidence-inferred"
"/glossary/math/local-minimum/","skill.math.glossary-term.local-minimum","medium-confidence-inferred"
"/glossary/math/one-sided-limit/","skill.math.glossary-term.limit","medium-confidence-inferred"
"/glossary/math/optimization/","skill.math.glossary-term.optimization","medium-confidence-inferred"
"/glossary/math/power-series/","skill.math.glossary-term.power-series","medium-confidence-inferred"
"/glossary/math/radius-of-convergence/","skill.math.glossary-term.radius-of-convergence","medium-confidence-inferred"
"/glossary/math/related-rates/","skill.math.glossary-term.related-rates","medium-confidence-inferred"
"/glossary/math/sequence/","skill.math.glossary-term.sequence","medium-confidence-inferred"
"/glossary/math/series/","skill.math.glossary-term.series","medium-confidence-inferred"
"/glossary/math/taylor-series/","skill.math.glossary-term.taylor-series","medium-confidence-inferred"
"/glossary/math/u-substitution/","skill.math.glossary-term.u-substitution","medium-confidence-inferred"
"/learn/calculus/integration-by-parts/","skill.calculus.method-guide.integration-by-parts","medium-confidence-inferred"
"/practice/math/","skill.math.assessment.math","medium-confidence-inferred"
"/practice/math/calculus/","skill.calculus.assessment.calculus","medium-confidence-inferred"
"/practice/math/calculus/challenges/integration-bee/","skill.calculus.assessment.integral","medium-confidence-inferred"
"/practice/math/calculus/diagnostics/calculus-readiness/","skill.calculus.assessment.calculus-readiness","medium-confidence-inferred"
"/practice/math/calculus/exams/calculus-foundations/","skill.calculus.practice-exam.calculus-foundations","medium-confidence-inferred"
"/practice/math/calculus/quizzes/integration-method-selection/","skill.calculus.assessment.integral","medium-confidence-inferred"
"/subjects/math/algebra/expressions-equations/","skill.algebra.quick-answer.expressions-equations","medium-confidence-inferred"
"/subjects/math/algebra/expressions-equations/combining-like-terms/","skill.algebra.method-guide.combining-like-terms","medium-confidence-inferred"
"/subjects/math/algebra/expressions-equations/distributive-property/","skill.algebra.method-guide.distributive-property","medium-confidence-inferred"
"/subjects/math/algebra/expressions-equations/evaluating-expressions-by-substitution/","skill.algebra.method-guide.evaluating-expressions-by-substitution","medium-confidence-inferred"
"/subjects/math/algebra/expressions-equations/order-of-operations-with-variables/","skill.algebra.method-guide.order-of-operations-with-variables","medium-confidence-inferred"
"/subjects/math/algebra/expressions-equations/solving-linear-equations/","skill.algebra.decision-guide.solving-linear-equations","medium-confidence-inferred"
"/subjects/math/algebra/expressions-equations/variables-on-both-sides/","skill.algebra.decision-guide.variables-on-both-sides","medium-confidence-inferred"
"/subjects/math/algebra/linear-relationships/","skill.algebra.quick-answer.linear-relationships","medium-confidence-inferred"
"/subjects/math/algebra/linear-relationships/equation-from-two-points/","skill.algebra.decision-guide.equation-from-two-points","medium-confidence-inferred"
"/subjects/math/algebra/linear-relationships/graphing-linear-equations-from-standard-form/","skill.algebra.decision-guide.graphing-linear-equations-from-standard-form","medium-confidence-inferred"
"/subjects/math/algebra/linear-relationships/interpreting-linear-models/","skill.algebra.quick-answer.interpreting-linear-models","medium-confidence-inferred"
"/subjects/math/algebra/linear-relationships/parallel-perpendicular-lines/","skill.algebra.decision-guide.parallel-perpendicular-lines","medium-confidence-inferred"
"/subjects/math/algebra/linear-relationships/point-slope-vs-slope-intercept/","skill.algebra.quick-answer.point-slope-vs-slope-intercept","medium-confidence-inferred"
"/subjects/math/algebra/linear-relationships/slope-as-rate-of-change/","skill.algebra.quick-answer.slope-as-rate-of-change","medium-confidence-inferred"
"/subjects/math/algebra/polynomials-factoring/","skill.algebra.quick-answer.polynomials-factoring","medium-confidence-inferred"
"/subjects/math/algebra/polynomials-factoring/completing-the-square/","skill.algebra.decision-guide.completing-the-square","medium-confidence-inferred"
"/subjects/math/algebra/polynomials-factoring/exponent-rules/","skill.algebra.method-guide.exponent-rules","medium-confidence-inferred"
"/subjects/math/algebra/polynomials-factoring/factoring-trinomials/","skill.algebra.decision-guide.factoring-trinomials","medium-confidence-inferred"
"/subjects/math/algebra/polynomials-factoring/greatest-common-factor/","skill.algebra.decision-guide.greatest-common-factor","medium-confidence-inferred"
"/subjects/math/algebra/polynomials-factoring/multiply-polynomials/","skill.algebra.decision-guide.multiply-polynomials","medium-confidence-inferred"
"/subjects/math/algebra/polynomials-factoring/special-factor-patterns/","skill.algebra.decision-guide.special-factor-patterns","medium-confidence-inferred"
"/subjects/math/algebra/radicals-exponents-functions/","skill.algebra.quick-answer.radicals-exponents-functions","medium-confidence-inferred"
"/subjects/math/algebra/radicals-exponents-functions/exponential-growth-and-decay/","skill.algebra.decision-guide.exponential-growth-and-decay","medium-confidence-inferred"
"/subjects/math/algebra/radicals-exponents-functions/function-notation/","skill.algebra.quick-answer.function-notation","medium-confidence-inferred"
"/subjects/math/algebra/radicals-exponents-functions/inverse-functions-vs-reciprocals/","skill.algebra.decision-guide.inverse-functions-vs-reciprocals","medium-confidence-inferred"
"/subjects/math/algebra/radicals-exponents-functions/rational-exponents/","skill.algebra.method-guide.rational-exponents","medium-confidence-inferred"
"/subjects/math/algebra/radicals-exponents-functions/simplifying-radicals/","skill.algebra.method-guide.simplifying-radicals","medium-confidence-inferred"
"/subjects/math/algebra/radicals-exponents-functions/solving-radical-equations/","skill.algebra.method-guide.solving-radical-equations","medium-confidence-inferred"
"/subjects/math/algebra/rational-expressions/","skill.algebra.quick-answer.rational-expressions","medium-confidence-inferred"
"/subjects/math/algebra/rational-expressions/add-subtract-rational-expressions/","skill.algebra.method-guide.add-subtract-rational-expressions","medium-confidence-inferred"
"/subjects/math/algebra/rational-expressions/direct-inverse-variation/","skill.algebra.quick-answer.direct-inverse-variation","medium-confidence-inferred"
"/subjects/math/algebra/rational-expressions/rational-domain-restrictions/","skill.algebra.method-guide.rational-domain-restrictions","medium-confidence-inferred"
"/subjects/math/algebra/rational-expressions/simplifying-complex-rational-expressions/","skill.algebra.method-guide.simplifying-complex-rational-expressions","medium-confidence-inferred"
"/subjects/math/algebra/rational-expressions/simplifying-rational-expressions/","skill.algebra.method-guide.simplifying-rational-expressions","medium-confidence-inferred"
"/subjects/math/algebra/rational-expressions/solving-rational-equations/","skill.algebra.method-guide.solving-rational-equations","medium-confidence-inferred"
"/subjects/math/algebra/systems-inequalities/","skill.algebra.quick-answer.systems-inequalities","medium-confidence-inferred"
"/subjects/math/algebra/systems-inequalities/choosing-system-method/","skill.algebra.decision-guide.choosing-system-method","medium-confidence-inferred"
"/subjects/math/algebra/systems-inequalities/compound-inequalities/","skill.algebra.method-guide.compound-inequalities","medium-confidence-inferred"
"/subjects/math/algebra/systems-inequalities/elimination-systems/","skill.algebra.decision-guide.elimination-systems","medium-confidence-inferred"
"/subjects/math/algebra/systems-inequalities/graphing-linear-inequalities/","skill.algebra.decision-guide.graphing-linear-inequalities","medium-confidence-inferred"
"/subjects/math/algebra/systems-inequalities/no-one-infinite-solutions/","skill.algebra.decision-guide.no-one-infinite-solutions","medium-confidence-inferred"
"/subjects/math/algebra/systems-inequalities/substitution-systems/","skill.algebra.decision-guide.substitution-systems","medium-confidence-inferred"
"/subjects/math/calculus/derivative-applications/advanced-cauchy-mvt/","skill.calculus.textbook-lesson.derivative","medium-confidence-inferred"
"/subjects/math/calculus/derivative-applications/advanced-convexity/","skill.calculus.textbook-lesson.derivative","medium-confidence-inferred"
"/subjects/math/calculus/derivative-applications/advanced-newton-convergence/","skill.calculus.textbook-lesson.derivative","medium-confidence-inferred"
"/subjects/math/calculus/derivative-applications/advanced-notes/","skill.calculus.textbook-lesson.derivative","medium-confidence-inferred"
"/subjects/math/calculus/derivative-applications/advanced-sensitivity-elasticity/","skill.calculus.textbook-lesson.derivative","medium-confidence-inferred"
"/subjects/math/calculus/derivative-applications/anatomy-of-optimization/","skill.calculus.textbook-lesson.optimization","medium-confidence-inferred"
"/subjects/math/calculus/derivative-applications/approximation-concept-quiz/","skill.calculus.textbook-lesson.derivative","medium-confidence-inferred"
"/subjects/math/calculus/derivative-applications/approximation-review/","skill.calculus.textbook-lesson.derivative","medium-confidence-inferred"
"/subjects/math/calculus/derivative-applications/bridge-diagnostic/","skill.calculus.textbook-lesson.derivative","medium-confidence-inferred"
"/subjects/math/calculus/derivative-applications/closed-interval-method/","skill.calculus.textbook-lesson.derivative","medium-confidence-inferred"
"/subjects/math/calculus/derivative-applications/common-errors/","skill.calculus.textbook-lesson.optimization","medium-confidence-inferred"
"/subjects/math/calculus/derivative-applications/concavity/","skill.calculus.textbook-lesson.derivative","medium-confidence-inferred"
"/subjects/math/calculus/derivative-applications/cumulative-practice/","skill.calculus.textbook-lesson.derivative","medium-confidence-inferred"
"/subjects/math/calculus/derivative-applications/curve-sketching-from-derivatives/","skill.calculus.method-guide.derivative","medium-confidence-inferred"
"/subjects/math/calculus/derivative-applications/curve-sketching/","skill.calculus.textbook-lesson.derivative","medium-confidence-inferred"
"/subjects/math/calculus/derivative-applications/derivative-graphs/","skill.calculus.textbook-lesson.derivative","medium-confidence-inferred"
"/subjects/math/calculus/derivative-applications/differentials/","skill.calculus.textbook-lesson.derivative","medium-confidence-inferred"
"/subjects/math/calculus/derivative-applications/error-estimation/","skill.calculus.textbook-lesson.derivative","medium-confidence-inferred"
"/subjects/math/calculus/derivative-applications/extrema-and-critical-numbers/","skill.calculus.textbook-lesson.derivative","medium-confidence-inferred"
"/subjects/math/calculus/derivative-applications/first-derivative-test/","skill.calculus.textbook-lesson.derivative","medium-confidence-inferred"
"/subjects/math/calculus/derivative-applications/graph-analysis-story/","skill.calculus.textbook-lesson.derivative","medium-confidence-inferred"
"/subjects/math/calculus/derivative-applications/how-to-translate-word-problems/","skill.calculus.textbook-lesson.derivative","medium-confidence-inferred"
"/subjects/math/calculus/derivative-applications/increasing-decreasing/","skill.calculus.textbook-lesson.derivative","medium-confidence-inferred"
"/subjects/math/calculus/derivative-applications/interpretation-concept-quiz/","skill.calculus.textbook-lesson.derivative","medium-confidence-inferred"
"/subjects/math/calculus/derivative-applications/interpretation-review/","skill.calculus.textbook-lesson.derivative","medium-confidence-inferred"
"/subjects/math/calculus/derivative-applications/interpreting-derivatives/","skill.calculus.textbook-lesson.derivative","medium-confidence-inferred"
"/subjects/math/calculus/derivative-applications/interpreting-higher-derivatives/","skill.calculus.textbook-lesson.derivative","medium-confidence-inferred"
"/subjects/math/calculus/derivative-applications/lhopital-concept-quiz/","skill.calculus.textbook-lesson.derivative","medium-confidence-inferred"
"/subjects/math/calculus/derivative-applications/lhopital-infinity-over-infinity/","skill.calculus.textbook-lesson.derivative","medium-confidence-inferred"
"/subjects/math/calculus/derivative-applications/lhopital-is-not-cancellation/","skill.calculus.textbook-lesson.derivative","medium-confidence-inferred"
"/subjects/math/calculus/derivative-applications/lhopital-review/","skill.calculus.textbook-lesson.derivative","medium-confidence-inferred"
"/subjects/math/calculus/derivative-applications/lhopital-rule/","skill.calculus.textbook-lesson.derivative","medium-confidence-inferred"
"/subjects/math/calculus/derivative-applications/lhopital-zero-over-zero/","skill.calculus.textbook-lesson.derivative","medium-confidence-inferred"
"/subjects/math/calculus/derivative-applications/linear-approximation/","skill.calculus.method-guide.derivative","medium-confidence-inferred"
"/subjects/math/calculus/derivative-applications/linearization-practice/","skill.calculus.textbook-lesson.derivative","medium-confidence-inferred"
"/subjects/math/calculus/derivative-applications/local-linearity/","skill.calculus.textbook-lesson.derivative","medium-confidence-inferred"
"/subjects/math/calculus/derivative-applications/manufacturing-tolerance/","skill.calculus.textbook-lesson.derivative","medium-confidence-inferred"
"/subjects/math/calculus/derivative-applications/marginal-analysis/","skill.calculus.textbook-lesson.derivative","medium-confidence-inferred"
"/subjects/math/calculus/derivative-applications/mean-value-theorem/","skill.calculus.textbook-lesson.derivative","medium-confidence-inferred"
"/subjects/math/calculus/derivative-applications/medication-concentration/","skill.calculus.textbook-lesson.limit","medium-confidence-inferred"
"/subjects/math/calculus/derivative-applications/modeling-studio-review/","skill.calculus.textbook-lesson.derivative","medium-confidence-inferred"
"/subjects/math/calculus/derivative-applications/modeling-studio/","skill.calculus.textbook-lesson.derivative","medium-confidence-inferred"
"/subjects/math/calculus/derivative-applications/newtons-method/","skill.calculus.textbook-lesson.derivative","medium-confidence-inferred"
"/subjects/math/calculus/derivative-applications/optimization-business-science/","skill.calculus.textbook-lesson.optimization","medium-confidence-inferred"
"/subjects/math/calculus/derivative-applications/optimization-closed-interval/","skill.calculus.textbook-lesson.optimization","medium-confidence-inferred"
"/subjects/math/calculus/derivative-applications/optimization-concept-quiz/","skill.calculus.textbook-lesson.optimization","medium-confidence-inferred"
"/subjects/math/calculus/derivative-applications/optimization-geometry/","skill.calculus.textbook-lesson.optimization","medium-confidence-inferred"
"/subjects/math/calculus/derivative-applications/optimization-modeling/","skill.calculus.textbook-lesson.optimization","medium-confidence-inferred"
"/subjects/math/calculus/derivative-applications/optimization-review/","skill.calculus.textbook-lesson.optimization","medium-confidence-inferred"
"/subjects/math/calculus/derivative-applications/optimization/","skill.calculus.method-guide.optimization","medium-confidence-inferred"
"/subjects/math/calculus/derivative-applications/other-indeterminate-forms/","skill.calculus.textbook-lesson.derivative","medium-confidence-inferred"
"/subjects/math/calculus/derivative-applications/position-velocity-acceleration/","skill.calculus.textbook-lesson.derivative","medium-confidence-inferred"
"/subjects/math/calculus/derivative-applications/practice-exam-a-answer-key/","skill.calculus.textbook-lesson.derivative","medium-confidence-inferred"
"/subjects/math/calculus/derivative-applications/practice-exam-a/","skill.calculus.textbook-lesson.derivative","medium-confidence-inferred"
"/subjects/math/calculus/derivative-applications/practice-exam-b-answer-key/","skill.calculus.textbook-lesson.derivative","medium-confidence-inferred"
"/subjects/math/calculus/derivative-applications/practice-exam-b/","skill.calculus.textbook-lesson.derivative","medium-confidence-inferred"
"/subjects/math/calculus/derivative-applications/radar-tracking/","skill.calculus.textbook-lesson.derivative","medium-confidence-inferred"
"/subjects/math/calculus/derivative-applications/rates-from-data/","skill.calculus.textbook-lesson.derivative","medium-confidence-inferred"
"/subjects/math/calculus/derivative-applications/reference/","skill.calculus.textbook-lesson.derivative","medium-confidence-inferred"
"/subjects/math/calculus/derivative-applications/related-rates-angle/","skill.calculus.textbook-lesson.derivative","medium-confidence-inferred"
"/subjects/math/calculus/derivative-applications/related-rates-concept-quiz/","skill.calculus.textbook-lesson.derivative","medium-confidence-inferred"
"/subjects/math/calculus/derivative-applications/related-rates-mixed/","skill.calculus.textbook-lesson.derivative","medium-confidence-inferred"
"/subjects/math/calculus/derivative-applications/related-rates-pythagorean/","skill.calculus.textbook-lesson.derivative","medium-confidence-inferred"
"/subjects/math/calculus/derivative-applications/related-rates-review/","skill.calculus.textbook-lesson.derivative","medium-confidence-inferred"
"/subjects/math/calculus/derivative-applications/related-rates-shadows/","skill.calculus.textbook-lesson.derivative","medium-confidence-inferred"
"/subjects/math/calculus/derivative-applications/related-rates-volume/","skill.calculus.textbook-lesson.derivative","medium-confidence-inferred"
"/subjects/math/calculus/derivative-applications/related-rates-workflow/","skill.calculus.textbook-lesson.derivative","medium-confidence-inferred"
"/subjects/math/calculus/derivative-applications/related-rates/","skill.calculus.method-guide.derivative","medium-confidence-inferred"
"/subjects/math/calculus/derivative-applications/repeated-lhopital/","skill.calculus.textbook-lesson.derivative","medium-confidence-inferred"
"/subjects/math/calculus/derivative-applications/rolles-theorem/","skill.calculus.textbook-lesson.derivative","medium-confidence-inferred"
"/subjects/math/calculus/derivative-applications/second-derivative-test/","skill.calculus.textbook-lesson.derivative","medium-confidence-inferred"
"/subjects/math/calculus/derivative-applications/speeding-up-slowing-down/","skill.calculus.textbook-lesson.derivative","medium-confidence-inferred"
"/subjects/math/calculus/derivative-applications/stopping-distance/","skill.calculus.textbook-lesson.derivative","medium-confidence-inferred"
"/subjects/math/calculus/derivative-applications/theorems-shape-concept-quiz/","skill.calculus.textbook-lesson.derivative","medium-confidence-inferred"
"/subjects/math/calculus/derivative-applications/theorems-shape-review/","skill.calculus.textbook-lesson.derivative","medium-confidence-inferred"
"/subjects/math/calculus/derivative-applications/unit-2b-review/","skill.calculus.decision-guide.derivative","medium-confidence-inferred"
"/subjects/math/calculus/derivative-applications/when-not-lhopital/","skill.calculus.textbook-lesson.derivative","medium-confidence-inferred"
"/subjects/math/calculus/derivative-applications/why-linear-approximation-works/","skill.calculus.textbook-lesson.derivative","medium-confidence-inferred"
"/subjects/math/calculus/derivative-applications/why-related-rates-feel-hard/","skill.calculus.textbook-lesson.derivative","medium-confidence-inferred"
"/subjects/math/calculus/derivatives/advanced-chain-rule-linear-maps/","skill.calculus.textbook-lesson.chain-rule","medium-confidence-inferred"
"/subjects/math/calculus/derivatives/advanced-darboux-derivatives/","skill.calculus.textbook-lesson.derivative","medium-confidence-inferred"
"/subjects/math/calculus/derivatives/advanced-implicit-function-theorem/","skill.calculus.textbook-lesson.derivative","medium-confidence-inferred"
"/subjects/math/calculus/derivatives/advanced-local-linearity-little-o/","skill.calculus.textbook-lesson.derivative","medium-confidence-inferred"
"/subjects/math/calculus/derivatives/advanced-notes-2a/","skill.calculus.textbook-lesson.derivative","medium-confidence-inferred"
"/subjects/math/calculus/derivatives/chain-exp-log/","skill.calculus.textbook-lesson.chain-rule","medium-confidence-inferred"
"/subjects/math/calculus/derivatives/chain-rule-basic/","skill.calculus.textbook-lesson.chain-rule","medium-confidence-inferred"
"/subjects/math/calculus/derivatives/chain-rule-concept-quiz/","skill.calculus.textbook-lesson.chain-rule","medium-confidence-inferred"
"/subjects/math/calculus/derivatives/chain-rule-map/","skill.calculus.textbook-lesson.chain-rule","medium-confidence-inferred"
"/subjects/math/calculus/derivatives/chain-rule-review/","skill.calculus.textbook-lesson.chain-rule","medium-confidence-inferred"
"/subjects/math/calculus/derivatives/chain-rule/","skill.calculus.method-guide.chain-rule","medium-confidence-inferred"
"/subjects/math/calculus/derivatives/chain-trig/","skill.calculus.textbook-lesson.chain-rule","medium-confidence-inferred"
"/subjects/math/calculus/derivatives/combined-rules/","skill.calculus.textbook-lesson.chain-rule","medium-confidence-inferred"
"/subjects/math/calculus/derivatives/composition/","skill.calculus.textbook-lesson.chain-rule","medium-confidence-inferred"
"/subjects/math/calculus/derivatives/core-rules-concept-quiz/","skill.calculus.textbook-lesson.derivative","medium-confidence-inferred"
"/subjects/math/calculus/derivatives/core-rules-review/","skill.calculus.textbook-lesson.derivative","medium-confidence-inferred"
"/subjects/math/calculus/derivatives/derivative-at-a-point/","skill.calculus.textbook-lesson.derivative","medium-confidence-inferred"
"/subjects/math/calculus/derivatives/derivative-computation-strategy/","skill.calculus.textbook-lesson.derivative","medium-confidence-inferred"
"/subjects/math/calculus/derivatives/derivative-function/","skill.calculus.textbook-lesson.derivative","medium-confidence-inferred"
"/subjects/math/calculus/derivatives/derivative-of-x-to-the-x/","skill.calculus.quick-answer.derivative","medium-confidence-inferred"
"/subjects/math/calculus/derivatives/derivatives-of-inverse-trig-functions/","skill.calculus.method-guide.derivative","medium-confidence-inferred"
"/subjects/math/calculus/derivatives/difference-quotient-algebra/","skill.calculus.textbook-lesson.derivative","medium-confidence-inferred"
"/subjects/math/calculus/derivatives/differentiability-and-continuity/","skill.calculus.textbook-lesson.continuity","medium-confidence-inferred"
"/subjects/math/calculus/derivatives/exponential-e/","skill.calculus.textbook-lesson.derivative","medium-confidence-inferred"
"/subjects/math/calculus/derivatives/foundations-concept-quiz/","skill.calculus.textbook-lesson.derivative","medium-confidence-inferred"
"/subjects/math/calculus/derivatives/foundations-review/","skill.calculus.textbook-lesson.derivative","medium-confidence-inferred"
"/subjects/math/calculus/derivatives/from-graphs-and-tables/","skill.calculus.textbook-lesson.derivative","medium-confidence-inferred"
"/subjects/math/calculus/derivatives/general-exponential/","skill.calculus.textbook-lesson.derivative","medium-confidence-inferred"
"/subjects/math/calculus/derivatives/general-logarithms/","skill.calculus.textbook-lesson.derivative","medium-confidence-inferred"
"/subjects/math/calculus/derivatives/higher-derivative-techniques/","skill.calculus.textbook-lesson.derivative","medium-confidence-inferred"
"/subjects/math/calculus/derivatives/higher-derivatives/","skill.calculus.textbook-lesson.derivative","medium-confidence-inferred"
"/subjects/math/calculus/derivatives/implicit-differentiation/","skill.calculus.textbook-lesson.derivative","medium-confidence-inferred"
"/subjects/math/calculus/derivatives/implicit-inverse-concept-quiz/","skill.calculus.textbook-lesson.derivative","medium-confidence-inferred"
"/subjects/math/calculus/derivatives/implicit-inverse-review/","skill.calculus.textbook-lesson.derivative","medium-confidence-inferred"
"/subjects/math/calculus/derivatives/implicit-second-derivative/","skill.calculus.textbook-lesson.derivative","medium-confidence-inferred"
"/subjects/math/calculus/derivatives/implicit-tangent-lines/","skill.calculus.textbook-lesson.derivative","medium-confidence-inferred"
"/subjects/math/calculus/derivatives/inverse-function-rule/","skill.calculus.textbook-lesson.derivative","medium-confidence-inferred"
"/subjects/math/calculus/derivatives/inverse-trig/","skill.calculus.textbook-lesson.derivative","medium-confidence-inferred"
"/subjects/math/calculus/derivatives/logarithmic-differentiation/","skill.calculus.textbook-lesson.derivative","medium-confidence-inferred"
"/subjects/math/calculus/derivatives/multiple-chain-layers/","skill.calculus.textbook-lesson.derivative","medium-confidence-inferred"
"/subjects/math/calculus/derivatives/natural-log/","skill.calculus.textbook-lesson.derivative","medium-confidence-inferred"
"/subjects/math/calculus/derivatives/negative-fractional-powers/","skill.calculus.textbook-lesson.derivative","medium-confidence-inferred"
"/subjects/math/calculus/derivatives/notation-and-units/","skill.calculus.textbook-lesson.derivative","medium-confidence-inferred"
"/subjects/math/calculus/derivatives/notation-guide/","skill.calculus.textbook-lesson.derivative","medium-confidence-inferred"
"/subjects/math/calculus/derivatives/other-trig-functions/","skill.calculus.textbook-lesson.derivative","medium-confidence-inferred"
"/subjects/math/calculus/derivatives/power-rule/","skill.calculus.textbook-lesson.derivative","medium-confidence-inferred"
"/subjects/math/calculus/derivatives/practice-exam-a-answer-key/","skill.calculus.textbook-lesson.derivative","medium-confidence-inferred"
"/subjects/math/calculus/derivatives/practice-exam-b-answer-key/","skill.calculus.textbook-lesson.derivative","medium-confidence-inferred"
"/subjects/math/calculus/derivatives/prerequisite-diagnostic/","skill.calculus.textbook-lesson.derivative","medium-confidence-inferred"
"/subjects/math/calculus/derivatives/product-rule-vs-quotient-rule/","skill.calculus.decision-guide.derivative","medium-confidence-inferred"
"/subjects/math/calculus/derivatives/product-rule/","skill.calculus.textbook-lesson.derivative","medium-confidence-inferred"
"/subjects/math/calculus/derivatives/quotient-rule/","skill.calculus.textbook-lesson.derivative","medium-confidence-inferred"
"/subjects/math/calculus/derivatives/rule-selection/","skill.calculus.textbook-lesson.derivative","medium-confidence-inferred"
"/subjects/math/calculus/derivatives/sine-and-cosine/","skill.calculus.textbook-lesson.derivative","medium-confidence-inferred"
"/subjects/math/calculus/derivatives/special-functions-concept-quiz/","skill.calculus.textbook-lesson.derivative","medium-confidence-inferred"
"/subjects/math/calculus/derivatives/special-functions-review/","skill.calculus.textbook-lesson.derivative","medium-confidence-inferred"
"/subjects/math/calculus/derivatives/sum-and-constant-multiple-rules/","skill.calculus.textbook-lesson.derivative","medium-confidence-inferred"
"/subjects/math/calculus/derivatives/tangent-line-equation/","skill.calculus.textbook-lesson.derivative","medium-confidence-inferred"
"/subjects/math/calculus/derivatives/unit-2a-common-errors/","skill.calculus.textbook-lesson.derivative","medium-confidence-inferred"
"/subjects/math/calculus/derivatives/unit-2a-cumulative-practice/","skill.calculus.textbook-lesson.derivative","medium-confidence-inferred"
"/subjects/math/calculus/derivatives/unit-2a-practice-exam-a/","skill.calculus.textbook-lesson.derivative","medium-confidence-inferred"
"/subjects/math/calculus/derivatives/unit-2a-practice-exam-b/","skill.calculus.textbook-lesson.derivative","medium-confidence-inferred"
"/subjects/math/calculus/derivatives/unit-2a-reference/","skill.calculus.textbook-lesson.derivative","medium-confidence-inferred"
"/subjects/math/calculus/derivatives/unit-2a-review/","skill.calculus.textbook-lesson.derivative","medium-confidence-inferred"
"/subjects/math/calculus/derivatives/variable-exponents/","skill.calculus.textbook-lesson.derivative","medium-confidence-inferred"
"/subjects/math/calculus/derivatives/what-does-derivative-mean/","skill.calculus.textbook-lesson.derivative","medium-confidence-inferred"
"/subjects/math/calculus/derivatives/what-implicit-means/","skill.calculus.textbook-lesson.derivative","medium-confidence-inferred"
"/subjects/math/calculus/derivatives/why-derivative-rules-work/","skill.calculus.textbook-lesson.derivative","medium-confidence-inferred"
"/subjects/math/calculus/derivatives/why-derivatives-matter/","skill.calculus.textbook-lesson.derivative","medium-confidence-inferred"
"/subjects/math/calculus/derivatives/why-special-derivatives-are-not-random/","skill.calculus.textbook-lesson.derivative","medium-confidence-inferred"
"/subjects/math/calculus/formula-sheets/derivative-rules/","skill.calculus.formula-sheet.derivative","medium-confidence-inferred"
"/subjects/math/calculus/integrals/accumulation-functions/","skill.calculus.textbook-lesson.integral","medium-confidence-inferred"
"/subjects/math/calculus/integrals/antiderivatives/","skill.calculus.textbook-lesson.derivative","medium-confidence-inferred"
"/subjects/math/calculus/integrals/average-value-of-a-function/","skill.calculus.textbook-lesson.integral","medium-confidence-inferred"
"/subjects/math/calculus/integrals/basic-antiderivative-rules/","skill.calculus.textbook-lesson.derivative","medium-confidence-inferred"
"/subjects/math/calculus/integrals/common-errors/","skill.calculus.textbook-lesson.integral","medium-confidence-inferred"
"/subjects/math/calculus/integrals/cumulative-practice/","skill.calculus.textbook-lesson.integral","medium-confidence-inferred"
"/subjects/math/calculus/integrals/definite-integral-signed-area/","skill.calculus.textbook-lesson.integral","medium-confidence-inferred"
"/subjects/math/calculus/integrals/definite-integrals-by-substitution/","skill.calculus.textbook-lesson.integral","medium-confidence-inferred"
"/subjects/math/calculus/integrals/displacement-and-distance/","skill.calculus.textbook-lesson.integral","medium-confidence-inferred"
"/subjects/math/calculus/integrals/fundamental-theorem-part-one/","skill.calculus.textbook-lesson.integral","medium-confidence-inferred"
"/subjects/math/calculus/integrals/fundamental-theorem-part-two/","skill.calculus.textbook-lesson.integral","medium-confidence-inferred"
"/subjects/math/calculus/integrals/improper-integrals-infinite-intervals/","skill.calculus.textbook-lesson.integral","medium-confidence-inferred"
"/subjects/math/calculus/integrals/improper-integrals-unbounded-functions/","skill.calculus.textbook-lesson.integral","medium-confidence-inferred"
"/subjects/math/calculus/integrals/indefinite-integrals-and-c/","skill.calculus.textbook-lesson.integral","medium-confidence-inferred"
"/subjects/math/calculus/integrals/initial-value-problems/","skill.calculus.textbook-lesson.integral","medium-confidence-inferred"
"/subjects/math/calculus/integrals/integration-by-parts/","skill.calculus.textbook-lesson.integration-by-parts","medium-confidence-inferred"
"/subjects/math/calculus/integrals/integration-strategy/","skill.calculus.textbook-lesson.integral","medium-confidence-inferred"
"/subjects/math/calculus/integrals/left-right-midpoint-riemann-sums/","skill.calculus.textbook-lesson.integral","medium-confidence-inferred"
"/subjects/math/calculus/integrals/net-change-theorem/","skill.calculus.textbook-lesson.integral","medium-confidence-inferred"
"/subjects/math/calculus/integrals/numerical-integration/","skill.calculus.textbook-lesson.integral","medium-confidence-inferred"
"/subjects/math/calculus/integrals/partial-fractions/","skill.calculus.textbook-lesson.integral","medium-confidence-inferred"
"/subjects/math/calculus/integrals/partitions-and-sigma-notation/","skill.calculus.textbook-lesson.integral","medium-confidence-inferred"
"/subjects/math/calculus/integrals/practice-exam-a-answer-key/","skill.calculus.textbook-lesson.integral","medium-confidence-inferred"
"/subjects/math/calculus/integrals/practice-exam-a/","skill.calculus.textbook-lesson.integral","medium-confidence-inferred"
"/subjects/math/calculus/integrals/practice-exam-b-answer-key/","skill.calculus.textbook-lesson.integral","medium-confidence-inferred"
"/subjects/math/calculus/integrals/practice-exam-b/","skill.calculus.textbook-lesson.integral","medium-confidence-inferred"
"/subjects/math/calculus/integrals/properties-of-definite-integrals/","skill.calculus.textbook-lesson.integral","medium-confidence-inferred"
"/subjects/math/calculus/integrals/rates-to-total-change/","skill.calculus.textbook-lesson.integral","medium-confidence-inferred"
"/subjects/math/calculus/integrals/review/","skill.calculus.textbook-lesson.integral","medium-confidence-inferred"
"/subjects/math/calculus/integrals/riemann-sum-limit/","skill.calculus.textbook-lesson.limit","medium-confidence-inferred"
"/subjects/math/calculus/integrals/simpsons-rule/","skill.calculus.textbook-lesson.integral","medium-confidence-inferred"
"/subjects/math/calculus/integrals/substitution/","skill.calculus.textbook-lesson.chain-rule","medium-confidence-inferred"
"/subjects/math/calculus/integrals/trigonometric-integrals/","skill.calculus.textbook-lesson.integral","medium-confidence-inferred"
"/subjects/math/calculus/integrals/trigonometric-substitution/","skill.calculus.textbook-lesson.integral","medium-confidence-inferred"
"/subjects/math/calculus/integrals/variable-limits-and-chain-rule/","skill.calculus.textbook-lesson.chain-rule","medium-confidence-inferred"
"/subjects/math/calculus/integration-applications/arc-length/","skill.calculus.textbook-lesson.integral","medium-confidence-inferred"
"/subjects/math/calculus/integration-applications/area-between-curves/","skill.calculus.textbook-lesson.integral","medium-confidence-inferred"
"/subjects/math/calculus/integration-applications/average-value-of-a-function/","skill.calculus.method-guide.integral","medium-confidence-inferred"
"/subjects/math/calculus/integration-applications/choosing-a-volume-method/","skill.calculus.textbook-lesson.integral","medium-confidence-inferred"
"/subjects/math/calculus/integration-applications/common-errors/","skill.calculus.textbook-lesson.integral","medium-confidence-inferred"
"/subjects/math/calculus/integration-applications/cumulative-practice/","skill.calculus.textbook-lesson.integral","medium-confidence-inferred"
"/subjects/math/calculus/integration-applications/cylindrical-shells/","skill.calculus.textbook-lesson.integral","medium-confidence-inferred"
"/subjects/math/calculus/integration-applications/density-and-mass/","skill.calculus.textbook-lesson.integral","medium-confidence-inferred"
"/subjects/math/calculus/integration-applications/disks-and-washers/","skill.calculus.textbook-lesson.integral","medium-confidence-inferred"
"/subjects/math/calculus/integration-applications/fluid-pressure/","skill.calculus.textbook-lesson.integral","medium-confidence-inferred"
"/subjects/math/calculus/integration-applications/horizontal-slices/","skill.calculus.textbook-lesson.integral","medium-confidence-inferred"
"/subjects/math/calculus/integration-applications/marginal-quantities/","skill.calculus.textbook-lesson.integral","medium-confidence-inferred"
"/subjects/math/calculus/integration-applications/moments-and-center-of-mass/","skill.calculus.textbook-lesson.integral","medium-confidence-inferred"
"/subjects/math/calculus/integration-applications/physics-application-studio/","skill.calculus.textbook-lesson.integral","medium-confidence-inferred"
"/subjects/math/calculus/integration-applications/practice-exam-a-answer-key/","skill.calculus.textbook-lesson.integral","medium-confidence-inferred"
"/subjects/math/calculus/integration-applications/practice-exam-a/","skill.calculus.textbook-lesson.integral","medium-confidence-inferred"
"/subjects/math/calculus/integration-applications/practice-exam-b-answer-key/","skill.calculus.textbook-lesson.integral","medium-confidence-inferred"
"/subjects/math/calculus/integration-applications/practice-exam-b/","skill.calculus.textbook-lesson.integral","medium-confidence-inferred"
"/subjects/math/calculus/integration-applications/probability-density/","skill.calculus.textbook-lesson.integral","medium-confidence-inferred"
"/subjects/math/calculus/integration-applications/pumping-liquids/","skill.calculus.textbook-lesson.integral","medium-confidence-inferred"
"/subjects/math/calculus/integration-applications/review/","skill.calculus.textbook-lesson.integral","medium-confidence-inferred"
"/subjects/math/calculus/integration-applications/spring-work/","skill.calculus.textbook-lesson.integral","medium-confidence-inferred"
"/subjects/math/calculus/integration-applications/surface-area-of-revolution/","skill.calculus.textbook-lesson.integral","medium-confidence-inferred"
"/subjects/math/calculus/integration-applications/volumes-by-slicing/","skill.calculus.textbook-lesson.integral","medium-confidence-inferred"
"/subjects/math/calculus/integration-applications/washer-vs-shell/","skill.calculus.decision-guide.integral","medium-confidence-inferred"
"/subjects/math/calculus/integration-applications/work-and-fluid-force/","skill.calculus.decision-guide.integral","medium-confidence-inferred"
"/subjects/math/calculus/integration-applications/work-and-variable-force/","skill.calculus.textbook-lesson.integral","medium-confidence-inferred"
"/subjects/math/calculus/integration-techniques/","skill.calculus.quick-answer.integral","medium-confidence-inferred"
"/subjects/math/calculus/integration-techniques/improper-integrals/","skill.calculus.quick-answer.limit","medium-confidence-inferred"
"/subjects/math/calculus/integration-techniques/integration-by-parts-strategy/","skill.calculus.decision-guide.integration-by-parts","medium-confidence-inferred"
"/subjects/math/calculus/integration-techniques/partial-fractions/","skill.calculus.decision-guide.integral","medium-confidence-inferred"
"/subjects/math/calculus/integration-techniques/trigonometric-integrals/","skill.calculus.decision-guide.integral","medium-confidence-inferred"
"/subjects/math/calculus/integration-techniques/trigonometric-substitution/","skill.calculus.decision-guide.integral","medium-confidence-inferred"
"/subjects/math/calculus/integration-techniques/u-substitution/","skill.calculus.decision-guide.chain-rule","medium-confidence-inferred"
"/subjects/math/calculus/limits-continuity/continuity-at-a-point/","skill.calculus.method-guide.continuity","medium-confidence-inferred"
"/subjects/math/calculus/limits-continuity/evaluating-indeterminate-limits/","skill.calculus.quick-answer.continuity","medium-confidence-inferred"
"/subjects/math/calculus/limits-continuity/infinite-limits-and-asymptotes/","skill.calculus.method-guide.continuity","medium-confidence-inferred"
"/subjects/math/calculus/limits-continuity/limit-of-sin-x-over-x/","skill.calculus.quick-answer.continuity","medium-confidence-inferred"
"/subjects/math/calculus/limits-continuity/one-sided-limits-and-jump-discontinuities/","skill.calculus.method-guide.continuity","medium-confidence-inferred"
"/subjects/math/calculus/limits-continuity/squeeze-theorem/","skill.calculus.quick-answer.continuity","medium-confidence-inferred"
"/subjects/math/calculus/limits-continuity/unit/","skill.calculus.decision-guide.continuity","medium-confidence-inferred"
"/subjects/math/calculus/limits-continuity/unit/continuity/bisection-method/","skill.calculus.textbook-lesson.continuity","medium-confidence-inferred"
"/subjects/math/calculus/limits-continuity/unit/continuity/continuity-at-a-point/","skill.calculus.textbook-lesson.continuity","medium-confidence-inferred"
"/subjects/math/calculus/limits-continuity/unit/continuity/continuity-concept-quiz/","skill.calculus.textbook-lesson.continuity","medium-confidence-inferred"
"/subjects/math/calculus/limits-continuity/unit/continuity/continuity-practice/","skill.calculus.textbook-lesson.continuity","medium-confidence-inferred"
"/subjects/math/calculus/limits-continuity/unit/continuity/continuity-review/","skill.calculus.textbook-lesson.continuity","medium-confidence-inferred"
"/subjects/math/calculus/limits-continuity/unit/continuity/continuous-functions/","skill.calculus.textbook-lesson.continuity","medium-confidence-inferred"
"/subjects/math/calculus/limits-continuity/unit/continuity/intermediate-value-theorem/","skill.calculus.textbook-lesson.continuity","medium-confidence-inferred"
"/subjects/math/calculus/limits-continuity/unit/continuity/intervals-endpoints/","skill.calculus.textbook-lesson.continuity","medium-confidence-inferred"
"/subjects/math/calculus/limits-continuity/unit/continuity/piecewise-parameters/","skill.calculus.textbook-lesson.continuity","medium-confidence-inferred"
"/subjects/math/calculus/limits-continuity/unit/continuity/repair-removable-discontinuity/","skill.calculus.textbook-lesson.continuity","medium-confidence-inferred"
"/subjects/math/calculus/limits-continuity/unit/continuity/two-parameter-continuity/","skill.calculus.textbook-lesson.continuity","medium-confidence-inferred"
"/subjects/math/calculus/limits-continuity/unit/continuity/types-of-discontinuity/","skill.calculus.textbook-lesson.continuity","medium-confidence-inferred"
"/subjects/math/calculus/limits-continuity/unit/limits/absolute-value-piecewise/","skill.calculus.textbook-lesson.continuity","medium-confidence-inferred"
"/subjects/math/calculus/limits-continuity/unit/limits/common-exam-errors/","skill.calculus.textbook-lesson.continuity","medium-confidence-inferred"
"/subjects/math/calculus/limits-continuity/unit/limits/complete-asymptote-analysis/","skill.calculus.textbook-lesson.continuity","medium-confidence-inferred"
"/subjects/math/calculus/limits-continuity/unit/limits/complex-fractions/","skill.calculus.textbook-lesson.continuity","medium-confidence-inferred"
"/subjects/math/calculus/limits-continuity/unit/limits/cosine-limits/","skill.calculus.decision-guide.continuity","medium-confidence-inferred"
"/subjects/math/calculus/limits-continuity/unit/limits/cumulative-practice/","skill.calculus.textbook-lesson.continuity","medium-confidence-inferred"
"/subjects/math/calculus/limits-continuity/unit/limits/direct-substitution/","skill.calculus.textbook-lesson.continuity","medium-confidence-inferred"
"/subjects/math/calculus/limits-continuity/unit/limits/disprove-limit-epsilon-delta/","skill.calculus.textbook-lesson.continuity","medium-confidence-inferred"
"/subjects/math/calculus/limits-continuity/unit/limits/epsilon-delta-concept-quiz/","skill.calculus.textbook-lesson.continuity","medium-confidence-inferred"
"/subjects/math/calculus/limits-continuity/unit/limits/epsilon-delta-graph/","skill.calculus.textbook-lesson.continuity","medium-confidence-inferred"
"/subjects/math/calculus/limits-continuity/unit/limits/epsilon-delta-introduction/","skill.calculus.textbook-lesson.continuity","medium-confidence-inferred"
"/subjects/math/calculus/limits-continuity/unit/limits/epsilon-delta-linear/","skill.calculus.textbook-lesson.continuity","medium-confidence-inferred"
"/subjects/math/calculus/limits-continuity/unit/limits/epsilon-delta-practice/","skill.calculus.textbook-lesson.continuity","medium-confidence-inferred"
"/subjects/math/calculus/limits-continuity/unit/limits/epsilon-delta-quadratic/","skill.calculus.textbook-lesson.continuity","medium-confidence-inferred"
"/subjects/math/calculus/limits-continuity/unit/limits/epsilon-delta-review/","skill.calculus.textbook-lesson.continuity","medium-confidence-inferred"
"/subjects/math/calculus/limits-continuity/unit/limits/factoring-limits/","skill.calculus.textbook-lesson.continuity","medium-confidence-inferred"
"/subjects/math/calculus/limits-continuity/unit/limits/finite-limit-decision-tree/","skill.calculus.textbook-lesson.continuity","medium-confidence-inferred"
"/subjects/math/calculus/limits-continuity/unit/limits/finite-limits-concept-quiz/","skill.calculus.textbook-lesson.continuity","medium-confidence-inferred"
"/subjects/math/calculus/limits-continuity/unit/limits/finite-limits-practice/","skill.calculus.textbook-lesson.continuity","medium-confidence-inferred"
"/subjects/math/calculus/limits-continuity/unit/limits/finite-limits-review/","skill.calculus.textbook-lesson.continuity","medium-confidence-inferred"
"/subjects/math/calculus/limits-continuity/unit/limits/formal-infinite-limits/","skill.calculus.textbook-lesson.continuity","medium-confidence-inferred"
"/subjects/math/calculus/limits-continuity/unit/limits/function-value-vs-limit/","skill.calculus.textbook-lesson.continuity","medium-confidence-inferred"
"/subjects/math/calculus/limits-continuity/unit/limits/infinite-behavior-concept-quiz/","skill.calculus.textbook-lesson.continuity","medium-confidence-inferred"
"/subjects/math/calculus/limits-continuity/unit/limits/infinite-behavior-practice/","skill.calculus.textbook-lesson.continuity","medium-confidence-inferred"
"/subjects/math/calculus/limits-continuity/unit/limits/infinite-behavior-review/","skill.calculus.textbook-lesson.continuity","medium-confidence-inferred"
"/subjects/math/calculus/limits-continuity/unit/limits/infinite-limits/","skill.calculus.decision-guide.continuity","medium-confidence-inferred"
"/subjects/math/calculus/limits-continuity/unit/limits/infinity-minus-infinity/","skill.calculus.textbook-lesson.continuity","medium-confidence-inferred"
"/subjects/math/calculus/limits-continuity/unit/limits/limit-at-a-hole/","skill.calculus.textbook-lesson.continuity","medium-confidence-inferred"
"/subjects/math/calculus/limits-continuity/unit/limits/limit-laws/","skill.calculus.textbook-lesson.continuity","medium-confidence-inferred"
"/subjects/math/calculus/limits-continuity/unit/limits/limits-at-infinity/","skill.calculus.textbook-lesson.continuity","medium-confidence-inferred"
"/subjects/math/calculus/limits-continuity/unit/limits/meaning-concept-quiz/","skill.calculus.textbook-lesson.continuity","medium-confidence-inferred"
"/subjects/math/calculus/limits-continuity/unit/limits/meaning-practice/","skill.calculus.textbook-lesson.continuity","medium-confidence-inferred"
"/subjects/math/calculus/limits-continuity/unit/limits/meaning-review/","skill.calculus.textbook-lesson.continuity","medium-confidence-inferred"
"/subjects/math/calculus/limits-continuity/unit/limits/notation-guide/","skill.calculus.textbook-lesson.continuity","medium-confidence-inferred"
"/subjects/math/calculus/limits-continuity/unit/limits/one-sided-limits/","skill.calculus.textbook-lesson.continuity","medium-confidence-inferred"
"/subjects/math/calculus/limits-continuity/unit/limits/practice-exam-a/","skill.calculus.textbook-lesson.continuity","medium-confidence-inferred"
"/subjects/math/calculus/limits-continuity/unit/limits/practice-exam-a/answer-key/","skill.calculus.textbook-lesson.continuity","medium-confidence-inferred"
"/subjects/math/calculus/limits-continuity/unit/limits/practice-exam-b/","skill.calculus.textbook-lesson.continuity","medium-confidence-inferred"
"/subjects/math/calculus/limits-continuity/unit/limits/practice-exam-b/answer-key/","skill.calculus.textbook-lesson.continuity","medium-confidence-inferred"
"/subjects/math/calculus/limits-continuity/unit/limits/prerequisite-diagnostic/","skill.calculus.textbook-lesson.continuity","medium-confidence-inferred"
"/subjects/math/calculus/limits-continuity/unit/limits/radicals-at-infinity/","skill.calculus.textbook-lesson.continuity","medium-confidence-inferred"
"/subjects/math/calculus/limits-continuity/unit/limits/ratio-of-sines/","skill.calculus.textbook-lesson.continuity","medium-confidence-inferred"
"/subjects/math/calculus/limits-continuity/unit/limits/rationalizing-radicals/","skill.calculus.textbook-lesson.continuity","medium-confidence-inferred"
"/subjects/math/calculus/limits-continuity/unit/limits/read-limits-from-graphs/","skill.calculus.textbook-lesson.continuity","medium-confidence-inferred"
"/subjects/math/calculus/limits-continuity/unit/limits/scaled-sine-tangent/","skill.calculus.textbook-lesson.continuity","medium-confidence-inferred"
"/subjects/math/calculus/limits-continuity/unit/limits/sin-x-over-x-proof/","skill.calculus.textbook-lesson.continuity","medium-confidence-inferred"
"/subjects/math/calculus/limits-continuity/unit/limits/sin-x-over-x/","skill.calculus.textbook-lesson.continuity","medium-confidence-inferred"
"/subjects/math/calculus/limits-continuity/unit/limits/slant-asymptotes/","skill.calculus.textbook-lesson.continuity","medium-confidence-inferred"
"/subjects/math/calculus/limits-continuity/unit/limits/squeeze-theorem/","skill.calculus.textbook-lesson.continuity","medium-confidence-inferred"
"/subjects/math/calculus/limits-continuity/unit/limits/trig-limit-decision-guide/","skill.calculus.decision-guide.continuity","medium-confidence-inferred"
"/subjects/math/calculus/limits-continuity/unit/limits/trig-limits-concept-quiz/","skill.calculus.decision-guide.continuity","medium-confidence-inferred"
"/subjects/math/calculus/limits-continuity/unit/limits/trig-limits-practice/","skill.calculus.decision-guide.continuity","medium-confidence-inferred"
"/subjects/math/calculus/limits-continuity/unit/limits/trig-limits-review/","skill.calculus.decision-guide.continuity","medium-confidence-inferred"
"/subjects/math/calculus/limits-continuity/unit/limits/unit-review/","skill.calculus.textbook-lesson.continuity","medium-confidence-inferred"
"/subjects/math/calculus/limits-continuity/unit/limits/vertical-asymptotes/","skill.calculus.textbook-lesson.continuity","medium-confidence-inferred"
"/subjects/math/calculus/limits-continuity/unit/limits/what-a-limit-means/","skill.calculus.textbook-lesson.continuity","medium-confidence-inferred"
"/subjects/math/calculus/limits-continuity/unit/limits/when-a-limit-does-not-exist/","skill.calculus.textbook-lesson.continuity","medium-confidence-inferred"
"/subjects/math/calculus/limits-continuity/unit/limits/why-limits-matter/","skill.calculus.textbook-lesson.continuity","medium-confidence-inferred"
"/subjects/math/calculus/limits-continuity/unit/limits/zero-over-zero/","skill.calculus.textbook-lesson.continuity","medium-confidence-inferred"
"/subjects/math/calculus/limits-continuity/unit/study/correct-practice-test/","skill.calculus.textbook-lesson.continuity","medium-confidence-inferred"
"/subjects/math/calculus/power-series-and-taylor-series/algebra-with-power-series/","skill.calculus.textbook-lesson.taylor-series","medium-confidence-inferred"
"/subjects/math/calculus/power-series-and-taylor-series/alternating-series-approximation/","skill.calculus.textbook-lesson.taylor-series","medium-confidence-inferred"
"/subjects/math/calculus/power-series-and-taylor-series/binomial-series/","skill.calculus.textbook-lesson.taylor-series","medium-confidence-inferred"
"/subjects/math/calculus/power-series-and-taylor-series/building-new-series/","skill.calculus.textbook-lesson.taylor-series","medium-confidence-inferred"
"/subjects/math/calculus/power-series-and-taylor-series/common-errors/","skill.calculus.textbook-lesson.taylor-series","medium-confidence-inferred"
"/subjects/math/calculus/power-series-and-taylor-series/concept-quiz/","skill.calculus.textbook-lesson.taylor-series","medium-confidence-inferred"
"/subjects/math/calculus/power-series-and-taylor-series/differentiating-and-integrating-power-series/","skill.calculus.textbook-lesson.taylor-series","medium-confidence-inferred"
"/subjects/math/calculus/power-series-and-taylor-series/endpoint-testing/","skill.calculus.textbook-lesson.taylor-series","medium-confidence-inferred"
"/subjects/math/calculus/power-series-and-taylor-series/geometric-series-library/","skill.calculus.textbook-lesson.geometric-series","medium-confidence-inferred"
"/subjects/math/calculus/power-series-and-taylor-series/logarithm-and-arctangent-series/","skill.calculus.textbook-lesson.taylor-series","medium-confidence-inferred"
"/subjects/math/calculus/power-series-and-taylor-series/maclaurin-series/","skill.calculus.textbook-lesson.taylor-series","medium-confidence-inferred"
"/subjects/math/calculus/power-series-and-taylor-series/mixed-practice/","skill.calculus.textbook-lesson.taylor-series","medium-confidence-inferred"
"/subjects/math/calculus/power-series-and-taylor-series/power-series-as-functions/","skill.calculus.textbook-lesson.taylor-series","medium-confidence-inferred"
"/subjects/math/calculus/power-series-and-taylor-series/power-series-review/","skill.calculus.textbook-lesson.taylor-series","medium-confidence-inferred"
"/subjects/math/calculus/power-series-and-taylor-series/practice-exam-a-answer-key/","skill.calculus.textbook-lesson.taylor-series","medium-confidence-inferred"
"/subjects/math/calculus/power-series-and-taylor-series/practice-exam-a/","skill.calculus.textbook-lesson.taylor-series","medium-confidence-inferred"
"/subjects/math/calculus/power-series-and-taylor-series/practice-exam-b-answer-key/","skill.calculus.textbook-lesson.taylor-series","medium-confidence-inferred"
"/subjects/math/calculus/power-series-and-taylor-series/practice-exam-b/","skill.calculus.textbook-lesson.taylor-series","medium-confidence-inferred"
"/subjects/math/calculus/power-series-and-taylor-series/radius-and-interval-of-convergence/","skill.calculus.textbook-lesson.taylor-series","medium-confidence-inferred"
"/subjects/math/calculus/power-series-and-taylor-series/ratio-test-for-power-series/","skill.calculus.textbook-lesson.taylor-series","medium-confidence-inferred"
"/subjects/math/calculus/power-series-and-taylor-series/reference-sheet/","skill.calculus.textbook-lesson.taylor-series","medium-confidence-inferred"
"/subjects/math/calculus/power-series-and-taylor-series/series-for-definite-integrals/","skill.calculus.textbook-lesson.taylor-series","medium-confidence-inferred"
"/subjects/math/calculus/power-series-and-taylor-series/series-solutions-preview/","skill.calculus.textbook-lesson.taylor-series","medium-confidence-inferred"
"/subjects/math/calculus/power-series-and-taylor-series/small-angle-physics/","skill.calculus.textbook-lesson.taylor-series","medium-confidence-inferred"
"/subjects/math/calculus/power-series-and-taylor-series/standard-maclaurin-series/","skill.calculus.textbook-lesson.taylor-series","medium-confidence-inferred"
"/subjects/math/calculus/power-series-and-taylor-series/taylor-polynomials/","skill.calculus.textbook-lesson.taylor-series","medium-confidence-inferred"
"/subjects/math/calculus/power-series-and-taylor-series/taylor-remainder-theorem/","skill.calculus.textbook-lesson.taylor-series","medium-confidence-inferred"
"/subjects/math/calculus/power-series-and-taylor-series/taylor-series-centered-at-a/","skill.calculus.textbook-lesson.taylor-series","medium-confidence-inferred"
"/subjects/math/calculus/power-series-and-taylor-series/taylor-series-review/","skill.calculus.textbook-lesson.taylor-series","medium-confidence-inferred"
"/subjects/math/calculus/power-series-and-taylor-series/uniform-convergence-preview/","skill.calculus.textbook-lesson.taylor-series","medium-confidence-inferred"
"/subjects/math/calculus/practice-exams/calculus-1-final/","skill.calculus.practice-exam.calculus-1-final","medium-confidence-inferred"
"/subjects/math/calculus/practice-exams/calculus-2-final/","skill.calculus.practice-exam.calculus-2-final","medium-confidence-inferred"
"/subjects/math/calculus/sequences-and-series/absolute-and-conditional-convergence/","skill.calculus.textbook-lesson.sequence","medium-confidence-inferred"
"/subjects/math/calculus/sequences-and-series/alternating-series-error/","skill.calculus.textbook-lesson.sequence","medium-confidence-inferred"
"/subjects/math/calculus/sequences-and-series/alternating-series-test/","skill.calculus.textbook-lesson.sequence","medium-confidence-inferred"
"/subjects/math/calculus/sequences-and-series/cauchy-criterion-preview/","skill.calculus.textbook-lesson.sequence","medium-confidence-inferred"
"/subjects/math/calculus/sequences-and-series/choosing-a-convergence-test/","skill.calculus.textbook-lesson.convergence-test","medium-confidence-inferred"
"/subjects/math/calculus/sequences-and-series/common-errors/","skill.calculus.textbook-lesson.sequence","medium-confidence-inferred"
"/subjects/math/calculus/sequences-and-series/concept-quiz/","skill.calculus.textbook-lesson.sequence","medium-confidence-inferred"
"/subjects/math/calculus/sequences-and-series/convergence-tests-review/","skill.calculus.textbook-lesson.convergence-test","medium-confidence-inferred"
"/subjects/math/calculus/sequences-and-series/direct-comparison-test/","skill.calculus.textbook-lesson.sequence","medium-confidence-inferred"
"/subjects/math/calculus/sequences-and-series/explicit-and-recursive-sequences/","skill.calculus.textbook-lesson.sequence","medium-confidence-inferred"
"/subjects/math/calculus/sequences-and-series/geometric-series/","skill.calculus.textbook-lesson.geometric-series","medium-confidence-inferred"
"/subjects/math/calculus/sequences-and-series/harmonic-and-p-series/","skill.calculus.textbook-lesson.harmonic-series","medium-confidence-inferred"
"/subjects/math/calculus/sequences-and-series/infinite-series-and-partial-sums/","skill.calculus.textbook-lesson.sequence","medium-confidence-inferred"
"/subjects/math/calculus/sequences-and-series/integral-test-remainder-estimates/","skill.calculus.textbook-lesson.integral","medium-confidence-inferred"
"/subjects/math/calculus/sequences-and-series/integral-test/","skill.calculus.textbook-lesson.integral","medium-confidence-inferred"
"/subjects/math/calculus/sequences-and-series/limit-comparison-test/","skill.calculus.textbook-lesson.limit","medium-confidence-inferred"
"/subjects/math/calculus/sequences-and-series/limits-of-sequences/","skill.calculus.textbook-lesson.limit","medium-confidence-inferred"
"/subjects/math/calculus/sequences-and-series/monotone-and-bounded-sequences/","skill.calculus.textbook-lesson.sequence","medium-confidence-inferred"
"/subjects/math/calculus/sequences-and-series/nth-term-divergence-test/","skill.calculus.textbook-lesson.sequence","medium-confidence-inferred"
"/subjects/math/calculus/sequences-and-series/practice-exam-a-answer-key/","skill.calculus.textbook-lesson.sequence","medium-confidence-inferred"
"/subjects/math/calculus/sequences-and-series/practice-exam-a/","skill.calculus.textbook-lesson.sequence","medium-confidence-inferred"
"/subjects/math/calculus/sequences-and-series/practice-exam-b-answer-key/","skill.calculus.textbook-lesson.sequence","medium-confidence-inferred"
"/subjects/math/calculus/sequences-and-series/practice-exam-b/","skill.calculus.textbook-lesson.sequence","medium-confidence-inferred"
"/subjects/math/calculus/sequences-and-series/prerequisite-diagnostic/","skill.calculus.textbook-lesson.sequence","medium-confidence-inferred"
"/subjects/math/calculus/sequences-and-series/ratio-test/","skill.calculus.textbook-lesson.sequence","medium-confidence-inferred"
"/subjects/math/calculus/sequences-and-series/reference-sheet/","skill.calculus.textbook-lesson.sequence","medium-confidence-inferred"
"/subjects/math/calculus/sequences-and-series/root-test/","skill.calculus.textbook-lesson.sequence","medium-confidence-inferred"
"/subjects/math/calculus/sequences-and-series/sequence-limit-laws/","skill.calculus.textbook-lesson.limit","medium-confidence-inferred"
"/subjects/math/calculus/sequences-and-series/sequence-review/","skill.calculus.textbook-lesson.sequence","medium-confidence-inferred"
"/subjects/math/calculus/sequences-and-series/sequences-as-functions/","skill.calculus.textbook-lesson.sequence","medium-confidence-inferred"
"/subjects/math/calculus/sequences-and-series/squeeze-theorem-for-sequences/","skill.calculus.textbook-lesson.sequence","medium-confidence-inferred"
"/subjects/math/calculus/sequences-and-series/telescoping-series/","skill.calculus.textbook-lesson.sequence","medium-confidence-inferred"
"/subjects/math/calculus/sequences-and-series/test-selection-practice/","skill.calculus.textbook-lesson.sequence","medium-confidence-inferred"
"/subjects/math/calculus/sequences-series/harmonic-series-diverges/","skill.calculus.quick-answer.harmonic-series","medium-confidence-inferred"
"/subjects/math/calculus/sequences-series/ratio-test-vs-root-test/","skill.calculus.decision-guide.sequence","medium-confidence-inferred"
"/subjects/math/calculus/visuals/convergence-tests-flowchart/","skill.calculus.visual-guide.convergence-test","medium-confidence-inferred"
"/subjects/math/calculus/visuals/derivative-rules-map/","skill.calculus.visual-guide.derivative","medium-confidence-inferred"
"/subjects/math/calculus/visuals/riemann-sum-progression/","skill.calculus.visual-guide.integral","medium-confidence-inferred"
"/subjects/math/calculus/visuals/taylor-approximation-visual/","skill.calculus.visual-guide.taylor-series","medium-confidence-inferred"
"/subjects/math/calculus/worked-problems/absolute-versus-conditional-convergence/","skill.calculus.worked-problem.absolute-versus-conditional-convergence","medium-confidence-inferred"
"/subjects/math/calculus/worked-problems/alternating-series-test-example/","skill.calculus.worked-problem.series","medium-confidence-inferred"
"/subjects/math/calculus/worked-problems/basic-chain-rule/","skill.calculus.worked-problem.chain-rule","medium-confidence-inferred"
"/subjects/math/calculus/worked-problems/fencing-optimization/","skill.calculus.worked-problem.optimization","medium-confidence-inferred"
"/subjects/math/calculus/worked-problems/finite-geometric-sum/","skill.calculus.worked-problem.finite-geometric-sum","medium-confidence-inferred"
"/subjects/math/calculus/worked-problems/fundamental-theorem-derivative/","skill.calculus.worked-problem.derivative","medium-confidence-inferred"
"/subjects/math/calculus/worked-problems/infinite-geometric-sum/","skill.calculus.worked-problem.infinite-geometric-sum","medium-confidence-inferred"
"/subjects/math/calculus/worked-problems/integration-by-parts-log-x/","skill.calculus.worked-problem.integration-by-parts","medium-confidence-inferred"
"/subjects/math/calculus/worked-problems/integration-by-parts-x-e-x/","skill.calculus.worked-problem.integration-by-parts","medium-confidence-inferred"
"/subjects/math/calculus/worked-problems/interval-of-convergence-example/","skill.calculus.worked-problem.interval-of-convergence-example","medium-confidence-inferred"
"/subjects/math/calculus/worked-problems/limit-by-factoring/","skill.calculus.worked-problem.limit","medium-confidence-inferred"
"/subjects/math/calculus/worked-problems/limit-by-rationalization/","skill.calculus.worked-problem.limit","medium-confidence-inferred"
"/subjects/math/calculus/worked-problems/limit-comparison-example/","skill.calculus.worked-problem.limit","medium-confidence-inferred"
"/subjects/math/calculus/worked-problems/nested-chain-rule/","skill.calculus.worked-problem.chain-rule","medium-confidence-inferred"
"/subjects/math/calculus/worked-problems/one-sided-piecewise-limit/","skill.calculus.worked-problem.limit","medium-confidence-inferred"
"/subjects/math/calculus/worked-problems/open-top-box-optimization/","skill.calculus.worked-problem.optimization","medium-confidence-inferred"
"/subjects/math/calculus/worked-problems/product-plus-chain-rule/","skill.calculus.worked-problem.chain-rule","medium-confidence-inferred"
"/subjects/math/calculus/worked-problems/quotient-plus-chain-rule/","skill.calculus.worked-problem.chain-rule","medium-confidence-inferred"
"/subjects/math/calculus/worked-problems/ratio-test-example/","skill.calculus.worked-problem.ratio-test-example","medium-confidence-inferred"
"/subjects/math/calculus/worked-problems/repeated-integration-by-parts/","skill.calculus.worked-problem.integration-by-parts","medium-confidence-inferred"
"/subjects/math/calculus/worked-problems/repeating-decimal-as-a-series/","skill.calculus.worked-problem.series","medium-confidence-inferred"
"/subjects/math/calculus/worked-problems/root-test-example/","skill.calculus.worked-problem.root-test-example","medium-confidence-inferred"
"/subjects/math/calculus/worked-problems/shifted-geometric-series/","skill.calculus.worked-problem.geometric-series","medium-confidence-inferred"
"/subjects/math/calculus/worked-problems/taylor-approximation-error/","skill.calculus.worked-problem.taylor-series","medium-confidence-inferred"
"/subjects/math/calculus/worked-problems/taylor-polynomial-from-derivatives/","skill.calculus.worked-problem.taylor-series","medium-confidence-inferred"
"/subjects/math/calculus/worked-problems/taylor-series-from-known-series/","skill.calculus.worked-problem.taylor-series","medium-confidence-inferred"
"/subjects/math/calculus/worksheets/chain-rule/","skill.calculus.worksheet.chain-rule","medium-confidence-inferred"
"/subjects/math/calculus/worksheets/evaluating-limits/","skill.calculus.worksheet.limit","medium-confidence-inferred"
"/subjects/math/calculus/worksheets/geometric-series/","skill.calculus.worksheet.geometric-series","medium-confidence-inferred"
"/subjects/math/calculus/worksheets/integration-by-parts/","skill.calculus.worksheet.integration-by-parts","medium-confidence-inferred"
"/subjects/math/calculus/worksheets/optimization/","skill.calculus.worksheet.optimization","medium-confidence-inferred"
"/subjects/math/calculus/worksheets/taylor-series/","skill.calculus.worksheet.taylor-series","medium-confidence-inferred"
"/tools/math/algebra/expression-checker/","skill.algebra.tool.expression-checker","medium-confidence-inferred"
"/tools/math/calculus/integration-method-finder/","skill.calculus.tool.integral","medium-confidence-inferred"
