route,stable_audit_id,page_role,reason
"/","ia-8a5edab282632443","home",""
"/about/","ia-4f10f17be161adfe","policy",""
"/accessibility/","ia-8937748044a4b4fb","policy",""
"/answers/","ia-eb86820e15091430","directory",""
"/answers/calculus/integral-of-sec-cubed/","ia-b0521894b4623125","answer",""
"/corrections/","ia-76e58ad91f109305","policy",""
"/editorial-policy/","ia-b8c3e594fd0ee95d","policy",""
"/glossary/","ia-8e4d8f471153b121","glossary-hub",""
"/glossary/math/","ia-e2e26e47411b0064","glossary-hub",""
"/glossary/math/absolute-convergence/","ia-b9a52ffadad2adc7","glossary-term",""
"/glossary/math/antiderivative/","ia-20227e7c0138e16d","glossary-term",""
"/glossary/math/chain-rule/","ia-102a1f2e2569bf7a","glossary-term",""
"/glossary/math/continuity/","ia-908b816527f567d8","glossary-term",""
"/glossary/math/conventions/","ia-26bf91fee835c136","glossary-term",""
"/glossary/math/critical-number/","ia-53fc0495d68505b1","glossary-term",""
"/glossary/math/definite-integral/","ia-efff6cb91c20dbce","glossary-term",""
"/glossary/math/derivative/","ia-a705f6caa45a2581","glossary-term",""
"/glossary/math/fundamental-theorem-calculus/","ia-5f97a4fb2000cef4","glossary-term",""
"/glossary/math/geometric-series/","ia-1994408fdd6afdf9","glossary-term",""
"/glossary/math/implicit-differentiation/","ia-dc6fa06d67c063f4","glossary-term",""
"/glossary/math/improper-integral/","ia-f9587b8749f37c90","glossary-term",""
"/glossary/math/integration-by-parts/","ia-c293f2411dd6fee3","glossary-term",""
"/glossary/math/limit/","ia-3b8dd1b8bf7257dd","glossary-term",""
"/glossary/math/local-maximum/","ia-3109d623693f43dd","glossary-term",""
"/glossary/math/local-minimum/","ia-089c581cfae2dc8c","glossary-term",""
"/glossary/math/one-sided-limit/","ia-635d57a16cb43c24","glossary-term",""
"/glossary/math/optimization/","ia-c8fb16a741ec4344","glossary-term",""
"/glossary/math/power-series/","ia-223dbd6eb1eb4d01","glossary-term",""
"/glossary/math/radius-of-convergence/","ia-39005dd98b1d9798","glossary-term",""
"/glossary/math/related-rates/","ia-a4a285900617eb5f","glossary-term",""
"/glossary/math/sequence/","ia-6bc875ddc71e00bf","glossary-term",""
"/glossary/math/series/","ia-fe0fbce9ab790815","glossary-term",""
"/glossary/math/taylor-series/","ia-58a7953b296cd921","glossary-term",""
"/glossary/math/u-substitution/","ia-562b7c489b5e2461","glossary-term",""
"/how-we-verify/","ia-15edee2652bb4565","policy",""
"/learn/calculus/integration-by-parts/","ia-d434bf3c2d522da8","method-guide",""
"/practice/","ia-ed15996014f89725","directory",""
"/practice/math/","ia-0956fb7bd98d8209","assessment",""
"/practice/math/calculus/","ia-a840adb5c6eb9d7b","assessment",""
"/practice/math/calculus/challenges/integration-bee/","ia-59521b89fcc5fe7c","assessment",""
"/practice/math/calculus/diagnostics/calculus-readiness/","ia-d1809adf783e164b","assessment",""
"/practice/math/calculus/exams/calculus-foundations/","ia-55bf6e1027a5ccb8","practice-exam",""
"/practice/math/calculus/quizzes/integration-method-selection/","ia-8de3444f05f111bd","assessment",""
"/privacy/","ia-0d1b773b2e060d79","policy",""
"/resources/","ia-a80626761b261d9c","resource-library",""
"/search/","ia-d0beddcba48b2cdd","search",""
"/source-policy/","ia-11825a6ee1c52e88","policy",""
"/subjects/","ia-4a6b097218ef56d7","subject-hub",""
"/subjects/math/","ia-f8bf0d97c0c93f84","subject-hub",""
"/subjects/math/algebra/","ia-c54bac39bbd8e1d2","course-hub",""
"/subjects/math/algebra/expressions-equations/","ia-9e06f8b0209e70ba","quick-answer",""
"/subjects/math/algebra/expressions-equations/combining-like-terms/","ia-b560fb42291dcec3","method-guide",""
"/subjects/math/algebra/expressions-equations/distributive-property/","ia-a378659f448d498d","method-guide",""
"/subjects/math/algebra/expressions-equations/evaluating-expressions-by-substitution/","ia-fcd40b076e53b7ba","method-guide",""
"/subjects/math/algebra/expressions-equations/order-of-operations-with-variables/","ia-92857e2dd3cbdc1b","method-guide",""
"/subjects/math/algebra/expressions-equations/solving-linear-equations/","ia-4df6a5eb19d39519","decision-guide",""
"/subjects/math/algebra/expressions-equations/variables-on-both-sides/","ia-3b1de81f0f97ae23","decision-guide",""
"/subjects/math/algebra/linear-relationships/","ia-7a86ea07a2be39ba","quick-answer",""
"/subjects/math/algebra/linear-relationships/equation-from-two-points/","ia-a583413d727bb35d","decision-guide",""
"/subjects/math/algebra/linear-relationships/graphing-linear-equations-from-standard-form/","ia-efed912c74498ba5","decision-guide",""
"/subjects/math/algebra/linear-relationships/interpreting-linear-models/","ia-5a838401a2b88a6d","quick-answer",""
"/subjects/math/algebra/linear-relationships/parallel-perpendicular-lines/","ia-c25ff9e38f1d951c","decision-guide",""
"/subjects/math/algebra/linear-relationships/point-slope-vs-slope-intercept/","ia-6692ea338d42df5e","quick-answer",""
"/subjects/math/algebra/linear-relationships/slope-as-rate-of-change/","ia-373758a47fd3d431","quick-answer",""
"/subjects/math/algebra/polynomials-factoring/","ia-8452b3aee1512284","quick-answer",""
"/subjects/math/algebra/polynomials-factoring/completing-the-square/","ia-240006bbebc5061a","decision-guide",""
"/subjects/math/algebra/polynomials-factoring/exponent-rules/","ia-b621f35c5c6fe974","method-guide",""
"/subjects/math/algebra/polynomials-factoring/factoring-trinomials/","ia-5e023bde5c7e5e65","decision-guide",""
"/subjects/math/algebra/polynomials-factoring/greatest-common-factor/","ia-bf1d98eb7fd01ed8","decision-guide",""
"/subjects/math/algebra/polynomials-factoring/multiply-polynomials/","ia-4d2bbcc668355b83","decision-guide",""
"/subjects/math/algebra/polynomials-factoring/special-factor-patterns/","ia-5a9e8b25d7b6c999","decision-guide",""
"/subjects/math/algebra/radicals-exponents-functions/","ia-4575355bdfafc89f","quick-answer",""
"/subjects/math/algebra/radicals-exponents-functions/exponential-growth-and-decay/","ia-f952ca4930ba84d1","decision-guide",""
"/subjects/math/algebra/radicals-exponents-functions/function-notation/","ia-4059773fddd6551c","quick-answer",""
"/subjects/math/algebra/radicals-exponents-functions/inverse-functions-vs-reciprocals/","ia-2cc618d2e4ebde21","decision-guide",""
"/subjects/math/algebra/radicals-exponents-functions/rational-exponents/","ia-1905644e7ada5fc4","method-guide",""
"/subjects/math/algebra/radicals-exponents-functions/simplifying-radicals/","ia-8a8996a5513990dc","method-guide",""
"/subjects/math/algebra/radicals-exponents-functions/solving-radical-equations/","ia-f871a9f77e12de2d","method-guide",""
"/subjects/math/algebra/rational-expressions/","ia-a8b249e18db715dc","quick-answer",""
"/subjects/math/algebra/rational-expressions/add-subtract-rational-expressions/","ia-fb0992f609bf4dfa","method-guide",""
"/subjects/math/algebra/rational-expressions/direct-inverse-variation/","ia-bb5cdb9afe5aa422","quick-answer",""
"/subjects/math/algebra/rational-expressions/rational-domain-restrictions/","ia-7126c6a366db120e","method-guide",""
"/subjects/math/algebra/rational-expressions/simplifying-complex-rational-expressions/","ia-54031d4898b681f7","method-guide",""
"/subjects/math/algebra/rational-expressions/simplifying-rational-expressions/","ia-8d67b5570a723c4c","method-guide",""
"/subjects/math/algebra/rational-expressions/solving-rational-equations/","ia-62d7ffeefcb08913","method-guide",""
"/subjects/math/algebra/systems-inequalities/","ia-fc4fa9af06e31603","quick-answer",""
"/subjects/math/algebra/systems-inequalities/choosing-system-method/","ia-de9a3c042cb3af44","decision-guide",""
"/subjects/math/algebra/systems-inequalities/compound-inequalities/","ia-ef62bab691be9b9c","method-guide",""
"/subjects/math/algebra/systems-inequalities/elimination-systems/","ia-cc7c686486b12d26","decision-guide",""
"/subjects/math/algebra/systems-inequalities/graphing-linear-inequalities/","ia-c9c4f1a8f5e4aaf4","decision-guide",""
"/subjects/math/algebra/systems-inequalities/no-one-infinite-solutions/","ia-c6e2bfa01dea02eb","decision-guide",""
"/subjects/math/algebra/systems-inequalities/substitution-systems/","ia-a827d7cc7cfb1f21","decision-guide",""
"/subjects/math/calculus/","ia-4828eabd2ca9f824","course-hub",""
"/subjects/math/calculus/derivative-applications/","ia-f2e72a928593c3cd","unit-hub",""
"/subjects/math/calculus/derivative-applications/advanced-cauchy-mvt/","ia-d46eb0d4adea6c93","textbook-lesson",""
"/subjects/math/calculus/derivative-applications/advanced-convexity/","ia-bc3189ccbd418f95","textbook-lesson",""
"/subjects/math/calculus/derivative-applications/advanced-newton-convergence/","ia-b1db78d38f4b1025","textbook-lesson",""
"/subjects/math/calculus/derivative-applications/advanced-notes/","ia-4c37fe16b1e6e414","textbook-lesson",""
"/subjects/math/calculus/derivative-applications/advanced-sensitivity-elasticity/","ia-7daf2efd50d980b8","textbook-lesson",""
"/subjects/math/calculus/derivative-applications/anatomy-of-optimization/","ia-701798b65d894bc1","textbook-lesson",""
"/subjects/math/calculus/derivative-applications/approximation-concept-quiz/","ia-908edf200d4d7d1e","textbook-lesson",""
"/subjects/math/calculus/derivative-applications/approximation-review/","ia-8f9c6aa286804498","textbook-lesson",""
"/subjects/math/calculus/derivative-applications/bridge-diagnostic/","ia-fbbe6e701001b15b","textbook-lesson",""
"/subjects/math/calculus/derivative-applications/closed-interval-method/","ia-75cdf5522594df45","textbook-lesson",""
"/subjects/math/calculus/derivative-applications/common-errors/","ia-d83c79f45955b6b5","textbook-lesson",""
"/subjects/math/calculus/derivative-applications/concavity/","ia-a597e5b52ea68c6b","textbook-lesson",""
"/subjects/math/calculus/derivative-applications/cumulative-practice/","ia-dcafc97d21d08948","textbook-lesson",""
"/subjects/math/calculus/derivative-applications/curve-sketching-from-derivatives/","ia-b81635b6cf2c40f1","method-guide",""
"/subjects/math/calculus/derivative-applications/curve-sketching/","ia-1145a66140b1c185","textbook-lesson",""
"/subjects/math/calculus/derivative-applications/derivative-graphs/","ia-085600c0d3836917","textbook-lesson",""
"/subjects/math/calculus/derivative-applications/differentials/","ia-ad4dd43e5ab82858","textbook-lesson",""
"/subjects/math/calculus/derivative-applications/error-estimation/","ia-075ce04f5f82356c","textbook-lesson",""
"/subjects/math/calculus/derivative-applications/extrema-and-critical-numbers/","ia-fd1da78c38ac813a","textbook-lesson",""
"/subjects/math/calculus/derivative-applications/first-derivative-test/","ia-dddf79453bd42994","textbook-lesson",""
"/subjects/math/calculus/derivative-applications/graph-analysis-story/","ia-4868a7967b439a0f","textbook-lesson",""
"/subjects/math/calculus/derivative-applications/how-to-translate-word-problems/","ia-7f7c7e49f9a0b9a3","textbook-lesson",""
"/subjects/math/calculus/derivative-applications/increasing-decreasing/","ia-8da7069de53845e2","textbook-lesson",""
"/subjects/math/calculus/derivative-applications/interpretation-concept-quiz/","ia-9cc94c4c5657cfd8","textbook-lesson",""
"/subjects/math/calculus/derivative-applications/interpretation-review/","ia-fc2936f5740bb905","textbook-lesson",""
"/subjects/math/calculus/derivative-applications/interpreting-derivatives/","ia-39f9e04db7c148f5","textbook-lesson",""
"/subjects/math/calculus/derivative-applications/interpreting-higher-derivatives/","ia-44426f1c8f7db800","textbook-lesson",""
"/subjects/math/calculus/derivative-applications/lhopital-concept-quiz/","ia-0caa1397476b9a98","textbook-lesson",""
"/subjects/math/calculus/derivative-applications/lhopital-infinity-over-infinity/","ia-0d4173d1f5bd4efc","textbook-lesson",""
"/subjects/math/calculus/derivative-applications/lhopital-is-not-cancellation/","ia-76951b0adb4cbbaa","textbook-lesson",""
"/subjects/math/calculus/derivative-applications/lhopital-review/","ia-6397ee3a88ae82b2","textbook-lesson",""
"/subjects/math/calculus/derivative-applications/lhopital-rule/","ia-9d7f9598d8de98eb","textbook-lesson",""
"/subjects/math/calculus/derivative-applications/lhopital-zero-over-zero/","ia-c3a905922810c655","textbook-lesson",""
"/subjects/math/calculus/derivative-applications/linear-approximation/","ia-de0be16ab38c3d5e","method-guide",""
"/subjects/math/calculus/derivative-applications/linearization-practice/","ia-ddd800b010780be3","textbook-lesson",""
"/subjects/math/calculus/derivative-applications/local-linearity/","ia-bf563e1692fd15be","textbook-lesson",""
"/subjects/math/calculus/derivative-applications/manufacturing-tolerance/","ia-3d4d567ee2f1a227","textbook-lesson",""
"/subjects/math/calculus/derivative-applications/marginal-analysis/","ia-f7a19f7aebcbeaba","textbook-lesson",""
"/subjects/math/calculus/derivative-applications/mean-value-theorem/","ia-8aa2cf899bbf69ef","textbook-lesson",""
"/subjects/math/calculus/derivative-applications/medication-concentration/","ia-6036f313d5cb363e","textbook-lesson",""
"/subjects/math/calculus/derivative-applications/modeling-studio-review/","ia-7fbab8f831b98267","textbook-lesson",""
"/subjects/math/calculus/derivative-applications/modeling-studio/","ia-1a3425d648427500","textbook-lesson",""
"/subjects/math/calculus/derivative-applications/newtons-method/","ia-676f220bfd472cdf","textbook-lesson",""
"/subjects/math/calculus/derivative-applications/optimization-business-science/","ia-1a1333a3080d894a","textbook-lesson",""
"/subjects/math/calculus/derivative-applications/optimization-closed-interval/","ia-79b5da7d02bd548d","textbook-lesson",""
"/subjects/math/calculus/derivative-applications/optimization-concept-quiz/","ia-87071b890b45f97a","textbook-lesson",""
"/subjects/math/calculus/derivative-applications/optimization-geometry/","ia-82ea1ae393839a2a","textbook-lesson",""
"/subjects/math/calculus/derivative-applications/optimization-modeling/","ia-d4d646c3c05075c9","textbook-lesson",""
"/subjects/math/calculus/derivative-applications/optimization-review/","ia-6c0cc8500009463b","textbook-lesson",""
"/subjects/math/calculus/derivative-applications/optimization/","ia-45a6c9dc08196b8a","method-guide",""
"/subjects/math/calculus/derivative-applications/other-indeterminate-forms/","ia-68eae4b6996c0c84","textbook-lesson",""
"/subjects/math/calculus/derivative-applications/position-velocity-acceleration/","ia-2d34d731aaa2c300","textbook-lesson",""
"/subjects/math/calculus/derivative-applications/practice-exam-a-answer-key/","ia-5ac6ae1829704223","textbook-lesson",""
"/subjects/math/calculus/derivative-applications/practice-exam-a/","ia-49cc8ace5f7a7a6e","textbook-lesson",""
"/subjects/math/calculus/derivative-applications/practice-exam-b-answer-key/","ia-2903e45ef2a9b39d","textbook-lesson",""
"/subjects/math/calculus/derivative-applications/practice-exam-b/","ia-dba73d2911e433d7","textbook-lesson",""
"/subjects/math/calculus/derivative-applications/radar-tracking/","ia-056529de4de60495","textbook-lesson",""
"/subjects/math/calculus/derivative-applications/rates-from-data/","ia-5403c5829f1b67a9","textbook-lesson",""
"/subjects/math/calculus/derivative-applications/reference/","ia-646e766851377d84","textbook-lesson",""
"/subjects/math/calculus/derivative-applications/related-rates-angle/","ia-48da0fad97fad36c","textbook-lesson",""
"/subjects/math/calculus/derivative-applications/related-rates-concept-quiz/","ia-a27ed7bc45fa08c2","textbook-lesson",""
"/subjects/math/calculus/derivative-applications/related-rates-mixed/","ia-336bfe937966153f","textbook-lesson",""
"/subjects/math/calculus/derivative-applications/related-rates-pythagorean/","ia-dd427739dff23135","textbook-lesson",""
"/subjects/math/calculus/derivative-applications/related-rates-review/","ia-dacc850bff03de4e","textbook-lesson",""
"/subjects/math/calculus/derivative-applications/related-rates-shadows/","ia-bc324b8ac265b4e0","textbook-lesson",""
"/subjects/math/calculus/derivative-applications/related-rates-volume/","ia-fc8a00bfc89d78b7","textbook-lesson",""
"/subjects/math/calculus/derivative-applications/related-rates-workflow/","ia-42ff5319ce0efde2","textbook-lesson",""
"/subjects/math/calculus/derivative-applications/related-rates/","ia-98a14672a2a1d560","method-guide",""
"/subjects/math/calculus/derivative-applications/repeated-lhopital/","ia-ea7df6ad05059a3b","textbook-lesson",""
"/subjects/math/calculus/derivative-applications/rolles-theorem/","ia-a8dd60ce8c718150","textbook-lesson",""
"/subjects/math/calculus/derivative-applications/second-derivative-test/","ia-801015476438286c","textbook-lesson",""
"/subjects/math/calculus/derivative-applications/speeding-up-slowing-down/","ia-4466ca7fe97e1ce6","textbook-lesson",""
"/subjects/math/calculus/derivative-applications/stopping-distance/","ia-bc2b7a3f044dc6b7","textbook-lesson",""
"/subjects/math/calculus/derivative-applications/theorems-shape-concept-quiz/","ia-0e4ab91658b00984","textbook-lesson",""
"/subjects/math/calculus/derivative-applications/theorems-shape-review/","ia-cce2f916223a6ba3","textbook-lesson",""
"/subjects/math/calculus/derivative-applications/unit-2b-review/","ia-5411d40f3d7a7af6","decision-guide",""
"/subjects/math/calculus/derivative-applications/when-not-lhopital/","ia-aa94f74bd4d8000d","textbook-lesson",""
"/subjects/math/calculus/derivative-applications/why-linear-approximation-works/","ia-056ccf2c2df282f3","textbook-lesson",""
"/subjects/math/calculus/derivative-applications/why-related-rates-feel-hard/","ia-2fbba6b1d369b174","textbook-lesson",""
"/subjects/math/calculus/derivatives/","ia-2374243106701921","unit-hub",""
"/subjects/math/calculus/derivatives/advanced-chain-rule-linear-maps/","ia-f1ab53278f1d8ffd","textbook-lesson",""
"/subjects/math/calculus/derivatives/advanced-darboux-derivatives/","ia-225491c94e0f5ce1","textbook-lesson",""
"/subjects/math/calculus/derivatives/advanced-implicit-function-theorem/","ia-00ccb53e2f6e5af2","textbook-lesson",""
"/subjects/math/calculus/derivatives/advanced-local-linearity-little-o/","ia-2c33e1d45f280dae","textbook-lesson",""
"/subjects/math/calculus/derivatives/advanced-notes-2a/","ia-60f0d12c407956b3","textbook-lesson",""
"/subjects/math/calculus/derivatives/chain-exp-log/","ia-17b9fbb8921fef36","textbook-lesson",""
"/subjects/math/calculus/derivatives/chain-rule-basic/","ia-ba1617dc3cf7e735","textbook-lesson",""
"/subjects/math/calculus/derivatives/chain-rule-concept-quiz/","ia-0a02df3755c5baf0","textbook-lesson",""
"/subjects/math/calculus/derivatives/chain-rule-map/","ia-fe0780b8fcd84b7c","textbook-lesson",""
"/subjects/math/calculus/derivatives/chain-rule-review/","ia-e0875b4562b3684d","textbook-lesson",""
"/subjects/math/calculus/derivatives/chain-rule/","ia-7ba46f7d007657b8","method-guide",""
"/subjects/math/calculus/derivatives/chain-trig/","ia-b310d9fedc6914cf","textbook-lesson",""
"/subjects/math/calculus/derivatives/combined-rules/","ia-bf560d951ef1a9db","textbook-lesson",""
"/subjects/math/calculus/derivatives/composition/","ia-341c829b7e895487","textbook-lesson",""
"/subjects/math/calculus/derivatives/core-rules-concept-quiz/","ia-cdb2cfb7fa346fda","textbook-lesson",""
"/subjects/math/calculus/derivatives/core-rules-review/","ia-0b22debe35c8f862","textbook-lesson",""
"/subjects/math/calculus/derivatives/derivative-at-a-point/","ia-4d96a4fab72c9f81","textbook-lesson",""
"/subjects/math/calculus/derivatives/derivative-computation-strategy/","ia-cd210cfb8493abb7","textbook-lesson",""
"/subjects/math/calculus/derivatives/derivative-function/","ia-3f30f49ea0f63dad","textbook-lesson",""
"/subjects/math/calculus/derivatives/derivative-of-x-to-the-x/","ia-d941c2cdfdbb62c0","quick-answer",""
"/subjects/math/calculus/derivatives/derivatives-of-inverse-trig-functions/","ia-1199b416863de49b","method-guide",""
"/subjects/math/calculus/derivatives/difference-quotient-algebra/","ia-8272d75bda5a1349","textbook-lesson",""
"/subjects/math/calculus/derivatives/differentiability-and-continuity/","ia-123f7159fb9de941","textbook-lesson",""
"/subjects/math/calculus/derivatives/exponential-e/","ia-461013ea9ed2d46e","textbook-lesson",""
"/subjects/math/calculus/derivatives/foundations-concept-quiz/","ia-c2b8a712e3bc534d","textbook-lesson",""
"/subjects/math/calculus/derivatives/foundations-review/","ia-6867ca2cd6ed85d5","textbook-lesson",""
"/subjects/math/calculus/derivatives/from-graphs-and-tables/","ia-e7b0af9d55953570","textbook-lesson",""
"/subjects/math/calculus/derivatives/general-exponential/","ia-2b618c38d8a4eb01","textbook-lesson",""
"/subjects/math/calculus/derivatives/general-logarithms/","ia-4ac4ce81f7da603b","textbook-lesson",""
"/subjects/math/calculus/derivatives/higher-derivative-techniques/","ia-78e88b5c561ece26","textbook-lesson",""
"/subjects/math/calculus/derivatives/higher-derivatives/","ia-ceabeab036734a46","textbook-lesson",""
"/subjects/math/calculus/derivatives/implicit-differentiation/","ia-f6b7f3f369fbb2ec","textbook-lesson",""
"/subjects/math/calculus/derivatives/implicit-inverse-concept-quiz/","ia-8b267aa2458026a8","textbook-lesson",""
"/subjects/math/calculus/derivatives/implicit-inverse-review/","ia-b49e5bf5691e5d9c","textbook-lesson",""
"/subjects/math/calculus/derivatives/implicit-second-derivative/","ia-45b2831b1839fd0e","textbook-lesson",""
"/subjects/math/calculus/derivatives/implicit-tangent-lines/","ia-6585fd72f94a0099","textbook-lesson",""
"/subjects/math/calculus/derivatives/inverse-function-rule/","ia-1623134d2b708fab","textbook-lesson",""
"/subjects/math/calculus/derivatives/inverse-trig/","ia-51f575d4d9d94900","textbook-lesson",""
"/subjects/math/calculus/derivatives/logarithmic-differentiation/","ia-dc7ec99c93c1154a","textbook-lesson",""
"/subjects/math/calculus/derivatives/multiple-chain-layers/","ia-4ca8d994d2266ace","textbook-lesson",""
"/subjects/math/calculus/derivatives/natural-log/","ia-7825494e97b8d467","textbook-lesson",""
"/subjects/math/calculus/derivatives/negative-fractional-powers/","ia-a007c6947f1a2d87","textbook-lesson",""
"/subjects/math/calculus/derivatives/notation-and-units/","ia-f347d596ae68a582","textbook-lesson",""
"/subjects/math/calculus/derivatives/notation-guide/","ia-e95f0edec90cf615","textbook-lesson",""
"/subjects/math/calculus/derivatives/other-trig-functions/","ia-e6f5cf0b374c245c","textbook-lesson",""
"/subjects/math/calculus/derivatives/power-rule/","ia-252abde29c18bb67","textbook-lesson",""
"/subjects/math/calculus/derivatives/practice-exam-a-answer-key/","ia-45afb12c760cadc6","textbook-lesson",""
"/subjects/math/calculus/derivatives/practice-exam-b-answer-key/","ia-00f164e5417c5cae","textbook-lesson",""
"/subjects/math/calculus/derivatives/prerequisite-diagnostic/","ia-e8a5ef50f786044c","textbook-lesson",""
"/subjects/math/calculus/derivatives/product-rule-vs-quotient-rule/","ia-8d9a9c92545b830e","decision-guide",""
"/subjects/math/calculus/derivatives/product-rule/","ia-5b10dd6980f2e2fa","textbook-lesson",""
"/subjects/math/calculus/derivatives/quotient-rule/","ia-add8066278733341","textbook-lesson",""
"/subjects/math/calculus/derivatives/rule-selection/","ia-ebd8a7fbcf3c0376","textbook-lesson",""
"/subjects/math/calculus/derivatives/sine-and-cosine/","ia-7a66ebc177c64b44","textbook-lesson",""
"/subjects/math/calculus/derivatives/special-functions-concept-quiz/","ia-6d83abc904303796","textbook-lesson",""
"/subjects/math/calculus/derivatives/special-functions-review/","ia-fdc7ced0068e0b7a","textbook-lesson",""
"/subjects/math/calculus/derivatives/sum-and-constant-multiple-rules/","ia-ff5f0ce4b5b2da97","textbook-lesson",""
"/subjects/math/calculus/derivatives/tangent-line-equation/","ia-2e888b4dceb8da18","textbook-lesson",""
"/subjects/math/calculus/derivatives/unit-2a-common-errors/","ia-08068f570260bc0c","textbook-lesson",""
"/subjects/math/calculus/derivatives/unit-2a-cumulative-practice/","ia-c676947da4552558","textbook-lesson",""
"/subjects/math/calculus/derivatives/unit-2a-practice-exam-a/","ia-469217c22cec7917","textbook-lesson",""
"/subjects/math/calculus/derivatives/unit-2a-practice-exam-b/","ia-1f49cd226e618237","textbook-lesson",""
"/subjects/math/calculus/derivatives/unit-2a-reference/","ia-e9756770e858555e","textbook-lesson",""
"/subjects/math/calculus/derivatives/unit-2a-review/","ia-cd5f31c59f1cffa9","textbook-lesson",""
"/subjects/math/calculus/derivatives/variable-exponents/","ia-ad131aabaef1ae03","textbook-lesson",""
"/subjects/math/calculus/derivatives/what-does-derivative-mean/","ia-347e063df8aec81b","textbook-lesson",""
"/subjects/math/calculus/derivatives/what-implicit-means/","ia-a35cd5c87ead144a","textbook-lesson",""
"/subjects/math/calculus/derivatives/why-derivative-rules-work/","ia-9358fe9577bcdf41","textbook-lesson",""
"/subjects/math/calculus/derivatives/why-derivatives-matter/","ia-4b78490fc2b0abde","textbook-lesson",""
"/subjects/math/calculus/derivatives/why-special-derivatives-are-not-random/","ia-4ca2f4d72b92b94f","textbook-lesson",""
"/subjects/math/calculus/formula-sheets/","ia-debe52495ca7491f","resource-hub",""
"/subjects/math/calculus/formula-sheets/derivative-rules/","ia-bfd10fef505649e8","formula-sheet",""
"/subjects/math/calculus/integrals/","ia-61394fc9009d099a","unit-hub",""
"/subjects/math/calculus/integrals/accumulation-functions/","ia-e8dd4c074f9241a3","textbook-lesson",""
"/subjects/math/calculus/integrals/antiderivatives/","ia-b3fac980fff6d4de","textbook-lesson",""
"/subjects/math/calculus/integrals/average-value-of-a-function/","ia-f202590f469e83c7","textbook-lesson",""
"/subjects/math/calculus/integrals/basic-antiderivative-rules/","ia-75d0b819e87ccfab","textbook-lesson",""
"/subjects/math/calculus/integrals/common-errors/","ia-5810576045a50804","textbook-lesson",""
"/subjects/math/calculus/integrals/cumulative-practice/","ia-c0cfa834a08680d4","textbook-lesson",""
"/subjects/math/calculus/integrals/definite-integral-signed-area/","ia-53087a150b9adb0c","textbook-lesson",""
"/subjects/math/calculus/integrals/definite-integrals-by-substitution/","ia-3e6834297c0382de","textbook-lesson",""
"/subjects/math/calculus/integrals/displacement-and-distance/","ia-5adcdb9f1a750263","textbook-lesson",""
"/subjects/math/calculus/integrals/fundamental-theorem-part-one/","ia-ddaa928b8f49ca5b","textbook-lesson",""
"/subjects/math/calculus/integrals/fundamental-theorem-part-two/","ia-a20a017c15c41a5b","textbook-lesson",""
"/subjects/math/calculus/integrals/improper-integrals-infinite-intervals/","ia-4aacd5bb3f5de870","textbook-lesson",""
"/subjects/math/calculus/integrals/improper-integrals-unbounded-functions/","ia-54118e5d9f3d7546","textbook-lesson",""
"/subjects/math/calculus/integrals/indefinite-integrals-and-c/","ia-3bc0f8b7145ca006","textbook-lesson",""
"/subjects/math/calculus/integrals/initial-value-problems/","ia-3e27c4127951034e","textbook-lesson",""
"/subjects/math/calculus/integrals/integration-by-parts/","ia-68499b9368408a23","textbook-lesson",""
"/subjects/math/calculus/integrals/integration-strategy/","ia-c12f44b1641f6eae","textbook-lesson",""
"/subjects/math/calculus/integrals/left-right-midpoint-riemann-sums/","ia-988b2cfc2992d24e","textbook-lesson",""
"/subjects/math/calculus/integrals/net-change-theorem/","ia-b8a12535940463f6","textbook-lesson",""
"/subjects/math/calculus/integrals/numerical-integration/","ia-3150c3fc6f705ed4","textbook-lesson",""
"/subjects/math/calculus/integrals/partial-fractions/","ia-878919bded095af3","textbook-lesson",""
"/subjects/math/calculus/integrals/partitions-and-sigma-notation/","ia-9a7c1dd66e922808","textbook-lesson",""
"/subjects/math/calculus/integrals/practice-exam-a-answer-key/","ia-a2ef2b93981a6f20","textbook-lesson",""
"/subjects/math/calculus/integrals/practice-exam-a/","ia-22a01cfdd8a21548","textbook-lesson",""
"/subjects/math/calculus/integrals/practice-exam-b-answer-key/","ia-7d2109ced14f5a09","textbook-lesson",""
"/subjects/math/calculus/integrals/practice-exam-b/","ia-3be0a0869cbb9949","textbook-lesson",""
"/subjects/math/calculus/integrals/properties-of-definite-integrals/","ia-7aea842ee235e432","textbook-lesson",""
"/subjects/math/calculus/integrals/rates-to-total-change/","ia-5d75be6c46cf35ec","textbook-lesson",""
"/subjects/math/calculus/integrals/review/","ia-f858f100f46d6717","textbook-lesson",""
"/subjects/math/calculus/integrals/riemann-sum-limit/","ia-6043db0f4ace5aa5","textbook-lesson",""
"/subjects/math/calculus/integrals/simpsons-rule/","ia-beb773c13abecefb","textbook-lesson",""
"/subjects/math/calculus/integrals/substitution/","ia-45226460c220e968","textbook-lesson",""
"/subjects/math/calculus/integrals/trigonometric-integrals/","ia-029cdde921562d27","textbook-lesson",""
"/subjects/math/calculus/integrals/trigonometric-substitution/","ia-bf7851278a40f10f","textbook-lesson",""
"/subjects/math/calculus/integrals/variable-limits-and-chain-rule/","ia-6e9d04669799460a","textbook-lesson",""
"/subjects/math/calculus/integration-applications/","ia-99f7cbacdde428ed","unit-hub",""
"/subjects/math/calculus/integration-applications/arc-length/","ia-858a0e44a6ee18f1","textbook-lesson",""
"/subjects/math/calculus/integration-applications/area-between-curves/","ia-cba85962c23806dd","textbook-lesson",""
"/subjects/math/calculus/integration-applications/average-value-of-a-function/","ia-d0438419013ebb60","method-guide",""
"/subjects/math/calculus/integration-applications/choosing-a-volume-method/","ia-7d96bb25d2a4ee4a","textbook-lesson",""
"/subjects/math/calculus/integration-applications/common-errors/","ia-6dd5fc535e7874e3","textbook-lesson",""
"/subjects/math/calculus/integration-applications/cumulative-practice/","ia-dce7fb305935bf79","textbook-lesson",""
"/subjects/math/calculus/integration-applications/cylindrical-shells/","ia-382044ce4d9b2ec6","textbook-lesson",""
"/subjects/math/calculus/integration-applications/density-and-mass/","ia-ecaca251a782814a","textbook-lesson",""
"/subjects/math/calculus/integration-applications/disks-and-washers/","ia-b319ccdaaa32f737","textbook-lesson",""
"/subjects/math/calculus/integration-applications/fluid-pressure/","ia-d2ee3cdec7d36258","textbook-lesson",""
"/subjects/math/calculus/integration-applications/horizontal-slices/","ia-cb659d0d21126e34","textbook-lesson",""
"/subjects/math/calculus/integration-applications/marginal-quantities/","ia-6e93f4e412ad2917","textbook-lesson",""
"/subjects/math/calculus/integration-applications/moments-and-center-of-mass/","ia-41ae30936781e225","textbook-lesson",""
"/subjects/math/calculus/integration-applications/physics-application-studio/","ia-53be8e285d58ec6c","textbook-lesson",""
"/subjects/math/calculus/integration-applications/practice-exam-a-answer-key/","ia-97184e0adb78fd5c","textbook-lesson",""
"/subjects/math/calculus/integration-applications/practice-exam-a/","ia-c696b611a13a755b","textbook-lesson",""
"/subjects/math/calculus/integration-applications/practice-exam-b-answer-key/","ia-8a433f5053daefde","textbook-lesson",""
"/subjects/math/calculus/integration-applications/practice-exam-b/","ia-9e4be44e7242a200","textbook-lesson",""
"/subjects/math/calculus/integration-applications/probability-density/","ia-62024cdab7defbe1","textbook-lesson",""
"/subjects/math/calculus/integration-applications/pumping-liquids/","ia-fbb14b534cfa6962","textbook-lesson",""
"/subjects/math/calculus/integration-applications/review/","ia-6afa0184009bb2a5","textbook-lesson",""
"/subjects/math/calculus/integration-applications/spring-work/","ia-041b4e9e4ead2874","textbook-lesson",""
"/subjects/math/calculus/integration-applications/surface-area-of-revolution/","ia-49a0ccf291923fae","textbook-lesson",""
"/subjects/math/calculus/integration-applications/volumes-by-slicing/","ia-d0ace348d020dc7c","textbook-lesson",""
"/subjects/math/calculus/integration-applications/washer-vs-shell/","ia-a0926a1a56d917eb","decision-guide",""
"/subjects/math/calculus/integration-applications/work-and-fluid-force/","ia-aa512ff6603b31f2","decision-guide",""
"/subjects/math/calculus/integration-applications/work-and-variable-force/","ia-4bd2aa066bc24487","textbook-lesson",""
"/subjects/math/calculus/integration-techniques/","ia-b5fd5f196942c37a","quick-answer",""
"/subjects/math/calculus/integration-techniques/improper-integrals/","ia-bdbdeb7ed4a2542a","quick-answer",""
"/subjects/math/calculus/integration-techniques/integration-by-parts-strategy/","ia-103d029fdc37bcc1","decision-guide",""
"/subjects/math/calculus/integration-techniques/partial-fractions/","ia-adae590eb6a3eb5c","decision-guide",""
"/subjects/math/calculus/integration-techniques/trigonometric-integrals/","ia-4918cb44f1f656cf","decision-guide",""
"/subjects/math/calculus/integration-techniques/trigonometric-substitution/","ia-bfef18c7a4618d93","decision-guide",""
"/subjects/math/calculus/integration-techniques/u-substitution/","ia-c3e8d100576e9bf9","decision-guide",""
"/subjects/math/calculus/limits-continuity/","ia-ea7d31d96c19a709","unit-hub",""
"/subjects/math/calculus/limits-continuity/continuity-at-a-point/","ia-b3d714adaf3011ef","method-guide",""
"/subjects/math/calculus/limits-continuity/evaluating-indeterminate-limits/","ia-b6eb4aebd2b9501d","quick-answer",""
"/subjects/math/calculus/limits-continuity/infinite-limits-and-asymptotes/","ia-75eccb61a4028903","method-guide",""
"/subjects/math/calculus/limits-continuity/limit-of-sin-x-over-x/","ia-ab0e664366886150","quick-answer",""
"/subjects/math/calculus/limits-continuity/one-sided-limits-and-jump-discontinuities/","ia-49354ab14181be81","method-guide",""
"/subjects/math/calculus/limits-continuity/squeeze-theorem/","ia-011592252015b1b3","quick-answer",""
"/subjects/math/calculus/limits-continuity/unit/","ia-d0cb902853f42b2d","decision-guide",""
"/subjects/math/calculus/limits-continuity/unit/continuity/bisection-method/","ia-1b72cfb1ad31ed67","textbook-lesson",""
"/subjects/math/calculus/limits-continuity/unit/continuity/continuity-at-a-point/","ia-a94c1f7932516d15","textbook-lesson",""
"/subjects/math/calculus/limits-continuity/unit/continuity/continuity-concept-quiz/","ia-c27b281cef7a5574","textbook-lesson",""
"/subjects/math/calculus/limits-continuity/unit/continuity/continuity-practice/","ia-5a4a16d31a6d969b","textbook-lesson",""
"/subjects/math/calculus/limits-continuity/unit/continuity/continuity-review/","ia-1f7888f459e7cdff","textbook-lesson",""
"/subjects/math/calculus/limits-continuity/unit/continuity/continuous-functions/","ia-33cb75d8decb1293","textbook-lesson",""
"/subjects/math/calculus/limits-continuity/unit/continuity/intermediate-value-theorem/","ia-6c7083888e381c74","textbook-lesson",""
"/subjects/math/calculus/limits-continuity/unit/continuity/intervals-endpoints/","ia-036f79a9b2acb6bb","textbook-lesson",""
"/subjects/math/calculus/limits-continuity/unit/continuity/piecewise-parameters/","ia-8045d9087d9cf554","textbook-lesson",""
"/subjects/math/calculus/limits-continuity/unit/continuity/repair-removable-discontinuity/","ia-aa3355e4432154df","textbook-lesson",""
"/subjects/math/calculus/limits-continuity/unit/continuity/two-parameter-continuity/","ia-1ff384d0abd0c571","textbook-lesson",""
"/subjects/math/calculus/limits-continuity/unit/continuity/types-of-discontinuity/","ia-4cf990dffc4039ea","textbook-lesson",""
"/subjects/math/calculus/limits-continuity/unit/limits/absolute-value-piecewise/","ia-4b20565f38384207","textbook-lesson",""
"/subjects/math/calculus/limits-continuity/unit/limits/common-exam-errors/","ia-eaea3eaaaa60557c","textbook-lesson",""
"/subjects/math/calculus/limits-continuity/unit/limits/complete-asymptote-analysis/","ia-7acf717417204832","textbook-lesson",""
"/subjects/math/calculus/limits-continuity/unit/limits/complex-fractions/","ia-93f84f337794fa07","textbook-lesson",""
"/subjects/math/calculus/limits-continuity/unit/limits/cosine-limits/","ia-ede7a2d4c3dc1002","decision-guide",""
"/subjects/math/calculus/limits-continuity/unit/limits/cumulative-practice/","ia-42d937cc250107e4","textbook-lesson",""
"/subjects/math/calculus/limits-continuity/unit/limits/direct-substitution/","ia-94ac763ade0a8126","textbook-lesson",""
"/subjects/math/calculus/limits-continuity/unit/limits/disprove-limit-epsilon-delta/","ia-6400f09ccf20a51f","textbook-lesson",""
"/subjects/math/calculus/limits-continuity/unit/limits/epsilon-delta-concept-quiz/","ia-0923ceb78037ac03","textbook-lesson",""
"/subjects/math/calculus/limits-continuity/unit/limits/epsilon-delta-graph/","ia-c9a289a49bd88761","textbook-lesson",""
"/subjects/math/calculus/limits-continuity/unit/limits/epsilon-delta-introduction/","ia-51fecf4107932708","textbook-lesson",""
"/subjects/math/calculus/limits-continuity/unit/limits/epsilon-delta-linear/","ia-4889c6d5fa2975d6","textbook-lesson",""
"/subjects/math/calculus/limits-continuity/unit/limits/epsilon-delta-practice/","ia-da397e866e941eb4","textbook-lesson",""
"/subjects/math/calculus/limits-continuity/unit/limits/epsilon-delta-quadratic/","ia-96ca08effd748f2e","textbook-lesson",""
"/subjects/math/calculus/limits-continuity/unit/limits/epsilon-delta-review/","ia-daae5aff9e512042","textbook-lesson",""
"/subjects/math/calculus/limits-continuity/unit/limits/factoring-limits/","ia-6e0f96dbbd72a2ac","textbook-lesson",""
"/subjects/math/calculus/limits-continuity/unit/limits/finite-limit-decision-tree/","ia-ceb5b95e245ad9b8","textbook-lesson",""
"/subjects/math/calculus/limits-continuity/unit/limits/finite-limits-concept-quiz/","ia-e2c3877a26a35dea","textbook-lesson",""
"/subjects/math/calculus/limits-continuity/unit/limits/finite-limits-practice/","ia-dc31e49bebb6a6de","textbook-lesson",""
"/subjects/math/calculus/limits-continuity/unit/limits/finite-limits-review/","ia-c24f6f22a1c13360","textbook-lesson",""
"/subjects/math/calculus/limits-continuity/unit/limits/formal-infinite-limits/","ia-5aaf43b196dd6329","textbook-lesson",""
"/subjects/math/calculus/limits-continuity/unit/limits/function-value-vs-limit/","ia-02129714becb8e01","textbook-lesson",""
"/subjects/math/calculus/limits-continuity/unit/limits/infinite-behavior-concept-quiz/","ia-9eaf5b71e871a5a5","textbook-lesson",""
"/subjects/math/calculus/limits-continuity/unit/limits/infinite-behavior-practice/","ia-25963ad3623e93db","textbook-lesson",""
"/subjects/math/calculus/limits-continuity/unit/limits/infinite-behavior-review/","ia-87ec9c3fda897134","textbook-lesson",""
"/subjects/math/calculus/limits-continuity/unit/limits/infinite-limits/","ia-e78c033afa5e22ed","decision-guide",""
"/subjects/math/calculus/limits-continuity/unit/limits/infinity-minus-infinity/","ia-886fe387361f36e6","textbook-lesson",""
"/subjects/math/calculus/limits-continuity/unit/limits/limit-at-a-hole/","ia-6bb0c4ef707169ae","textbook-lesson",""
"/subjects/math/calculus/limits-continuity/unit/limits/limit-laws/","ia-6821aaf05cc5ea4e","textbook-lesson",""
"/subjects/math/calculus/limits-continuity/unit/limits/limits-at-infinity/","ia-1c8a4e447342946e","textbook-lesson",""
"/subjects/math/calculus/limits-continuity/unit/limits/meaning-concept-quiz/","ia-de476d4399973e51","textbook-lesson",""
"/subjects/math/calculus/limits-continuity/unit/limits/meaning-practice/","ia-c470e4e8b8b7fb7e","textbook-lesson",""
"/subjects/math/calculus/limits-continuity/unit/limits/meaning-review/","ia-f524bf8293f0ee8f","textbook-lesson",""
"/subjects/math/calculus/limits-continuity/unit/limits/notation-guide/","ia-80cea315a02372e3","textbook-lesson",""
"/subjects/math/calculus/limits-continuity/unit/limits/one-sided-limits/","ia-f3ef6801371aef8d","textbook-lesson",""
"/subjects/math/calculus/limits-continuity/unit/limits/practice-exam-a/","ia-80c804a57af876bd","textbook-lesson",""
"/subjects/math/calculus/limits-continuity/unit/limits/practice-exam-a/answer-key/","ia-d3276c871b68985a","textbook-lesson",""
"/subjects/math/calculus/limits-continuity/unit/limits/practice-exam-b/","ia-79a91bfc371fc53f","textbook-lesson",""
"/subjects/math/calculus/limits-continuity/unit/limits/practice-exam-b/answer-key/","ia-cf41db0194401759","textbook-lesson",""
"/subjects/math/calculus/limits-continuity/unit/limits/prerequisite-diagnostic/","ia-6c9af8674b613cd6","textbook-lesson",""
"/subjects/math/calculus/limits-continuity/unit/limits/radicals-at-infinity/","ia-86c7600b1e34f01b","textbook-lesson",""
"/subjects/math/calculus/limits-continuity/unit/limits/ratio-of-sines/","ia-20378d4e1552191e","textbook-lesson",""
"/subjects/math/calculus/limits-continuity/unit/limits/rationalizing-radicals/","ia-e330f5169f00d33b","textbook-lesson",""
"/subjects/math/calculus/limits-continuity/unit/limits/read-limits-from-graphs/","ia-be703c0562001543","textbook-lesson",""
"/subjects/math/calculus/limits-continuity/unit/limits/scaled-sine-tangent/","ia-09d60b44f5b338b4","textbook-lesson",""
"/subjects/math/calculus/limits-continuity/unit/limits/sin-x-over-x-proof/","ia-96094e1635f830ce","textbook-lesson",""
"/subjects/math/calculus/limits-continuity/unit/limits/sin-x-over-x/","ia-ed9a3d428e7f45a1","textbook-lesson",""
"/subjects/math/calculus/limits-continuity/unit/limits/slant-asymptotes/","ia-8c156cfed82b3029","textbook-lesson",""
"/subjects/math/calculus/limits-continuity/unit/limits/squeeze-theorem/","ia-46b31001aa6327bf","textbook-lesson",""
"/subjects/math/calculus/limits-continuity/unit/limits/trig-limit-decision-guide/","ia-ec724fe0ceb57fd1","decision-guide",""
"/subjects/math/calculus/limits-continuity/unit/limits/trig-limits-concept-quiz/","ia-0c6794487a49cf5e","decision-guide",""
"/subjects/math/calculus/limits-continuity/unit/limits/trig-limits-practice/","ia-2b6a69e82bef64bc","decision-guide",""
"/subjects/math/calculus/limits-continuity/unit/limits/trig-limits-review/","ia-3305ce74bcaf5e24","decision-guide",""
"/subjects/math/calculus/limits-continuity/unit/limits/unit-review/","ia-17ea686f74cbf99c","textbook-lesson",""
"/subjects/math/calculus/limits-continuity/unit/limits/vertical-asymptotes/","ia-168a5508023982e6","textbook-lesson",""
"/subjects/math/calculus/limits-continuity/unit/limits/what-a-limit-means/","ia-7947590eebd74cdf","textbook-lesson",""
"/subjects/math/calculus/limits-continuity/unit/limits/when-a-limit-does-not-exist/","ia-2b52e2a018cbbc22","textbook-lesson",""
"/subjects/math/calculus/limits-continuity/unit/limits/why-limits-matter/","ia-c04726bc60ebe9db","textbook-lesson",""
"/subjects/math/calculus/limits-continuity/unit/limits/zero-over-zero/","ia-a6dcd0c0e6903692","textbook-lesson",""
"/subjects/math/calculus/limits-continuity/unit/study/correct-practice-test/","ia-6499ba8f1888029d","textbook-lesson",""
"/subjects/math/calculus/power-series-and-taylor-series/","ia-f52a45d4ce6e378d","unit-hub",""
"/subjects/math/calculus/power-series-and-taylor-series/algebra-with-power-series/","ia-298d1264a2a9d358","textbook-lesson",""
"/subjects/math/calculus/power-series-and-taylor-series/alternating-series-approximation/","ia-ae1fb6be37f0758c","textbook-lesson",""
"/subjects/math/calculus/power-series-and-taylor-series/binomial-series/","ia-09c9b81b79e05434","textbook-lesson",""
"/subjects/math/calculus/power-series-and-taylor-series/building-new-series/","ia-dd18ee9b58148df8","textbook-lesson",""
"/subjects/math/calculus/power-series-and-taylor-series/common-errors/","ia-aeec5654f6ca7d44","textbook-lesson",""
"/subjects/math/calculus/power-series-and-taylor-series/concept-quiz/","ia-1313096348908f48","textbook-lesson",""
"/subjects/math/calculus/power-series-and-taylor-series/differentiating-and-integrating-power-series/","ia-5844b83d424013af","textbook-lesson",""
"/subjects/math/calculus/power-series-and-taylor-series/endpoint-testing/","ia-24f29702af6ae15e","textbook-lesson",""
"/subjects/math/calculus/power-series-and-taylor-series/geometric-series-library/","ia-237071cf8e2a18ca","textbook-lesson",""
"/subjects/math/calculus/power-series-and-taylor-series/logarithm-and-arctangent-series/","ia-a53110f64a94cb1d","textbook-lesson",""
"/subjects/math/calculus/power-series-and-taylor-series/maclaurin-series/","ia-e0dd73c2f0cff7c0","textbook-lesson",""
"/subjects/math/calculus/power-series-and-taylor-series/mixed-practice/","ia-aa3392027f7d1dc8","textbook-lesson",""
"/subjects/math/calculus/power-series-and-taylor-series/power-series-as-functions/","ia-d48df90c3ecb02ff","textbook-lesson",""
"/subjects/math/calculus/power-series-and-taylor-series/power-series-review/","ia-b6af67f633f0a5e6","textbook-lesson",""
"/subjects/math/calculus/power-series-and-taylor-series/practice-exam-a-answer-key/","ia-0d399097b8ff87d1","textbook-lesson",""
"/subjects/math/calculus/power-series-and-taylor-series/practice-exam-a/","ia-3642ae02fde96d04","textbook-lesson",""
"/subjects/math/calculus/power-series-and-taylor-series/practice-exam-b-answer-key/","ia-e788683b3b8b9ea6","textbook-lesson",""
"/subjects/math/calculus/power-series-and-taylor-series/practice-exam-b/","ia-90defd80c9b04730","textbook-lesson",""
"/subjects/math/calculus/power-series-and-taylor-series/radius-and-interval-of-convergence/","ia-d019bc51c6d1ea59","textbook-lesson",""
"/subjects/math/calculus/power-series-and-taylor-series/ratio-test-for-power-series/","ia-ebef72385197428f","textbook-lesson",""
"/subjects/math/calculus/power-series-and-taylor-series/reference-sheet/","ia-7f50cb0e105c0cee","textbook-lesson",""
"/subjects/math/calculus/power-series-and-taylor-series/series-for-definite-integrals/","ia-99a8fa07f188ebd2","textbook-lesson",""
"/subjects/math/calculus/power-series-and-taylor-series/series-solutions-preview/","ia-7e44233620a9d63d","textbook-lesson",""
"/subjects/math/calculus/power-series-and-taylor-series/small-angle-physics/","ia-f5473fb011654de0","textbook-lesson",""
"/subjects/math/calculus/power-series-and-taylor-series/standard-maclaurin-series/","ia-d3df1e1dfb21a3a5","textbook-lesson",""
"/subjects/math/calculus/power-series-and-taylor-series/taylor-polynomials/","ia-81d7dd73c379162d","textbook-lesson",""
"/subjects/math/calculus/power-series-and-taylor-series/taylor-remainder-theorem/","ia-5cdb345df0fae892","textbook-lesson",""
"/subjects/math/calculus/power-series-and-taylor-series/taylor-series-centered-at-a/","ia-7578b237c50a933f","textbook-lesson",""
"/subjects/math/calculus/power-series-and-taylor-series/taylor-series-review/","ia-0c8e33fee7f32df2","textbook-lesson",""
"/subjects/math/calculus/power-series-and-taylor-series/uniform-convergence-preview/","ia-5328cbc3fba72f2d","textbook-lesson",""
"/subjects/math/calculus/practice-exams/","ia-e73bb9c66b4be9ec","resource-hub",""
"/subjects/math/calculus/practice-exams/calculus-1-final/","ia-6f23ce81a16702f8","practice-exam",""
"/subjects/math/calculus/practice-exams/calculus-2-final/","ia-003747695cdbb3cd","practice-exam",""
"/subjects/math/calculus/sequences-and-series/","ia-28a65d0ab7fed59c","unit-hub",""
"/subjects/math/calculus/sequences-and-series/absolute-and-conditional-convergence/","ia-caa7a0b82d1580bf","textbook-lesson",""
"/subjects/math/calculus/sequences-and-series/alternating-series-error/","ia-5b8a616644257c61","textbook-lesson",""
"/subjects/math/calculus/sequences-and-series/alternating-series-test/","ia-9cfe3b87e536a4bb","textbook-lesson",""
"/subjects/math/calculus/sequences-and-series/cauchy-criterion-preview/","ia-3fed7a3969406134","textbook-lesson",""
"/subjects/math/calculus/sequences-and-series/choosing-a-convergence-test/","ia-64ce21364e4d0254","textbook-lesson",""
"/subjects/math/calculus/sequences-and-series/common-errors/","ia-7cd76d7795b3dd76","textbook-lesson",""
"/subjects/math/calculus/sequences-and-series/concept-quiz/","ia-9597ed496b2c76bc","textbook-lesson",""
"/subjects/math/calculus/sequences-and-series/convergence-tests-review/","ia-4cfe0c6cab456b1e","textbook-lesson",""
"/subjects/math/calculus/sequences-and-series/direct-comparison-test/","ia-4fa772220410515e","textbook-lesson",""
"/subjects/math/calculus/sequences-and-series/explicit-and-recursive-sequences/","ia-a06ee1e1297c11a1","textbook-lesson",""
"/subjects/math/calculus/sequences-and-series/geometric-series/","ia-346830a7855aaf46","textbook-lesson",""
"/subjects/math/calculus/sequences-and-series/harmonic-and-p-series/","ia-7c8f8aa60517e0fc","textbook-lesson",""
"/subjects/math/calculus/sequences-and-series/infinite-series-and-partial-sums/","ia-9bdfedb38f648962","textbook-lesson",""
"/subjects/math/calculus/sequences-and-series/integral-test-remainder-estimates/","ia-cb24bbcaac8f79f2","textbook-lesson",""
"/subjects/math/calculus/sequences-and-series/integral-test/","ia-6ce85c5d06bd7d30","textbook-lesson",""
"/subjects/math/calculus/sequences-and-series/limit-comparison-test/","ia-76797321504e675f","textbook-lesson",""
"/subjects/math/calculus/sequences-and-series/limits-of-sequences/","ia-2c6599f8a292ffac","textbook-lesson",""
"/subjects/math/calculus/sequences-and-series/monotone-and-bounded-sequences/","ia-0a2790fb13e0df23","textbook-lesson",""
"/subjects/math/calculus/sequences-and-series/nth-term-divergence-test/","ia-291c651b329d43ef","textbook-lesson",""
"/subjects/math/calculus/sequences-and-series/practice-exam-a-answer-key/","ia-35b77c59e9be3ccd","textbook-lesson",""
"/subjects/math/calculus/sequences-and-series/practice-exam-a/","ia-80c707ae481130d7","textbook-lesson",""
"/subjects/math/calculus/sequences-and-series/practice-exam-b-answer-key/","ia-f93698c1fc599aeb","textbook-lesson",""
"/subjects/math/calculus/sequences-and-series/practice-exam-b/","ia-c9ac16b292a306b7","textbook-lesson",""
"/subjects/math/calculus/sequences-and-series/prerequisite-diagnostic/","ia-ee85194be0d36589","textbook-lesson",""
"/subjects/math/calculus/sequences-and-series/ratio-test/","ia-8502b0d1e1b0682b","textbook-lesson",""
"/subjects/math/calculus/sequences-and-series/reference-sheet/","ia-dc6ba9a33c9ac4d3","textbook-lesson",""
"/subjects/math/calculus/sequences-and-series/root-test/","ia-d8b6e7917e9eb213","textbook-lesson",""
"/subjects/math/calculus/sequences-and-series/sequence-limit-laws/","ia-f100eb72516d257e","textbook-lesson",""
"/subjects/math/calculus/sequences-and-series/sequence-review/","ia-fe41172fd80385a2","textbook-lesson",""
"/subjects/math/calculus/sequences-and-series/sequences-as-functions/","ia-d07e6c52a0a0c3fe","textbook-lesson",""
"/subjects/math/calculus/sequences-and-series/squeeze-theorem-for-sequences/","ia-a384b10a01a69c55","textbook-lesson",""
"/subjects/math/calculus/sequences-and-series/telescoping-series/","ia-1e4b8a943e76ca1d","textbook-lesson",""
"/subjects/math/calculus/sequences-and-series/test-selection-practice/","ia-ca1aa4ac5a70a9b2","textbook-lesson",""
"/subjects/math/calculus/sequences-series/harmonic-series-diverges/","ia-24119684d0ff4c0e","quick-answer",""
"/subjects/math/calculus/sequences-series/ratio-test-vs-root-test/","ia-e87372c66c0d7f28","decision-guide",""
"/subjects/math/calculus/visuals/","ia-230f9d56a563ea97","resource-hub",""
"/subjects/math/calculus/visuals/convergence-tests-flowchart/","ia-cb4f9af4bcb30eab","visual-guide",""
"/subjects/math/calculus/visuals/derivative-rules-map/","ia-8af5e76aa9cdf864","visual-guide",""
"/subjects/math/calculus/visuals/riemann-sum-progression/","ia-9b7199424d6edb19","visual-guide",""
"/subjects/math/calculus/visuals/taylor-approximation-visual/","ia-07d5700041e5ef4e","visual-guide",""
"/subjects/math/calculus/worked-problems/","ia-086d2a51b1e12ea5","resource-hub",""
"/subjects/math/calculus/worked-problems/absolute-versus-conditional-convergence/","ia-5f59ea2cda92e138","worked-problem",""
"/subjects/math/calculus/worked-problems/alternating-series-test-example/","ia-e1706d60298c0de2","worked-problem",""
"/subjects/math/calculus/worked-problems/basic-chain-rule/","ia-7a22691543c74d0f","worked-problem",""
"/subjects/math/calculus/worked-problems/fencing-optimization/","ia-f36ad4e6d46ee9f7","worked-problem",""
"/subjects/math/calculus/worked-problems/finite-geometric-sum/","ia-5ec745830b1815a5","worked-problem",""
"/subjects/math/calculus/worked-problems/fundamental-theorem-derivative/","ia-0f90303d14f0f566","worked-problem",""
"/subjects/math/calculus/worked-problems/infinite-geometric-sum/","ia-2cd2944e3a802760","worked-problem",""
"/subjects/math/calculus/worked-problems/integration-by-parts-log-x/","ia-acbc149c20b3f55c","worked-problem",""
"/subjects/math/calculus/worked-problems/integration-by-parts-x-e-x/","ia-e3b603ae201430f6","worked-problem",""
"/subjects/math/calculus/worked-problems/interval-of-convergence-example/","ia-250000413f8c7f9d","worked-problem",""
"/subjects/math/calculus/worked-problems/limit-by-factoring/","ia-a2996534c7cc6514","worked-problem",""
"/subjects/math/calculus/worked-problems/limit-by-rationalization/","ia-2453e79e1b6feddc","worked-problem",""
"/subjects/math/calculus/worked-problems/limit-comparison-example/","ia-a3d26ca479e902ee","worked-problem",""
"/subjects/math/calculus/worked-problems/nested-chain-rule/","ia-dd7c1e20a1f8980f","worked-problem",""
"/subjects/math/calculus/worked-problems/one-sided-piecewise-limit/","ia-c1172d38ef63fa4b","worked-problem",""
"/subjects/math/calculus/worked-problems/open-top-box-optimization/","ia-6fe72915200d2754","worked-problem",""
"/subjects/math/calculus/worked-problems/product-plus-chain-rule/","ia-287872f3c87e56ab","worked-problem",""
"/subjects/math/calculus/worked-problems/quotient-plus-chain-rule/","ia-692d7a72f302315a","worked-problem",""
"/subjects/math/calculus/worked-problems/ratio-test-example/","ia-75ad8c5c4f11f2ac","worked-problem",""
"/subjects/math/calculus/worked-problems/repeated-integration-by-parts/","ia-10cec10dec3603fd","worked-problem",""
"/subjects/math/calculus/worked-problems/repeating-decimal-as-a-series/","ia-79fdfbe2e4a7a426","worked-problem",""
"/subjects/math/calculus/worked-problems/root-test-example/","ia-2872d7a408d95cb1","worked-problem",""
"/subjects/math/calculus/worked-problems/shifted-geometric-series/","ia-28154d9c28b9c318","worked-problem",""
"/subjects/math/calculus/worked-problems/taylor-approximation-error/","ia-9ef72f4778295987","worked-problem",""
"/subjects/math/calculus/worked-problems/taylor-polynomial-from-derivatives/","ia-b78c5594e70687a3","worked-problem",""
"/subjects/math/calculus/worked-problems/taylor-series-from-known-series/","ia-178c56ce372970f0","worked-problem",""
"/subjects/math/calculus/worksheets/","ia-e818eb55e2cb7d30","resource-hub",""
"/subjects/math/calculus/worksheets/chain-rule/","ia-c449d5ba602734fc","worksheet",""
"/subjects/math/calculus/worksheets/evaluating-limits/","ia-ab2899e4700fa190","worksheet",""
"/subjects/math/calculus/worksheets/geometric-series/","ia-26b0259dc2466ed8","worksheet",""
"/subjects/math/calculus/worksheets/integration-by-parts/","ia-486bcd4a3c593acf","worksheet",""
"/subjects/math/calculus/worksheets/optimization/","ia-eac469860158fdf2","worksheet",""
"/subjects/math/calculus/worksheets/taylor-series/","ia-cafed4c2880d30e2","worksheet",""
"/tools/","ia-cc6427ba0c2d9a6b","directory",""
"/tools/math/algebra/expression-checker/","ia-6b646bdc8bf9ac73","tool",""
"/tools/math/calculus/integration-method-finder/","ia-295bcd965c7da0b0","tool",""
