concept_id,label,confidence,route_count
"concept.general.about","about","high-confidence-inferred","1"
"concept.general.absolute-convergence","absolute convergence","high-confidence-inferred","1"
"concept.calculus.absolute-versus-conditional-convergence","absolute versus conditional convergence","high-confidence-inferred","1"
"concept.general.accessibility","accessibility","high-confidence-inferred","1"
"concept.algebra.add-subtract-rational-expressions","add subtract rational expressions","high-confidence-inferred","1"
"concept.algebra.algebra","algebra","high-confidence-inferred","1"
"concept.general.answers","answers","high-confidence-inferred","1"
"concept.calculus.calculus","calculus","high-confidence-inferred","2"
"concept.calculus.calculus-1-final","calculus 1 final","high-confidence-inferred","1"
"concept.calculus.calculus-2-final","calculus 2 final","high-confidence-inferred","1"
"concept.calculus.calculus-foundations","calculus foundations","high-confidence-inferred","1"
"concept.calculus.calculus-readiness","calculus readiness","high-confidence-inferred","1"
"concept.general.chain-rule","chain-rule","high-confidence-inferred","19"
"concept.algebra.choosing-system-method","choosing system method","high-confidence-inferred","1"
"concept.algebra.combining-like-terms","combining like terms","high-confidence-inferred","1"
"concept.algebra.completing-the-square","completing the square","high-confidence-inferred","1"
"concept.algebra.compound-inequalities","compound inequalities","high-confidence-inferred","1"
"concept.general.continuity","continuity","high-confidence-inferred","82"
"concept.general.conventions","conventions","high-confidence-inferred","1"
"concept.calculus.convergence-test","convergence-test","high-confidence-inferred","3"
"concept.general.corrections","corrections","high-confidence-inferred","1"
"concept.general.critical-number","critical number","high-confidence-inferred","1"
"concept.general.derivative","derivative","high-confidence-inferred","138"
"concept.algebra.direct-inverse-variation","direct inverse variation","high-confidence-inferred","1"
"concept.algebra.distributive-property","distributive property","high-confidence-inferred","1"
"concept.general.editorial-policy","editorial policy","high-confidence-inferred","1"
"concept.algebra.elimination-systems","elimination systems","high-confidence-inferred","1"
"concept.algebra.equation-from-two-points","equation from two points","high-confidence-inferred","1"
"concept.algebra.evaluating-expressions-by-substitution","evaluating expressions by substitution","high-confidence-inferred","1"
"concept.algebra.exponent-rules","exponent rules","high-confidence-inferred","1"
"concept.algebra.exponential-growth-and-decay","exponential growth and decay","high-confidence-inferred","1"
"concept.algebra.expression-checker","expression checker","high-confidence-inferred","1"
"concept.algebra.expressions-equations","expressions equations","high-confidence-inferred","1"
"concept.algebra.factoring-trinomials","factoring trinomials","high-confidence-inferred","1"
"concept.calculus.finite-geometric-sum","finite geometric sum","high-confidence-inferred","1"
"concept.calculus.formula-sheets","formula sheets","high-confidence-inferred","1"
"concept.algebra.function-notation","function notation","high-confidence-inferred","1"
"concept.general.fundamental-theorem-calculus","fundamental theorem calculus","high-confidence-inferred","1"
"concept.general.general","general","high-confidence-inferred","1"
"concept.general.geometric-series","geometric-series","high-confidence-inferred","5"
"concept.general.glossary","glossary","high-confidence-inferred","1"
"concept.algebra.graphing-linear-equations-from-standard-form","graphing linear equations from standard form","high-confidence-inferred","1"
"concept.algebra.graphing-linear-inequalities","graphing linear inequalities","high-confidence-inferred","1"
"concept.algebra.greatest-common-factor","greatest common factor","high-confidence-inferred","1"
"concept.calculus.harmonic-series","harmonic-series","high-confidence-inferred","2"
"concept.general.how-we-verify","how we verify","high-confidence-inferred","1"
"concept.calculus.infinite-geometric-sum","infinite geometric sum","high-confidence-inferred","1"
"concept.calculus.integral","integral","high-confidence-inferred","71"
"concept.general.integration-by-parts","integration-by-parts","high-confidence-inferred","8"
"concept.algebra.interpreting-linear-models","interpreting linear models","high-confidence-inferred","1"
"concept.calculus.interval-of-convergence-example","interval of convergence example","high-confidence-inferred","1"
"concept.algebra.inverse-functions-vs-reciprocals","inverse functions vs reciprocals","high-confidence-inferred","1"
"concept.general.limit","limit","high-confidence-inferred","14"
"concept.algebra.linear-relationships","linear relationships","high-confidence-inferred","1"
"concept.general.local-maximum","local maximum","high-confidence-inferred","1"
"concept.general.local-minimum","local minimum","high-confidence-inferred","1"
"concept.general.math","math","high-confidence-inferred","3"
"concept.algebra.multiply-polynomials","multiply polynomials","high-confidence-inferred","1"
"concept.algebra.no-one-infinite-solutions","no one infinite solutions","high-confidence-inferred","1"
"concept.general.optimization","optimization","high-confidence-inferred","13"
"concept.algebra.order-of-operations-with-variables","order of operations with variables","high-confidence-inferred","1"
"concept.algebra.parallel-perpendicular-lines","parallel perpendicular lines","high-confidence-inferred","1"
"concept.algebra.point-slope-vs-slope-intercept","point slope vs slope intercept","high-confidence-inferred","1"
"concept.algebra.polynomials-factoring","polynomials factoring","high-confidence-inferred","1"
"concept.general.power-series","power-series","high-confidence-inferred","1"
"concept.general.practice","practice","high-confidence-inferred","1"
"concept.calculus.practice-exams","practice exams","high-confidence-inferred","1"
"concept.general.privacy","privacy","high-confidence-inferred","1"
"concept.algebra.radicals-exponents-functions","radicals exponents functions","high-confidence-inferred","1"
"concept.general.radius-of-convergence","radius of convergence","high-confidence-inferred","1"
"concept.calculus.ratio-test-example","ratio test example","high-confidence-inferred","1"
"concept.algebra.rational-domain-restrictions","rational domain restrictions","high-confidence-inferred","1"
"concept.algebra.rational-exponents","rational exponents","high-confidence-inferred","1"
"concept.algebra.rational-expressions","rational expressions","high-confidence-inferred","1"
"concept.general.related-rates","related-rates","high-confidence-inferred","1"
"concept.general.resources","resources","high-confidence-inferred","1"
"concept.calculus.root-test-example","root test example","high-confidence-inferred","1"
"concept.general.search","search","high-confidence-inferred","1"
"concept.general.sequence","sequence","high-confidence-inferred","27"
"concept.general.series","series","high-confidence-inferred","3"
"concept.algebra.simplifying-complex-rational-expressions","simplifying complex rational expressions","high-confidence-inferred","1"
"concept.algebra.simplifying-radicals","simplifying radicals","high-confidence-inferred","1"
"concept.algebra.simplifying-rational-expressions","simplifying rational expressions","high-confidence-inferred","1"
"concept.algebra.slope-as-rate-of-change","slope as rate of change","high-confidence-inferred","1"
"concept.algebra.solving-linear-equations","solving linear equations","high-confidence-inferred","1"
"concept.algebra.solving-radical-equations","solving radical equations","high-confidence-inferred","1"
"concept.algebra.solving-rational-equations","solving rational equations","high-confidence-inferred","1"
"concept.general.source-policy","source policy","high-confidence-inferred","1"
"concept.algebra.special-factor-patterns","special factor patterns","high-confidence-inferred","1"
"concept.general.subjects","subjects","high-confidence-inferred","1"
"concept.algebra.substitution-systems","substitution systems","high-confidence-inferred","1"
"concept.algebra.systems-inequalities","systems inequalities","high-confidence-inferred","1"
"concept.general.taylor-series","taylor-series","high-confidence-inferred","36"
"concept.general.u-substitution","u-substitution","high-confidence-inferred","1"
"concept.algebra.variables-on-both-sides","variables on both sides","high-confidence-inferred","1"
"concept.calculus.visuals","visuals","high-confidence-inferred","1"
"concept.calculus.worked-problems","worked problems","high-confidence-inferred","1"
"concept.calculus.worksheets","worksheets","high-confidence-inferred","1"
