route,page_role,incoming_link_count,click_depth_navigation
"/","home","1007","0"
"/about/","policy","509","1"
"/accessibility/","policy","509","1"
"/corrections/","policy","510","1"
"/editorial-policy/","policy","510","1"
"/glossary/","glossary-hub","0",""
"/glossary/math/conventions/","glossary-term","510","1"
"/glossary/math/improper-integral/","glossary-term","3","2"
"/glossary/math/sequence/","glossary-term","3","2"
"/glossary/math/u-substitution/","glossary-term","3","2"
"/how-we-verify/","policy","510","1"
"/practice/math/","assessment","2","2"
"/privacy/","policy","509","1"
"/search/","search","1534","1"
"/source-policy/","policy","510","1"
"/subjects/math/","subject-hub","992","1"
"/subjects/math/algebra/expressions-equations/evaluating-expressions-by-substitution/","method-guide","2",""
"/subjects/math/algebra/linear-relationships/graphing-linear-equations-from-standard-form/","decision-guide","2",""
"/subjects/math/algebra/polynomials-factoring/completing-the-square/","decision-guide","2",""
"/subjects/math/algebra/radicals-exponents-functions/exponential-growth-and-decay/","decision-guide","2",""
"/subjects/math/algebra/rational-expressions/simplifying-complex-rational-expressions/","method-guide","2",""
"/subjects/math/algebra/systems-inequalities/graphing-linear-inequalities/","decision-guide","2",""
"/subjects/math/calculus/derivative-applications/advanced-cauchy-mvt/","textbook-lesson","4","3"
"/subjects/math/calculus/derivative-applications/advanced-convexity/","textbook-lesson","4","3"
"/subjects/math/calculus/derivative-applications/advanced-newton-convergence/","textbook-lesson","4","3"
"/subjects/math/calculus/derivative-applications/advanced-sensitivity-elasticity/","textbook-lesson","4","3"
"/subjects/math/calculus/derivative-applications/anatomy-of-optimization/","textbook-lesson","6","3"
"/subjects/math/calculus/derivative-applications/approximation-review/","textbook-lesson","7","3"
"/subjects/math/calculus/derivative-applications/closed-interval-method/","textbook-lesson","6","3"
"/subjects/math/calculus/derivative-applications/common-errors/","textbook-lesson","6","3"
"/subjects/math/calculus/derivative-applications/concavity/","textbook-lesson","6","3"
"/subjects/math/calculus/derivative-applications/curve-sketching/","textbook-lesson","6","3"
"/subjects/math/calculus/derivative-applications/derivative-graphs/","textbook-lesson","6","3"
"/subjects/math/calculus/derivative-applications/differentials/","textbook-lesson","6","3"
"/subjects/math/calculus/derivative-applications/error-estimation/","textbook-lesson","6","3"
"/subjects/math/calculus/derivative-applications/first-derivative-test/","textbook-lesson","6","3"
"/subjects/math/calculus/derivative-applications/graph-analysis-story/","textbook-lesson","6","3"
"/subjects/math/calculus/derivative-applications/how-to-translate-word-problems/","textbook-lesson","6","3"
"/subjects/math/calculus/derivative-applications/increasing-decreasing/","textbook-lesson","6","3"
"/subjects/math/calculus/derivative-applications/interpretation-review/","textbook-lesson","7","3"
"/subjects/math/calculus/derivative-applications/interpreting-derivatives/","textbook-lesson","6","3"
"/subjects/math/calculus/derivative-applications/lhopital-infinity-over-infinity/","textbook-lesson","6","3"
"/subjects/math/calculus/derivative-applications/lhopital-is-not-cancellation/","textbook-lesson","6","3"
"/subjects/math/calculus/derivative-applications/lhopital-review/","textbook-lesson","7","3"
"/subjects/math/calculus/derivative-applications/lhopital-zero-over-zero/","textbook-lesson","6","3"
"/subjects/math/calculus/derivative-applications/linearization-practice/","textbook-lesson","6","3"
"/subjects/math/calculus/derivative-applications/manufacturing-tolerance/","textbook-lesson","6","3"
"/subjects/math/calculus/derivative-applications/marginal-analysis/","textbook-lesson","6","3"
"/subjects/math/calculus/derivative-applications/medication-concentration/","textbook-lesson","6","3"
"/subjects/math/calculus/derivative-applications/modeling-studio-review/","textbook-lesson","7","3"
"/subjects/math/calculus/derivative-applications/newtons-method/","textbook-lesson","7","3"
"/subjects/math/calculus/derivative-applications/optimization-business-science/","textbook-lesson","6","3"
"/subjects/math/calculus/derivative-applications/optimization-closed-interval/","textbook-lesson","6","3"
"/subjects/math/calculus/derivative-applications/optimization-geometry/","textbook-lesson","6","3"
"/subjects/math/calculus/derivative-applications/optimization-review/","textbook-lesson","7","3"
"/subjects/math/calculus/derivative-applications/other-indeterminate-forms/","textbook-lesson","6","3"
"/subjects/math/calculus/derivative-applications/position-velocity-acceleration/","textbook-lesson","6","3"
"/subjects/math/calculus/derivative-applications/radar-tracking/","textbook-lesson","6","3"
"/subjects/math/calculus/derivative-applications/rates-from-data/","textbook-lesson","6","3"
"/subjects/math/calculus/derivative-applications/reference/","textbook-lesson","3","3"
"/subjects/math/calculus/derivative-applications/related-rates-angle/","textbook-lesson","6","3"
"/subjects/math/calculus/derivative-applications/related-rates-mixed/","textbook-lesson","6","3"
"/subjects/math/calculus/derivative-applications/related-rates-pythagorean/","textbook-lesson","6","3"
"/subjects/math/calculus/derivative-applications/related-rates-review/","textbook-lesson","7","3"
"/subjects/math/calculus/derivative-applications/related-rates-shadows/","textbook-lesson","6","3"
"/subjects/math/calculus/derivative-applications/related-rates-volume/","textbook-lesson","6","3"
"/subjects/math/calculus/derivative-applications/repeated-lhopital/","textbook-lesson","6","3"
"/subjects/math/calculus/derivative-applications/rolles-theorem/","textbook-lesson","6","3"
"/subjects/math/calculus/derivative-applications/second-derivative-test/","textbook-lesson","6","3"
"/subjects/math/calculus/derivative-applications/speeding-up-slowing-down/","textbook-lesson","6","3"
"/subjects/math/calculus/derivative-applications/stopping-distance/","textbook-lesson","6","3"
"/subjects/math/calculus/derivative-applications/theorems-shape-review/","textbook-lesson","7","3"
"/subjects/math/calculus/derivative-applications/when-not-lhopital/","textbook-lesson","6","3"
"/subjects/math/calculus/derivative-applications/why-linear-approximation-works/","textbook-lesson","6","3"
"/subjects/math/calculus/derivative-applications/why-related-rates-feel-hard/","textbook-lesson","6","3"
"/subjects/math/calculus/derivatives/advanced-chain-rule-linear-maps/","textbook-lesson","4","2"
"/subjects/math/calculus/derivatives/advanced-darboux-derivatives/","textbook-lesson","4","2"
"/subjects/math/calculus/derivatives/advanced-implicit-function-theorem/","textbook-lesson","4","2"
"/subjects/math/calculus/derivatives/advanced-local-linearity-little-o/","textbook-lesson","4","2"
"/subjects/math/calculus/derivatives/chain-exp-log/","textbook-lesson","6","2"
"/subjects/math/calculus/derivatives/chain-rule-basic/","textbook-lesson","6","2"
"/subjects/math/calculus/derivatives/chain-rule-map/","textbook-lesson","6","2"
"/subjects/math/calculus/derivatives/chain-rule-review/","textbook-lesson","7","2"
"/subjects/math/calculus/derivatives/chain-trig/","textbook-lesson","6","2"
"/subjects/math/calculus/derivatives/combined-rules/","textbook-lesson","6","2"
"/subjects/math/calculus/derivatives/core-rules-review/","textbook-lesson","7","2"
"/subjects/math/calculus/derivatives/derivative-at-a-point/","textbook-lesson","6","2"
"/subjects/math/calculus/derivatives/derivative-computation-strategy/","textbook-lesson","6","2"
"/subjects/math/calculus/derivatives/derivative-function/","textbook-lesson","6","2"
"/subjects/math/calculus/derivatives/difference-quotient-algebra/","textbook-lesson","6","2"
"/subjects/math/calculus/derivatives/differentiability-and-continuity/","textbook-lesson","6","2"
"/subjects/math/calculus/derivatives/exponential-e/","textbook-lesson","6","2"
"/subjects/math/calculus/derivatives/foundations-review/","textbook-lesson","7","2"
"/subjects/math/calculus/derivatives/from-graphs-and-tables/","textbook-lesson","6","2"
"/subjects/math/calculus/derivatives/general-exponential/","textbook-lesson","6","2"
"/subjects/math/calculus/derivatives/general-logarithms/","textbook-lesson","6","2"
"/subjects/math/calculus/derivatives/higher-derivative-techniques/","textbook-lesson","6","2"
"/subjects/math/calculus/derivatives/implicit-inverse-review/","textbook-lesson","7","2"
"/subjects/math/calculus/derivatives/implicit-second-derivative/","textbook-lesson","6","2"
"/subjects/math/calculus/derivatives/implicit-tangent-lines/","textbook-lesson","6","2"
"/subjects/math/calculus/derivatives/inverse-function-rule/","textbook-lesson","6","2"
"/subjects/math/calculus/derivatives/inverse-trig/","textbook-lesson","6","2"
"/subjects/math/calculus/derivatives/multiple-chain-layers/","textbook-lesson","6","2"
"/subjects/math/calculus/derivatives/natural-log/","textbook-lesson","6","2"
"/subjects/math/calculus/derivatives/negative-fractional-powers/","textbook-lesson","6","2"
"/subjects/math/calculus/derivatives/notation-and-units/","textbook-lesson","6","2"
"/subjects/math/calculus/derivatives/notation-guide/","textbook-lesson","4","2"
"/subjects/math/calculus/derivatives/other-trig-functions/","textbook-lesson","6","2"
"/subjects/math/calculus/derivatives/product-rule/","textbook-lesson","6","2"
"/subjects/math/calculus/derivatives/quotient-rule/","textbook-lesson","6","2"
"/subjects/math/calculus/derivatives/special-functions-review/","textbook-lesson","7","2"
"/subjects/math/calculus/derivatives/sum-and-constant-multiple-rules/","textbook-lesson","6","2"
"/subjects/math/calculus/derivatives/tangent-line-equation/","textbook-lesson","6","2"
"/subjects/math/calculus/derivatives/unit-2a-common-errors/","textbook-lesson","6","2"
"/subjects/math/calculus/derivatives/unit-2a-reference/","textbook-lesson","3","2"
"/subjects/math/calculus/derivatives/variable-exponents/","textbook-lesson","6","2"
"/subjects/math/calculus/derivatives/what-does-derivative-mean/","textbook-lesson","6","2"
"/subjects/math/calculus/derivatives/what-implicit-means/","textbook-lesson","6","2"
"/subjects/math/calculus/derivatives/why-derivative-rules-work/","textbook-lesson","6","2"
"/subjects/math/calculus/derivatives/why-special-derivatives-are-not-random/","textbook-lesson","6","2"
"/subjects/math/calculus/formula-sheets/","resource-hub","6",""
"/subjects/math/calculus/integrals/average-value-of-a-function/","textbook-lesson","6","2"
"/subjects/math/calculus/integrals/common-errors/","textbook-lesson","4","2"
"/subjects/math/calculus/integrals/definite-integrals-by-substitution/","textbook-lesson","6","2"
"/subjects/math/calculus/integrals/displacement-and-distance/","textbook-lesson","6","2"
"/subjects/math/calculus/integrals/fundamental-theorem-part-one/","textbook-lesson","6","2"
"/subjects/math/calculus/integrals/fundamental-theorem-part-two/","textbook-lesson","6","2"
"/subjects/math/calculus/integrals/improper-integrals-infinite-intervals/","textbook-lesson","6","2"
"/subjects/math/calculus/integrals/improper-integrals-unbounded-functions/","textbook-lesson","6","2"
"/subjects/math/calculus/integrals/indefinite-integrals-and-c/","textbook-lesson","6","2"
"/subjects/math/calculus/integrals/initial-value-problems/","textbook-lesson","6","2"
"/subjects/math/calculus/integrals/integration-strategy/","textbook-lesson","6","2"
"/subjects/math/calculus/integrals/left-right-midpoint-riemann-sums/","textbook-lesson","6","2"
"/subjects/math/calculus/integrals/net-change-theorem/","textbook-lesson","6","2"
"/subjects/math/calculus/integrals/partial-fractions/","textbook-lesson","6","2"
"/subjects/math/calculus/integrals/properties-of-definite-integrals/","textbook-lesson","6","2"
"/subjects/math/calculus/integrals/rates-to-total-change/","textbook-lesson","6","2"
"/subjects/math/calculus/integrals/riemann-sum-limit/","textbook-lesson","6","2"
"/subjects/math/calculus/integrals/simpsons-rule/","textbook-lesson","6","2"
"/subjects/math/calculus/integrals/substitution/","textbook-lesson","6","2"
"/subjects/math/calculus/integrals/trigonometric-integrals/","textbook-lesson","6","2"
"/subjects/math/calculus/integrals/trigonometric-substitution/","textbook-lesson","6","2"
"/subjects/math/calculus/integrals/variable-limits-and-chain-rule/","textbook-lesson","6","2"
"/subjects/math/calculus/integration-applications/choosing-a-volume-method/","textbook-lesson","7","3"
"/subjects/math/calculus/integration-applications/common-errors/","textbook-lesson","5","3"
"/subjects/math/calculus/integration-applications/cylindrical-shells/","textbook-lesson","6","3"
"/subjects/math/calculus/integration-applications/density-and-mass/","textbook-lesson","6","3"
"/subjects/math/calculus/integration-applications/disks-and-washers/","textbook-lesson","6","3"
"/subjects/math/calculus/integration-applications/fluid-pressure/","textbook-lesson","6","3"
"/subjects/math/calculus/integration-applications/horizontal-slices/","textbook-lesson","7","3"
"/subjects/math/calculus/integration-applications/marginal-quantities/","textbook-lesson","6","3"
"/subjects/math/calculus/integration-applications/moments-and-center-of-mass/","textbook-lesson","6","3"
"/subjects/math/calculus/integration-applications/probability-density/","textbook-lesson","6","3"
"/subjects/math/calculus/integration-applications/pumping-liquids/","textbook-lesson","6","3"
"/subjects/math/calculus/integration-applications/spring-work/","textbook-lesson","6","3"
"/subjects/math/calculus/integration-applications/surface-area-of-revolution/","textbook-lesson","7","3"
"/subjects/math/calculus/integration-applications/volumes-by-slicing/","textbook-lesson","6","3"
"/subjects/math/calculus/integration-techniques/integration-by-parts-strategy/","decision-guide","2","3"
"/subjects/math/calculus/limits-continuity/one-sided-limits-and-jump-discontinuities/","method-guide","2","2"
"/subjects/math/calculus/limits-continuity/unit/limits/meaning-review/","textbook-lesson","1","4"
"/subjects/math/calculus/power-series-and-taylor-series/binomial-series/","textbook-lesson","6","3"
"/subjects/math/calculus/power-series-and-taylor-series/common-errors/","textbook-lesson","3","3"
"/subjects/math/calculus/power-series-and-taylor-series/differentiating-and-integrating-power-series/","textbook-lesson","6","3"
"/subjects/math/calculus/power-series-and-taylor-series/endpoint-testing/","textbook-lesson","6","3"
"/subjects/math/calculus/power-series-and-taylor-series/geometric-series-library/","textbook-lesson","6","3"
"/subjects/math/calculus/power-series-and-taylor-series/logarithm-and-arctangent-series/","textbook-lesson","6","3"
"/subjects/math/calculus/power-series-and-taylor-series/maclaurin-series/","textbook-lesson","6","3"
"/subjects/math/calculus/power-series-and-taylor-series/radius-and-interval-of-convergence/","textbook-lesson","6","3"
"/subjects/math/calculus/power-series-and-taylor-series/ratio-test-for-power-series/","textbook-lesson","6","3"
"/subjects/math/calculus/power-series-and-taylor-series/reference-sheet/","textbook-lesson","4","3"
"/subjects/math/calculus/power-series-and-taylor-series/series-for-definite-integrals/","textbook-lesson","6","3"
"/subjects/math/calculus/power-series-and-taylor-series/series-solutions-preview/","textbook-lesson","6","3"
"/subjects/math/calculus/power-series-and-taylor-series/small-angle-physics/","textbook-lesson","6","3"
"/subjects/math/calculus/power-series-and-taylor-series/standard-maclaurin-series/","textbook-lesson","6","3"
"/subjects/math/calculus/power-series-and-taylor-series/taylor-remainder-theorem/","textbook-lesson","6","3"
"/subjects/math/calculus/power-series-and-taylor-series/taylor-series-review/","textbook-lesson","4","3"
"/subjects/math/calculus/practice-exams/","resource-hub","7",""
"/subjects/math/calculus/sequences-and-series/absolute-and-conditional-convergence/","textbook-lesson","6","2"
"/subjects/math/calculus/sequences-and-series/alternating-series-error/","textbook-lesson","6","2"
"/subjects/math/calculus/sequences-and-series/cauchy-criterion-preview/","textbook-lesson","5","2"
"/subjects/math/calculus/sequences-and-series/common-errors/","textbook-lesson","3","2"
"/subjects/math/calculus/sequences-and-series/convergence-tests-review/","textbook-lesson","4","2"
"/subjects/math/calculus/sequences-and-series/direct-comparison-test/","textbook-lesson","6","2"
"/subjects/math/calculus/sequences-and-series/explicit-and-recursive-sequences/","textbook-lesson","6","2"
"/subjects/math/calculus/sequences-and-series/harmonic-and-p-series/","textbook-lesson","6","2"
"/subjects/math/calculus/sequences-and-series/integral-test-remainder-estimates/","textbook-lesson","6","2"
"/subjects/math/calculus/sequences-and-series/limit-comparison-test/","textbook-lesson","6","2"
"/subjects/math/calculus/sequences-and-series/limits-of-sequences/","textbook-lesson","6","2"
"/subjects/math/calculus/sequences-and-series/monotone-and-bounded-sequences/","textbook-lesson","6","2"
"/subjects/math/calculus/sequences-and-series/nth-term-divergence-test/","textbook-lesson","6","2"
"/subjects/math/calculus/sequences-and-series/ratio-test/","textbook-lesson","6","2"
"/subjects/math/calculus/sequences-and-series/reference-sheet/","textbook-lesson","4","2"
"/subjects/math/calculus/sequences-and-series/root-test/","textbook-lesson","6","2"
"/subjects/math/calculus/sequences-and-series/sequence-limit-laws/","textbook-lesson","6","2"
"/subjects/math/calculus/sequences-and-series/sequence-review/","textbook-lesson","4","2"
"/subjects/math/calculus/sequences-and-series/squeeze-theorem-for-sequences/","textbook-lesson","6","2"
"/subjects/math/calculus/sequences-and-series/telescoping-series/","textbook-lesson","6","2"
"/subjects/math/calculus/sequences-series/ratio-test-vs-root-test/","decision-guide","0",""
"/subjects/math/calculus/visuals/","resource-hub","9",""
"/subjects/math/calculus/worked-problems/","resource-hub","31",""
"/subjects/math/calculus/worked-problems/fundamental-theorem-derivative/","worked-problem","3","2"
"/subjects/math/calculus/worked-problems/infinite-geometric-sum/","worked-problem","3","2"
"/subjects/math/calculus/worked-problems/integration-by-parts-log-x/","worked-problem","3","2"
"/subjects/math/calculus/worked-problems/interval-of-convergence-example/","worked-problem","3","2"
"/subjects/math/calculus/worked-problems/nested-chain-rule/","worked-problem","3","2"
"/subjects/math/calculus/worked-problems/one-sided-piecewise-limit/","worked-problem","3","2"
"/subjects/math/calculus/worked-problems/product-plus-chain-rule/","worked-problem","3","2"
"/subjects/math/calculus/worked-problems/quotient-plus-chain-rule/","worked-problem","3","2"
"/subjects/math/calculus/worked-problems/repeated-integration-by-parts/","worked-problem","3","2"
"/subjects/math/calculus/worked-problems/repeating-decimal-as-a-series/","worked-problem","3","2"
"/subjects/math/calculus/worked-problems/shifted-geometric-series/","worked-problem","3","2"
"/subjects/math/calculus/worked-problems/taylor-approximation-error/","worked-problem","3","2"
"/subjects/math/calculus/worked-problems/taylor-polynomial-from-derivatives/","worked-problem","3","2"
"/subjects/math/calculus/worked-problems/taylor-series-from-known-series/","worked-problem","3","2"
"/subjects/math/calculus/worksheets/","resource-hub","35",""
