sourceLessonId,url,conceptId,queryFamily,currentH1,proposedH1,seoTitle,classification,rationale
P0.1,/subjects/math/precalculus/algebra-and-function-readiness/readiness-diagnostic-and-routing/,concept.math.use-diagnostic-evidence-to-identify-which-prerequisite-strands-are-secure-and-which-require-targeted-repair,readiness diagnostic and routing,Readiness diagnostic and routing,Readiness diagnostic and routing,Readiness diagnostic and routing | Better Grades,KEEP_STRONG,Reviewed: title already names a specific searchable mathematical lesson.
P0.2,/subjects/math/precalculus/algebra-and-function-readiness/equation-and-inequality-repair/,concept.math.classify-and-solve-common-equation-and-inequality-families-while-distinguishing-reversible-steps-from-candidate-generating-steps,equation and inequality repair,Equation and inequality repair,Equation and inequality repair,Equation and inequality repair | Better Grades,KEEP_STRONG,Reviewed: title already names a specific searchable mathematical lesson.
P0.3,/subjects/math/precalculus/algebra-and-function-readiness/factoring-and-polynomial-structure-repair/,concept.math.recognize-and-apply-the-principal-factoring-structures-needed-for-polynomial-function-analysis,factoring and polynomial structure repair,Factoring and polynomial structure repair,Factoring and polynomial structure repair,Factoring and polynomial structure repair | Better Grades,KEEP_STRONG,Reviewed: title already names a specific searchable mathematical lesson.
P0.4,/subjects/math/precalculus/algebra-and-function-readiness/rational-expressions-and-restrictions-repair/,concept.math.simplify-and-solve-rational-expressions-while-preserving-every-restriction-from-the-original-form,rational expressions and restrictions repair,Rational expressions and restrictions repair,Rational expressions and restrictions repair,Rational expressions and restrictions repair | Better Grades,KEEP_STRONG,Reviewed: title already names a specific searchable mathematical lesson.
P0.5,/subjects/math/precalculus/algebra-and-function-readiness/radicals-and-rational-exponents-repair/,concept.math.move-among-radical-and-rational-exponent-forms-simplify-exact-values-and-reject-extraneous-candidates,radicals and rational exponents repair,Radicals and rational exponents repair,Radicals and rational exponents repair,Radicals and rational exponents repair | Better Grades,KEEP_STRONG,Reviewed: title already names a specific searchable mathematical lesson.
P0.6,/subjects/math/precalculus/algebra-and-function-readiness/exponential-and-logarithmic-algebra-repair/,concept.math.apply-exponent-and-logarithm-laws-convert-between-inverse-forms-and-solve-basic-equations-with-valid-domains,exponential and logarithmic algebra repair,Exponential and logarithmic algebra repair,Exponential and logarithmic algebra repair,Exponential and logarithmic algebra repair | Better Grades,KEEP_STRONG,Reviewed: title already names a specific searchable mathematical lesson.
P0.7,/subjects/math/precalculus/algebra-and-function-readiness/function-notation-and-graph-reading-repair/,concept.math.evaluate-functions-solve-output-conditions-and-read-domain-range-intercepts-extrema-and-intervals-from-graphs,function notation and graph reading repair,Function notation and graph reading repair,Function notation and graph reading repair,Function notation and graph reading repair | Better Grades,KEEP_STRONG,Reviewed: title already names a specific searchable mathematical lesson.
P0.8,/subjects/math/precalculus/algebra-and-function-readiness/mixed-readiness-synthesis/,concept.math.select-methods-across-prerequisite-strands-justify-restrictions-and-communicate-exact-and-approximate-results,mixed readiness synthesis,Mixed readiness synthesis,Mixed readiness synthesis,Mixed readiness synthesis | Better Grades,KEEP_STRONG,Reviewed: title already names a specific searchable mathematical lesson.
P1.1,/subjects/math/precalculus/functions-and-multiple-representations/quantities-variables-and-dependency/,concept.math.identify-the-input-output-parameters-and-units-in-a-quantitative-relationship-and-explain-how-the-quantities-depend-on-one-another,"quantities, variables, and dependency in functions","Quantities, variables, and dependency","Quantities, Variables, and Dependency in Functions","Quantities, Variables, and Dependency in Functions | Better Grades",RETITLE,Rendered title clarifies the mathematical topic without moving the established URL.
P1.2,/subjects/math/precalculus/functions-and-multiple-representations/relations-and-functions/,concept.math.determine-whether-a-relation-is-a-function-by-applying-the-rule-that-each-allowed-input-has-exactly-one-output,relations and functions across multiple representations,Relations and functions,Relations and Functions Across Multiple Representations,Relations and Functions Across Multiple Representations | Better Grades,RETITLE,Rendered title clarifies the mathematical topic without moving the established URL.
P1.3,/subjects/math/precalculus/functions-and-multiple-representations/function-notation-evaluation-and-solving/,concept.math.use-function-notation-accurately-and-distinguish-finding-an-output-from-finding-inputs-that-produce-a-chosen-output,"function notation, evaluation, and solving","Function notation, evaluation, and solving","Function notation, evaluation, and solving","Function notation, evaluation, and solving | Better Grades",KEEP_STRONG,Reviewed: title already names a specific searchable mathematical lesson.
P1.4,/subjects/math/precalculus/functions-and-multiple-representations/words-tables-graphs-and-formulas/,concept.math.translate-a-function-relationship-among-verbal-tabular-graphical-and-algebraic-representations-while-preserving-quantities-units-and-domain,"representing functions with words, tables, graphs, and formulas","Words, tables, graphs, and formulas","Representing Functions with Words, Tables, Graphs, and Formulas","Representing Functions with Words, Tables, Graphs, and Formulas | Better Grades",RETITLE,Rendered title clarifies the mathematical topic without moving the established URL.
P1.5,/subjects/math/precalculus/functions-and-multiple-representations/domain-from-formulas/,concept.math.determine-the-real-domain-of-a-function-by-combining-denominator-even-root-logarithm-and-composition-restrictions,domain from formulas,Domain from formulas,Domain from formulas,Domain from formulas | Better Grades,KEEP_STRONG,Reviewed: title already names a specific searchable mathematical lesson.
P1.6,/subjects/math/precalculus/functions-and-multiple-representations/domain-from-context/,concept.math.distinguish-the-algebraic-domain-of-a-formula-from-the-inputs-that-are-meaningful-in-a-model,domain from context,Domain from context,Domain from context,Domain from context | Better Grades,KEEP_STRONG,Reviewed: title already names a specific searchable mathematical lesson.
P1.7,/subjects/math/precalculus/functions-and-multiple-representations/range-and-global-graph-behavior/,concept.math.read-range-intercepts-extrema-boundedness-symmetry-and-intervals-of-increase-or-decrease-from-a-graph,range and global graph behavior,Range and global graph behavior,Range and global graph behavior,Range and global graph behavior | Better Grades,KEEP_STRONG,Reviewed: title already names a specific searchable mathematical lesson.
P1.8,/subjects/math/precalculus/functions-and-multiple-representations/piecewise-defined-functions/,concept.math.evaluate-graph-and-interpret-functions-that-use-different-rules-on-different-parts-of-the-domain,piecewise functions across multiple representations,Piecewise-defined functions,Piecewise Functions Across Multiple Representations,Piecewise Functions Across Multiple Representations | Better Grades,RETITLE,Rendered title clarifies the mathematical topic without moving the established URL.
P1.9,/subjects/math/precalculus/functions-and-multiple-representations/average-rate-of-change/,concept.math.calculate-and-interpret-average-rate-of-change-as-output-change-per-input-change-and-as-the-slope-of-a-secant-line,average rate of change,Average rate of change,Average rate of change,Average rate of change | Better Grades,KEEP_STRONG,Reviewed: title already names a specific searchable mathematical lesson.
P1.10,/subjects/math/precalculus/functions-and-multiple-representations/function-representation-and-modeling-studio/,concept.math.construct-compare-and-defend-function-representations-while-stating-assumptions-domain-units-and-limitations,function representation and modeling studio,Function representation and modeling studio,Function representation and modeling studio,Function representation and modeling studio | Better Grades,KEEP_STRONG,Reviewed: title already names a specific searchable mathematical lesson.
P2.1,/subjects/math/precalculus/transformations-and-function-operations/parent-function-atlas/,concept.math.recognize-benchmark-function-families-by-domain-range-symmetry-intercepts-end-behavior-and-rate-patterns,parent-function atlas,Parent-function atlas,Parent-function atlas,Parent-function atlas | Better Grades,KEEP_STRONG,Reviewed: title already names a specific searchable mathematical lesson.
P2.2,/subjects/math/precalculus/transformations-and-function-operations/coordinate-mappings-and-transformation-logic/,concept.math.derive-graph-transformations-by-tracking-how-input-output-pairs-move,coordinate mappings for function transformations,Coordinate mappings and transformation logic,Coordinate Mappings for Function Transformations,Coordinate Mappings for Function Transformations | Better Grades,RETITLE,Rendered title clarifies the mathematical topic without moving the established URL.
P2.3,/subjects/math/precalculus/transformations-and-function-operations/vertical-translations/,concept.math.analyze-how-adding-a-constant-outside-a-function-changes-outputs-range-intercepts-extrema-and-asymptotes,vertical translations,Vertical translations,Vertical translations,Vertical translations | Better Grades,KEEP_STRONG,Reviewed: title already names a specific searchable mathematical lesson.
P2.4,/subjects/math/precalculus/transformations-and-function-operations/horizontal-translations/,concept.math.analyze-how-replacing-x-by-x-h-changes-input-locations-domain-intercepts-extrema-and-vertical-asymptotes,horizontal translations,Horizontal translations,Horizontal translations,Horizontal translations | Better Grades,KEEP_STRONG,Reviewed: title already names a specific searchable mathematical lesson.
P2.5,/subjects/math/precalculus/transformations-and-function-operations/reflections-and-symmetry/,concept.math.reflect-function-graphs-across-coordinate-axes-and-connect-reflection-rules-with-even-and-odd-symmetry,reflections and symmetry,Reflections and symmetry,Reflections and symmetry,Reflections and symmetry | Better Grades,KEEP_STRONG,Reviewed: title already names a specific searchable mathematical lesson.
P2.6,/subjects/math/precalculus/transformations-and-function-operations/vertical-and-horizontal-scaling/,concept.math.distinguish-output-scaling-from-input-scaling-and-determine-the-resulting-stretches-compressions-domains-and-ranges,vertical and horizontal scaling,Vertical and horizontal scaling,Vertical and horizontal scaling,Vertical and horizontal scaling | Better Grades,KEEP_STRONG,Reviewed: title already names a specific searchable mathematical lesson.
P2.7,/subjects/math/precalculus/transformations-and-function-operations/combined-transformations/,concept.math.analyze-and-graph-functions-with-several-transformations-by-tracking-inputs-outputs-and-key-features,combined transformations,Combined transformations,Combined transformations,Combined transformations | Better Grades,KEEP_STRONG,Reviewed: title already names a specific searchable mathematical lesson.
P2.8,/subjects/math/precalculus/transformations-and-function-operations/sums-and-differences-of-functions/,concept.math.add-and-subtract-functions-pointwise-determine-the-common-domain-and-interpret-combined-outputs,sums and differences of functions,Sums and differences of functions,Sums and differences of functions,Sums and differences of functions | Better Grades,KEEP_STRONG,Reviewed: title already names a specific searchable mathematical lesson.
P2.9,/subjects/math/precalculus/transformations-and-function-operations/products-and-quotients-of-functions/,concept.math.multiply-and-divide-functions-pointwise-while-analyzing-zeros-restrictions-and-combined-graph-behavior,products and quotients of functions,Products and quotients of functions,Products and quotients of functions,Products and quotients of functions | Better Grades,KEEP_STRONG,Reviewed: title already names a specific searchable mathematical lesson.
P2.10,/subjects/math/precalculus/transformations-and-function-operations/reconstructing-formulas-from-transformed-graphs/,concept.math.use-parent-family-features-transformations-and-one-or-more-data-points-to-construct-and-verify-a-function-formula,reconstructing formulas from transformed graphs,Reconstructing formulas from transformed graphs,Reconstructing formulas from transformed graphs,Reconstructing formulas from transformed graphs | Better Grades,KEEP_STRONG,Reviewed: title already names a specific searchable mathematical lesson.
P3.1,/subjects/math/precalculus/composition-inverses-and-modeling/composition-as-sequential-processing/,concept.math.interpret-f-composed-with-g-as-applying-g-first-and-then-f-and-explain-why-order-generally-matters,function composition as sequential processing,Composition as sequential processing,Function Composition as Sequential Processing,Function Composition as Sequential Processing | Better Grades,RETITLE,Rendered title clarifies the mathematical topic without moving the established URL.
P3.2,/subjects/math/precalculus/composition-inverses-and-modeling/composition-from-formulas/,concept.math.evaluate-and-simplify-composite-functions-symbolically-while-preserving-grouping-and-domain-conditions,composition from formulas,Composition from formulas,Composition from formulas,Composition from formulas | Better Grades,KEEP_STRONG,Reviewed: title already names a specific searchable mathematical lesson.
P3.3,/subjects/math/precalculus/composition-inverses-and-modeling/composition-from-tables-and-graphs/,concept.math.evaluate-composite-functions-when-one-or-both-functions-are-represented-numerically-or-graphically,composition from tables and graphs,Composition from tables and graphs,Composition from tables and graphs,Composition from tables and graphs | Better Grades,KEEP_STRONG,Reviewed: title already names a specific searchable mathematical lesson.
P3.4,/subjects/math/precalculus/composition-inverses-and-modeling/domains-of-composite-functions/,concept.math.determine-the-domain-of-a-composite-by-enforcing-both-inner-function-and-outer-input-conditions,domains of composite functions,Domains of composite functions,Domains of composite functions,Domains of composite functions | Better Grades,KEEP_STRONG,Reviewed: title already names a specific searchable mathematical lesson.
P3.5,/subjects/math/precalculus/composition-inverses-and-modeling/one-to-one-functions/,concept.math.determine-whether-a-function-is-one-to-one-and-explain-why-one-to-one-behavior-is-required-for-an-inverse-function,one-to-one functions,One-to-one functions,One-to-one functions,One-to-one functions | Better Grades,KEEP_STRONG,Reviewed: title already names a specific searchable mathematical lesson.
P3.6,/subjects/math/precalculus/composition-inverses-and-modeling/constructing-inverse-functions/,concept.math.construct-an-inverse-function-algebraically-and-state-the-swapped-domain-and-range,constructing inverse functions,Constructing inverse functions,Constructing inverse functions,Constructing inverse functions | Better Grades,KEEP_STRONG,Reviewed: title already names a specific searchable mathematical lesson.
P3.7,/subjects/math/precalculus/composition-inverses-and-modeling/graphs-and-verification-of-inverses/,concept.math.verify-inverse-functions-using-composition-and-graph-symmetry-across-y-x,graphs and verification of inverses,Graphs and verification of inverses,Graphs and verification of inverses,Graphs and verification of inverses | Better Grades,KEEP_STRONG,Reviewed: title already names a specific searchable mathematical lesson.
P3.8,/subjects/math/precalculus/composition-inverses-and-modeling/domain-restrictions-and-radical-inverses/,concept.math.restrict-power-functions-to-one-to-one-branches-and-connect-those-branches-to-principal-radical-functions,domain restrictions and radical inverses,Domain restrictions and radical inverses,Domain restrictions and radical inverses,Domain restrictions and radical inverses | Better Grades,KEEP_STRONG,Reviewed: title already names a specific searchable mathematical lesson.
P3.9,/subjects/math/precalculus/composition-inverses-and-modeling/model-construction-and-validation/,concept.math.build-a-multi-stage-function-model-state-its-domain-and-assumptions-and-evaluate-whether-an-inverse-interpretation-is-meaningful,model construction and validation,Model construction and validation,Model construction and validation,Model construction and validation | Better Grades,KEEP_STRONG,Reviewed: title already names a specific searchable mathematical lesson.
P4.1,/subjects/math/precalculus/polynomial-functions/power-functions-and-dominant-behavior/,concept.math.compare-power-functions-f-x-ax-p-and-explain-how-exponent-and-coefficient-control-domain-symmetry-end-behavior-and-growth,power functions and dominant behavior,Power functions and dominant behavior,Power functions and dominant behavior,Power functions and dominant behavior | Better Grades,KEEP_STRONG,Reviewed: title already names a specific searchable mathematical lesson.
P4.2,/subjects/math/precalculus/polynomial-functions/polynomial-functions-degree-and-leading-term/,concept.math.identify-degree-leading-term-coefficients-and-standard-form-and-explain-why-the-leading-term-governs-large-input-behavior,"polynomial functions, degree, and leading term","Polynomial functions, degree, and leading term","Polynomial functions, degree, and leading term","Polynomial functions, degree, and leading term | Better Grades",KEEP_STRONG,Reviewed: title already names a specific searchable mathematical lesson.
P4.3,/subjects/math/precalculus/polynomial-functions/end-behavior/,concept.math.determine-polynomial-end-behavior-from-degree-parity-and-leading-coefficient-and-express-it-verbally-graphically-and-with-limit-style-notation,end behavior,End behavior,End behavior,End behavior | Better Grades,KEEP_STRONG,Reviewed: title already names a specific searchable mathematical lesson.
P4.4,/subjects/math/precalculus/polynomial-functions/zeros-factors-and-intercepts/,concept.math.connect-polynomial-zeros-linear-factors-solutions-and-x-intercepts-and-distinguish-exact-from-approximate-zeros,"zeros, factors, and intercepts","Zeros, factors, and intercepts","Zeros, factors, and intercepts","Zeros, factors, and intercepts | Better Grades",KEEP_STRONG,Reviewed: title already names a specific searchable mathematical lesson.
P4.5,/subjects/math/precalculus/polynomial-functions/multiplicity-and-sign-behavior/,concept.math.relate-the-multiplicity-of-a-zero-to-sign-changes-crossing-or-touching-behavior-and-local-flattening,multiplicity and sign behavior,Multiplicity and sign behavior,Multiplicity and sign behavior,Multiplicity and sign behavior | Better Grades,KEEP_STRONG,Reviewed: title already names a specific searchable mathematical lesson.
P4.6,/subjects/math/precalculus/polynomial-functions/graph-construction-from-structure/,concept.math.construct-a-polynomial-graph-from-degree-leading-coefficient-zeros-multiplicities-sign-intervals-and-selected-points,graph construction from structure,Graph construction from structure,Graph construction from structure,Graph construction from structure | Better Grades,KEEP_STRONG,Reviewed: title already names a specific searchable mathematical lesson.
P4.7,/subjects/math/precalculus/polynomial-functions/turning-points-and-local-versus-global-behavior/,concept.math.use-degree-bounds-graph-evidence-and-function-values-to-analyze-turning-points-and-extrema,turning points and local versus global behavior,Turning points and local versus global behavior,Turning points and local versus global behavior,Turning points and local versus global behavior | Better Grades,KEEP_STRONG,Reviewed: title already names a specific searchable mathematical lesson.
P4.8,/subjects/math/precalculus/polynomial-functions/intermediate-value-reasoning-and-root-bounds/,concept.math.use-polynomial-continuity-and-sign-changes-to-guarantee-roots-and-bracket-them-within-intervals,intermediate value reasoning and root bounds,Intermediate Value reasoning and root bounds,Intermediate Value reasoning and root bounds,Intermediate Value reasoning and root bounds | Better Grades,KEEP_STRONG,Reviewed: title already names a specific searchable mathematical lesson.
P4.9,/subjects/math/precalculus/polynomial-functions/polynomial-division/,concept.math.divide-polynomials-using-long-and-synthetic-division-and-verify-the-division-algorithm-p-dq-r,polynomial division,Polynomial division,Polynomial division,Polynomial division | Better Grades,KEEP_STRONG,Reviewed: title already names a specific searchable mathematical lesson.
P4.10,/subjects/math/precalculus/polynomial-functions/remainder-and-factor-theorems/,concept.math.use-p-c-as-the-remainder-on-division-by-x-c-and-test-whether-x-c-is-a-factor,remainder and factor theorems,Remainder and factor theorems,Remainder and factor theorems,Remainder and factor theorems | Better Grades,KEEP_STRONG,Reviewed: title already names a specific searchable mathematical lesson.
P4.11,/subjects/math/precalculus/polynomial-functions/rational-root-candidates-and-root-search/,concept.math.generate-all-possible-rational-zeros-of-an-integer-coefficient-polynomial-and-organize-an-efficient-exact-and-numerical-search,rational-root candidates and root search,Rational-root candidates and root search,Rational-root candidates and root search,Rational-root candidates and root search | Better Grades,KEEP_STRONG,Reviewed: title already names a specific searchable mathematical lesson.
P4.12,/subjects/math/precalculus/polynomial-functions/complex-zeros-and-the-fundamental-theorem-of-algebra/,concept.math.count-polynomial-zeros-over-the-complex-numbers-use-conjugate-pairs-for-real-coefficients-and-build-real-polynomials-from-complex-roots,complex zeros and the fundamental theorem of algebra,Complex zeros and the Fundamental Theorem of Algebra,Complex zeros and the Fundamental Theorem of Algebra,Complex zeros and the Fundamental Theorem of Algebra | Better Grades,KEEP_STRONG,Reviewed: title already names a specific searchable mathematical lesson.
P4.13,/subjects/math/precalculus/polynomial-functions/building-polynomial-models-and-finding-numerical-roots/,concept.math.construct-polynomial-functions-from-conditions-fit-vertical-scale-and-approximate-roots-that-lack-convenient-exact-forms,building polynomial models and finding numerical roots,Building polynomial models and finding numerical roots,Building polynomial models and finding numerical roots,Building polynomial models and finding numerical roots | Better Grades,KEEP_STRONG,Reviewed: title already names a specific searchable mathematical lesson.
P5.1,/subjects/math/precalculus/rational-functions/rational-functions-and-their-domains/,concept.math.identify-rational-functions-and-determine-all-excluded-inputs-from-the-original-denominator-before-simplifying,rational functions and their domains,Rational functions and their domains,Rational functions and their domains,Rational functions and their domains | Better Grades,KEEP_STRONG,Reviewed: title already names a specific searchable mathematical lesson.
P5.2,/subjects/math/precalculus/rational-functions/equivalent-formulas-different-functions-and-holes/,concept.math.identify-removable-discontinuities-caused-by-common-factors-and-distinguish-formula-equivalence-from-function-equality,"equivalent rational formulas, different domains, and holes","Equivalent formulas, different functions, and holes","Equivalent Rational Formulas, Different Domains, and Holes","Equivalent Rational Formulas, Different Domains, and Holes | Better Grades",RETITLE,Rendered title clarifies the mathematical topic without moving the established URL.
P5.3,/subjects/math/precalculus/rational-functions/vertical-asymptotes-and-local-behavior/,concept.math.determine-vertical-asymptotes-and-describe-one-sided-behavior-from-factor-signs-and-multiplicity,vertical asymptotes and local behavior,Vertical asymptotes and local behavior,Vertical asymptotes and local behavior,Vertical asymptotes and local behavior | Better Grades,KEEP_STRONG,Reviewed: title already names a specific searchable mathematical lesson.
P5.4,/subjects/math/precalculus/rational-functions/horizontal-asymptotes-and-end-behavior/,concept.math.determine-horizontal-asymptotes-from-degree-comparison-and-interpret-them-as-long-run-output-behavior,horizontal asymptotes and end behavior,Horizontal asymptotes and end behavior,Horizontal asymptotes and end behavior,Horizontal asymptotes and end behavior | Better Grades,KEEP_STRONG,Reviewed: title already names a specific searchable mathematical lesson.
P5.5,/subjects/math/precalculus/rational-functions/slant-and-polynomial-asymptotes/,concept.math.use-polynomial-division-to-determine-nonhorizontal-asymptotes-and-describe-the-shrinking-remainder-term,slant and polynomial asymptotes,Slant and polynomial asymptotes,Slant and polynomial asymptotes,Slant and polynomial asymptotes | Better Grades,KEEP_STRONG,Reviewed: title already names a specific searchable mathematical lesson.
P5.6,/subjects/math/precalculus/rational-functions/intercepts-and-sign-charts/,concept.math.find-rational-intercepts-and-determine-positive-and-negative-intervals-using-factored-sign-structure,intercepts and sign charts,Intercepts and sign charts,Intercepts and sign charts,Intercepts and sign charts | Better Grades,KEEP_STRONG,Reviewed: title already names a specific searchable mathematical lesson.
P5.7,/subjects/math/precalculus/rational-functions/complete-rational-graph-construction/,concept.math.construct-a-complete-rational-graph-using-domain-discontinuities-asymptotes-intercepts-signs-and-selected-values,complete rational graph construction,Complete rational graph construction,Complete rational graph construction,Complete rational graph construction | Better Grades,KEEP_STRONG,Reviewed: title already names a specific searchable mathematical lesson.
P5.8,/subjects/math/precalculus/rational-functions/rational-equations-and-function-intersections/,concept.math.solve-rational-equations-and-intersections-exactly-or-numerically-while-rejecting-excluded-candidates,rational equations and function intersections,Rational equations and function intersections,Rational equations and function intersections,Rational equations and function intersections | Better Grades,KEEP_STRONG,Reviewed: title already names a specific searchable mathematical lesson.
P5.9,/subjects/math/precalculus/rational-functions/rational-inequalities/,concept.math.solve-rational-inequalities-using-critical-values-sign-intervals-and-correct-endpoint-inclusion,rational inequalities,Rational inequalities,Rational inequalities,Rational inequalities | Better Grades,KEEP_STRONG,Reviewed: title already names a specific searchable mathematical lesson.
P5.10,/subjects/math/precalculus/rational-functions/variation-and-rational-models/,concept.math.build-and-interpret-direct-inverse-joint-and-combined-variation-models-with-meaningful-parameters-and-domains,variation and rational models,Variation and rational models,Variation and rational models,Variation and rational models | Better Grades,KEEP_STRONG,Reviewed: title already names a specific searchable mathematical lesson.
P5.11,/subjects/math/precalculus/rational-functions/partial-fraction-structure/,concept.math.decompose-proper-rational-functions-with-factorable-denominators-into-simpler-component-fractions-and-verify-recombination,partial-fraction structure in rational functions,Partial-fraction structure,Partial-Fraction Structure in Rational Functions,Partial-Fraction Structure in Rational Functions | Better Grades,RETITLE,Rendered title clarifies the mathematical topic without moving the established URL.
P6.1,/subjects/math/precalculus/exponential-and-logarithmic-functions/additive-versus-multiplicative-change/,concept.math.distinguish-linear-exponential-and-neither-patterns-by-comparing-equal-input-differences-ratios-and-percent-changes,additive vs. multiplicative change in function models,Additive versus multiplicative change,Additive vs. Multiplicative Change in Function Models,Additive vs. Multiplicative Change in Function Models | Better Grades,RETITLE,Rendered title clarifies the mathematical topic without moving the established URL.
P6.2,/subjects/math/precalculus/exponential-and-logarithmic-functions/exponential-functions-and-parameters/,concept.math.analyze-f-x-ab-x-by-interpreting-initial-value-base-multiplier-percent-rate-domain-range-and-asymptote,exponential functions and parameters,Exponential functions and parameters,Exponential functions and parameters,Exponential functions and parameters | Better Grades,KEEP_STRONG,Reviewed: title already names a specific searchable mathematical lesson.
P6.3,/subjects/math/precalculus/exponential-and-logarithmic-functions/exponential-transformations/,concept.math.analyze-transformed-exponential-functions-and-track-asymptotes-domain-range-and-feature-points,exponential transformations,Exponential transformations,Exponential transformations,Exponential transformations | Better Grades,KEEP_STRONG,Reviewed: title already names a specific searchable mathematical lesson.
P6.4,/subjects/math/precalculus/exponential-and-logarithmic-functions/growth-and-decay-models/,concept.math.construct-exponential-models-from-an-initial-value-rate-multiplier-two-points-or-a-known-doubling-or-half-life,advanced growth and decay models in precalculus,Growth and decay models,Advanced Growth and Decay Models in Precalculus,Advanced Growth and Decay Models in Precalculus | Better Grades,RETITLE,Rendered title clarifies the mathematical topic without moving the established URL.
P6.5,/subjects/math/precalculus/exponential-and-logarithmic-functions/compound-interest-and-effective-rate/,concept.math.use-periodic-compounding-models-and-compare-nominal-rates-periodic-rates-compounding-frequency-and-effective-annual-yield,compound interest and effective rate,Compound interest and effective rate,Compound interest and effective rate,Compound interest and effective rate | Better Grades,KEEP_STRONG,Reviewed: title already names a specific searchable mathematical lesson.
P6.6,/subjects/math/precalculus/exponential-and-logarithmic-functions/continuous-growth-and-the-number-e/,concept.math.use-a-t-a0e-kt-for-continuous-proportional-change-and-interpret-the-continuous-rate-parameter-k,continuous growth and the number e,Continuous growth and the number e,Continuous growth and the number e,Continuous growth and the number e | Better Grades,KEEP_STRONG,Reviewed: title already names a specific searchable mathematical lesson.
P6.7,/subjects/math/precalculus/exponential-and-logarithmic-functions/exponential-regression-and-residuals/,concept.math.fit-an-exponential-model-to-data-interpret-parameters-inspect-residuals-and-evaluate-interpolation-and-extrapolation,exponential regression and residuals,Exponential regression and residuals,Exponential regression and residuals,Exponential regression and residuals | Better Grades,KEEP_STRONG,Reviewed: title already names a specific searchable mathematical lesson.
P6.8,/subjects/math/precalculus/exponential-and-logarithmic-functions/logistic-and-bounded-growth/,concept.math.analyze-logistic-growth-qualitatively-and-interpret-initial-value-carrying-capacity-growth-rate-and-inflection-behavior,logistic and bounded growth,Logistic and bounded growth,Logistic and bounded growth,Logistic and bounded growth | Better Grades,KEEP_STRONG,Reviewed: title already names a specific searchable mathematical lesson.
P6.9,/subjects/math/precalculus/exponential-and-logarithmic-functions/logarithms-as-inverse-functions/,concept.math.define-log-base-b-as-the-inverse-of-b-x-convert-between-forms-and-interpret-logarithms-as-exponents,logarithms as inverse functions,Logarithms as inverse functions,Logarithms as inverse functions,Logarithms as inverse functions | Better Grades,KEEP_STRONG,Reviewed: title already names a specific searchable mathematical lesson.
P6.10,/subjects/math/precalculus/exponential-and-logarithmic-functions/logarithmic-graphs-and-transformations/,concept.math.analyze-transformed-logarithmic-functions-including-domain-range-vertical-asymptote-intercepts-and-base-dependent-direction,logarithmic graphs and transformations,Logarithmic graphs and transformations,Logarithmic graphs and transformations,Logarithmic graphs and transformations | Better Grades,KEEP_STRONG,Reviewed: title already names a specific searchable mathematical lesson.
P6.11,/subjects/math/precalculus/exponential-and-logarithmic-functions/logarithm-laws/,concept.math.derive-and-apply-product-quotient-and-power-laws-while-preserving-positive-argument-domains,applying logarithm laws in precalculus models,Logarithm laws,Applying Logarithm Laws in Precalculus Models,Applying Logarithm Laws in Precalculus Models | Better Grades,RETITLE,Rendered title clarifies the mathematical topic without moving the established URL.
P6.12,/subjects/math/precalculus/exponential-and-logarithmic-functions/solving-exponential-equations/,concept.math.solve-exponential-equations-using-common-bases-logarithms-and-numerical-methods-and-interpret-exact-and-approximate-answers,solving exponential equations in precalculus models,Solving exponential equations,Solving Exponential Equations in Precalculus Models,Solving Exponential Equations in Precalculus Models | Better Grades,RETITLE,Rendered title clarifies the mathematical topic without moving the established URL.
P6.13,/subjects/math/precalculus/exponential-and-logarithmic-functions/solving-logarithmic-equations-and-interpreting-inverse-models/,concept.math.solve-logarithmic-equations-reject-invalid-arguments-and-use-logarithms-to-analyze-doubling-time-half-life-and-logarithmic-scales,solving logarithmic equations and interpreting inverse models,Solving logarithmic equations and interpreting inverse models,Solving logarithmic equations and interpreting inverse models,Solving logarithmic equations and interpreting inverse models | Better Grades,KEEP_STRONG,Reviewed: title already names a specific searchable mathematical lesson.
P7.1,/subjects/math/precalculus/systems-matrices-and-multivariable-models/systems-as-intersections-and-models/,concept.math.interpret-a-system-solution-as-an-input-output-point-satisfying-every-equation-and-solve-two-variable-systems-graphically-and-algebraically,systems as intersections and models,Systems as intersections and models,Systems as intersections and models,Systems as intersections and models | Better Grades,KEEP_STRONG,Reviewed: title already names a specific searchable mathematical lesson.
P7.2,/subjects/math/precalculus/systems-matrices-and-multivariable-models/nonlinear-systems/,concept.math.solve-systems-involving-lines-quadratics-circles-rational-exponential-or-other-nonlinear-functions-and-interpret-all-real-intersections,nonlinear systems,Nonlinear systems,Nonlinear systems,Nonlinear systems | Better Grades,KEEP_STRONG,Reviewed: title already names a specific searchable mathematical lesson.
P7.3,/subjects/math/precalculus/systems-matrices-and-multivariable-models/systems-of-inequalities-and-feasible-regions/,concept.math.graph-simultaneous-inequalities-identify-feasible-regions-and-interpret-boundaries-and-vertices,systems of inequalities and feasible regions,Systems of inequalities and feasible regions,Systems of inequalities and feasible regions,Systems of inequalities and feasible regions | Better Grades,KEEP_STRONG,Reviewed: title already names a specific searchable mathematical lesson.
P7.4,/subjects/math/precalculus/systems-matrices-and-multivariable-models/systems-in-three-variables/,concept.math.solve-and-classify-three-variable-linear-systems-and-interpret-their-solutions-as-intersections-of-planes,systems in three variables,Systems in three variables,Systems in three variables,Systems in three variables | Better Grades,KEEP_STRONG,Reviewed: title already names a specific searchable mathematical lesson.
P7.5,/subjects/math/precalculus/systems-matrices-and-multivariable-models/matrix-notation-and-operations/,concept.math.represent-rectangular-arrays-with-matrices-and-perform-dimension-compatible-addition-scalar-multiplication-and-matrix-multiplication,matrix notation and operations,Matrix notation and operations,Matrix notation and operations,Matrix notation and operations | Better Grades,KEEP_STRONG,Reviewed: title already names a specific searchable mathematical lesson.
P7.6,/subjects/math/precalculus/systems-matrices-and-multivariable-models/augmented-matrices-and-row-operations/,concept.math.translate-linear-systems-into-augmented-matrices-and-justify-elementary-row-operations-as-equivalent-system-transformations,augmented matrices and row operations,Augmented matrices and row operations,Augmented matrices and row operations,Augmented matrices and row operations | Better Grades,KEEP_STRONG,Reviewed: title already names a specific searchable mathematical lesson.
P7.7,/subjects/math/precalculus/systems-matrices-and-multivariable-models/gaussian-elimination-and-echelon-form/,concept.math.use-forward-elimination-to-reach-row-echelon-form-and-solve-by-back-substitution,gaussian elimination and echelon form,Gaussian elimination and echelon form,Gaussian elimination and echelon form,Gaussian elimination and echelon form | Better Grades,KEEP_STRONG,Reviewed: title already names a specific searchable mathematical lesson.
P7.8,/subjects/math/precalculus/systems-matrices-and-multivariable-models/gauss-jordan-elimination-and-reduced-row-echelon-form/,concept.math.reduce-matrices-to-rref-and-interpret-pivots-free-variables-rank-and-consistency-directly,gauss-jordan elimination and reduced row-echelon form,Gauss-Jordan elimination and reduced row-echelon form,Gauss-Jordan elimination and reduced row-echelon form,Gauss-Jordan elimination and reduced row-echelon form | Better Grades,KEEP_STRONG,Reviewed: title already names a specific searchable mathematical lesson.
P7.9,/subjects/math/precalculus/systems-matrices-and-multivariable-models/determinants-singularity-and-inverse-matrices/,concept.math.compute-and-interpret-determinants-identify-singular-matrices-and-solve-suitable-systems-with-inverse-matrices,"determinants, singularity, and inverse matrices","Determinants, singularity, and inverse matrices","Determinants, singularity, and inverse matrices","Determinants, singularity, and inverse matrices | Better Grades",KEEP_STRONG,Reviewed: title already names a specific searchable mathematical lesson.
P7.10,/subjects/math/precalculus/systems-matrices-and-multivariable-models/linear-transformations-and-multivariable-modeling/,concept.math.interpret-matrices-as-transformations-of-vectors-and-construct-a-complete-multivariable-model-using-equations-inequalities-and-matrices,linear transformations and multivariable modeling,Linear transformations and multivariable modeling,Linear transformations and multivariable modeling,Linear transformations and multivariable modeling | Better Grades,KEEP_STRONG,Reviewed: title already names a specific searchable mathematical lesson.
P8.1,/subjects/math/precalculus/angles-radians-and-the-unit-circle/directed-rotation-and-coterminal-angles/,concept.math.represent-rotations-in-standard-position-and-generate-all-coterminal-angles,directed rotation and coterminal angles,Directed rotation and coterminal angles,Directed rotation and coterminal angles,Directed rotation and coterminal angles | Better Grades,KEEP_STRONG,Reviewed: title already names a specific searchable mathematical lesson.
P8.2,/subjects/math/precalculus/angles-radians-and-the-unit-circle/degree-measure-and-angular-coordinates/,concept.math.use-degrees-revolutions-and-degree-minute-second-notation-to-measure-and-compare-rotation,degree measure and angular coordinates,Degree measure and angular coordinates,Degree Measure and Angular Coordinates,Degree Measure and Angular Coordinates | Better Grades,RETITLE,Rendered title clarifies the mathematical topic without moving the established URL.
P8.3,/subjects/math/precalculus/angles-radians-and-the-unit-circle/radian-measure-as-normalized-arc-length/,concept.math.define-radian-measure-as-signed-arc-length-divided-by-radius-and-explain-why-it-is-independent-of-circle-size,radians as normalized arc length,Radian measure as normalized arc length,Radians as Normalized Arc Length,Radians as Normalized Arc Length | Better Grades,RETITLE,Rendered title clarifies the mathematical topic without moving the established URL.
P8.4,/subjects/math/precalculus/angles-radians-and-the-unit-circle/arc-length-and-sector-area/,concept.math.derive-and-use-s-r-theta-and-a-1-2-r-2-theta-for-angles-measured-in-radians,arc length and sector area,Arc length and sector area,Arc length and sector area,Arc length and sector area | Better Grades,KEEP_STRONG,Reviewed: title already names a specific searchable mathematical lesson.
P8.5,/subjects/math/precalculus/angles-radians-and-the-unit-circle/angular-speed-and-linear-speed/,concept.math.relate-angular-speed-radius-and-tangential-speed-using-v-r-omega,angular speed and linear speed,Angular speed and linear speed,Angular speed and linear speed,Angular speed and linear speed | Better Grades,KEEP_STRONG,Reviewed: title already names a specific searchable mathematical lesson.
P8.6,/subjects/math/precalculus/angles-radians-and-the-unit-circle/wrapping-the-real-line-around-the-unit-circle/,concept.math.map-any-real-number-t-to-the-unit-circle-point-reached-by-signed-arc-length-t,wrapping the real line around the unit circle,Wrapping the real line around the unit circle,Wrapping the Real Line Around the Unit Circle,Wrapping the Real Line Around the Unit Circle | Better Grades,RETITLE,Rendered title clarifies the mathematical topic without moving the established URL.
P8.7,/subjects/math/precalculus/angles-radians-and-the-unit-circle/sine-and-cosine-as-coordinate-functions/,concept.math.define-cosine-and-sine-as-the-x-and-y-coordinates-of-the-unit-circle-point-p-t,sine and cosine as unit-circle coordinates,Sine and cosine as coordinate functions,Sine and Cosine as Unit-Circle Coordinates,Sine and Cosine as Unit-Circle Coordinates | Better Grades,RETITLE,Rendered title clarifies the mathematical topic without moving the established URL.
P8.8,/subjects/math/precalculus/angles-radians-and-the-unit-circle/exact-values-from-special-triangles/,concept.math.derive-exact-unit-circle-values-from-45-45-90-and-30-60-90-triangles,exact values from special triangles,Exact values from special triangles,Exact values from special triangles,Exact values from special triangles | Better Grades,KEEP_STRONG,Reviewed: title already names a specific searchable mathematical lesson.
P8.9,/subjects/math/precalculus/angles-radians-and-the-unit-circle/reference-angles-quadrants-and-signs/,concept.math.use-reference-angles-and-quadrant-signs-to-evaluate-trigonometric-functions-of-arbitrary-rotations,"reference angles, quadrants, and signs","Reference angles, quadrants, and signs","Reference angles, quadrants, and signs","Reference angles, quadrants, and signs | Better Grades",KEEP_STRONG,Reviewed: title already names a specific searchable mathematical lesson.
P8.10,/subjects/math/precalculus/angles-radians-and-the-unit-circle/tangent-and-the-reciprocal-functions/,concept.math.define-tangent-cotangent-secant-and-cosecant-from-sine-and-cosine-and-state-domains-signs-periods-and-identities,tangent and the reciprocal functions,Tangent and the reciprocal functions,Tangent and the reciprocal functions,Tangent and the reciprocal functions | Better Grades,KEEP_STRONG,Reviewed: title already names a specific searchable mathematical lesson.
P9.1,/subjects/math/precalculus/trigonometric-functions-and-periodic-models/building-the-sine-graph-from-circular-motion/,concept.math.construct-y-sin-t-from-the-vertical-coordinate-of-a-rotating-unit-circle-point,building the sine graph from circular motion,Building the sine graph from circular motion,Building the sine graph from circular motion,Building the sine graph from circular motion | Better Grades,KEEP_STRONG,Reviewed: title already names a specific searchable mathematical lesson.
P9.2,/subjects/math/precalculus/trigonometric-functions-and-periodic-models/building-the-cosine-graph-from-circular-motion/,concept.math.construct-y-cos-t-from-the-horizontal-coordinate-of-circular-motion-and-compare-it-with-sine,building the cosine graph from circular motion,Building the cosine graph from circular motion,Building the cosine graph from circular motion,Building the cosine graph from circular motion | Better Grades,KEEP_STRONG,Reviewed: title already names a specific searchable mathematical lesson.
P9.3,/subjects/math/precalculus/trigonometric-functions-and-periodic-models/amplitude-reflection-and-midline/,concept.math.interpret-a-and-d-in-y-a-sin-x-d-or-y-a-cos-x-d,"amplitude, reflection, and midline in sinusoidal graphs","Amplitude, reflection, and midline","Amplitude, Reflection, and Midline in Sinusoidal Graphs","Amplitude, Reflection, and Midline in Sinusoidal Graphs | Better Grades",RETITLE,Rendered title clarifies the mathematical topic without moving the established URL.
P9.4,/subjects/math/precalculus/trigonometric-functions-and-periodic-models/period-frequency-and-angular-frequency/,concept.math.relate-inside-scale-b-to-period-ordinary-frequency-and-angular-frequency,"period, frequency, and angular frequency","Period, frequency, and angular frequency","Period, frequency, and angular frequency","Period, frequency, and angular frequency | Better Grades",KEEP_STRONG,Reviewed: title already names a specific searchable mathematical lesson.
P9.5,/subjects/math/precalculus/trigonometric-functions-and-periodic-models/phase-shift-and-timing/,concept.math.interpret-b-x-c-as-a-horizontal-timing-shift-and-recover-c-from-graph-or-context,phase shift and timing,Phase shift and timing,Phase shift and timing,Phase shift and timing | Better Grades,KEEP_STRONG,Reviewed: title already names a specific searchable mathematical lesson.
P9.6,/subjects/math/precalculus/trigonometric-functions-and-periodic-models/the-general-sinusoidal-function/,concept.math.build-and-analyze-y-a-sin-b-x-c-d-and-equivalent-cosine-forms,the general sinusoidal function and its parameters,The general sinusoidal function,The General Sinusoidal Function and Its Parameters,The General Sinusoidal Function and Its Parameters | Better Grades,RETITLE,Rendered title clarifies the mathematical topic without moving the established URL.
P9.7,/subjects/math/precalculus/trigonometric-functions-and-periodic-models/tangent-and-cotangent-graphs/,concept.math.derive-tangent-and-cotangent-graphs-from-quotient-definitions-zeros-asymptotes-and-period-pi,tangent and cotangent graphs,Tangent and cotangent graphs,Tangent and cotangent graphs,Tangent and cotangent graphs | Better Grades,KEEP_STRONG,Reviewed: title already names a specific searchable mathematical lesson.
P9.8,/subjects/math/precalculus/trigonometric-functions-and-periodic-models/secant-and-cosecant-graphs/,concept.math.construct-secant-and-cosecant-graphs-as-reciprocals-of-cosine-and-sine,secant and cosecant graphs,Secant and cosecant graphs,Secant and cosecant graphs,Secant and cosecant graphs | Better Grades,KEEP_STRONG,Reviewed: title already names a specific searchable mathematical lesson.
P9.9,/subjects/math/precalculus/trigonometric-functions-and-periodic-models/symmetry-periodicity-and-the-six-function-family/,concept.math.compare-domains-ranges-parity-periods-zeros-and-asymptotes-of-all-six-trig-functions,symmetry and periodicity across the six trigonometric functions,"Symmetry, periodicity, and the six-function family",Symmetry and Periodicity Across the Six Trigonometric Functions,Symmetry and Periodicity Across the Six Trigonometric Functions | Better Grades,RETITLE,Rendered title clarifies the mathematical topic without moving the established URL.
P9.10,/subjects/math/precalculus/trigonometric-functions-and-periodic-models/inverse-trigonometric-functions-and-branch-restrictions/,concept.math.define-inverse-sine-cosine-and-tangent-using-one-to-one-branches-and-principal-value-ranges,inverse trigonometric functions and branch restrictions,Inverse trigonometric functions and branch restrictions,Inverse trigonometric functions and branch restrictions,Inverse trigonometric functions and branch restrictions | Better Grades,KEEP_STRONG,Reviewed: title already names a specific searchable mathematical lesson.
P9.11,/subjects/math/precalculus/trigonometric-functions-and-periodic-models/basic-trigonometric-equations/,concept.math.solve-sin-x-k-cos-x-k-and-tan-x-k-using-exact-values-inverse-functions-periodicity-and-interval-restrictions,basic trigonometric equations,Basic trigonometric equations,Basic trigonometric equations,Basic trigonometric equations | Better Grades,KEEP_STRONG,Reviewed: title already names a specific searchable mathematical lesson.
P9.12,/subjects/math/precalculus/trigonometric-functions-and-periodic-models/sinusoidal-modeling-and-regression/,concept.math.fit-and-critique-sinusoidal-models-using-amplitude-midline-period-phase-residuals-and-domain,sinusoidal modeling and regression,Sinusoidal modeling and regression,Sinusoidal modeling and regression,Sinusoidal modeling and regression | Better Grades,KEEP_STRONG,Reviewed: title already names a specific searchable mathematical lesson.
P10.1,/subjects/math/precalculus/trigonometric-identities-and-equations/identities-equations-and-proof-strategy/,concept.math.distinguish-identities-from-conditional-equations-and-use-valid-one-sided-transformation-strategies,"trigonometric identities, equations, and proof strategy","Identities, equations, and proof strategy","Trigonometric Identities, Equations, and Proof Strategy","Trigonometric Identities, Equations, and Proof Strategy | Better Grades",RETITLE,Rendered title clarifies the mathematical topic without moving the established URL.
P10.2,/subjects/math/precalculus/trigonometric-identities-and-equations/reciprocal-quotient-and-pythagorean-identities/,concept.math.derive-and-apply-the-fundamental-trig-identities-from-unit-circle-coordinates,"reciprocal, quotient, and pythagorean identities","Reciprocal, quotient, and Pythagorean identities","Reciprocal, quotient, and Pythagorean identities","Reciprocal, quotient, and Pythagorean identities | Better Grades",KEEP_STRONG,Reviewed: title already names a specific searchable mathematical lesson.
P10.3,/subjects/math/precalculus/trigonometric-identities-and-equations/verifying-identities-strategically/,concept.math.select-factoring-common-denominators-conjugates-or-sine-cosine-conversion-to-verify-identities,verifying identities strategically,Verifying identities strategically,Verifying identities strategically,Verifying identities strategically | Better Grades,KEEP_STRONG,Reviewed: title already names a specific searchable mathematical lesson.
P10.4,/subjects/math/precalculus/trigonometric-identities-and-equations/sum-and-difference-formulas/,concept.math.derive-and-apply-sine-cosine-and-tangent-sum-and-difference-formulas,trigonometric sum and difference formulas,Sum and difference formulas,Trigonometric Sum and Difference Formulas,Trigonometric Sum and Difference Formulas | Better Grades,RETITLE,Rendered title clarifies the mathematical topic without moving the established URL.
P10.5,/subjects/math/precalculus/trigonometric-identities-and-equations/double-angle-formulas/,concept.math.derive-and-use-double-angle-identities-including-three-equivalent-cosine-forms,double-angle formulas,Double-angle formulas,Double-angle formulas,Double-angle formulas | Better Grades,KEEP_STRONG,Reviewed: title already names a specific searchable mathematical lesson.
P10.6,/subjects/math/precalculus/trigonometric-identities-and-equations/half-angle-and-power-reduction-formulas/,concept.math.derive-half-angle-and-power-reduction-identities-and-select-signs-using-quadrant-information,half-angle and power-reduction formulas,Half-angle and power-reduction formulas,Half-angle and power-reduction formulas,Half-angle and power-reduction formulas | Better Grades,KEEP_STRONG,Reviewed: title already names a specific searchable mathematical lesson.
P10.7,/subjects/math/precalculus/trigonometric-identities-and-equations/product-to-sum-and-sum-to-product-formulas/,concept.math.convert-products-and-sums-of-trig-functions-to-alternate-forms-and-interpret-signal-combinations,product-to-sum and sum-to-product formulas,Product-to-sum and sum-to-product formulas,Product-to-sum and sum-to-product formulas,Product-to-sum and sum-to-product formulas | Better Grades,KEEP_STRONG,Reviewed: title already names a specific searchable mathematical lesson.
P10.8,/subjects/math/precalculus/trigonometric-identities-and-equations/equations-using-fundamental-identities/,concept.math.solve-trig-equations-by-converting-functions-factoring-and-applying-fundamental-identities,solving trigonometric equations with fundamental identities,Equations using fundamental identities,Solving Trigonometric Equations with Fundamental Identities,Solving Trigonometric Equations with Fundamental Identities | Better Grades,RETITLE,Rendered title clarifies the mathematical topic without moving the established URL.
P10.9,/subjects/math/precalculus/trigonometric-identities-and-equations/quadratic-form-trigonometric-equations/,concept.math.use-substitution-and-algebraic-solving-for-equations-quadratic-in-a-trig-function,quadratic-form trigonometric equations,Quadratic-form trigonometric equations,Quadratic-form trigonometric equations,Quadratic-form trigonometric equations | Better Grades,KEEP_STRONG,Reviewed: title already names a specific searchable mathematical lesson.
P10.10,/subjects/math/precalculus/trigonometric-identities-and-equations/multiple-angle-equations/,concept.math.solve-equations-involving-sin-nx-cos-nx-or-tan-nx-and-translate-solution-families-back-to-x,multiple-angle equations,Multiple-angle equations,Multiple-angle equations,Multiple-angle equations | Better Grades,KEEP_STRONG,Reviewed: title already names a specific searchable mathematical lesson.
P10.11,/subjects/math/precalculus/trigonometric-identities-and-equations/general-solutions-and-interval-restrictions/,concept.math.write-complete-periodic-solution-families-and-extract-all-solutions-from-specified-intervals,general solutions and interval restrictions,General solutions and interval restrictions,General solutions and interval restrictions,General solutions and interval restrictions | Better Grades,KEEP_STRONG,Reviewed: title already names a specific searchable mathematical lesson.
P10.12,/subjects/math/precalculus/trigonometric-identities-and-equations/exact-and-numerical-trigonometric-equation-solving/,concept.math.use-graphing-bracketing-and-numerical-methods-for-trig-equations-without-convenient-exact-solutions,exact and numerical trigonometric equation solving,Exact and numerical trigonometric equation solving,Exact and numerical trigonometric equation solving,Exact and numerical trigonometric equation solving | Better Grades,KEEP_STRONG,Reviewed: title already names a specific searchable mathematical lesson.
P11.1,/subjects/math/precalculus/triangle-trigonometry-and-vectors/right-triangles-and-trigonometric-ratios/,concept.math.connect-unit-circle-trig-definitions-with-ratios-in-similar-right-triangles,right triangles and trigonometric ratios,Right triangles and trigonometric ratios,Right triangles and trigonometric ratios,Right triangles and trigonometric ratios | Better Grades,KEEP_STRONG,Reviewed: title already names a specific searchable mathematical lesson.
P11.2,/subjects/math/precalculus/triangle-trigonometry-and-vectors/right-triangle-applications/,concept.math.model-heights-distances-slopes-and-angles-of-elevation-or-depression,right-triangle applications,Right-triangle applications,Right-triangle applications,Right-triangle applications | Better Grades,KEEP_STRONG,Reviewed: title already names a specific searchable mathematical lesson.
P11.3,/subjects/math/precalculus/triangle-trigonometry-and-vectors/the-law-of-sines/,concept.math.derive-and-apply-the-law-of-sines-to-asa-aas-and-suitable-ssa-triangles,the law of sines,The Law of Sines,The Law of Sines,The Law of Sines | Better Grades,KEEP_STRONG,Reviewed: title already names a specific searchable mathematical lesson.
P11.4,/subjects/math/precalculus/triangle-trigonometry-and-vectors/the-ambiguous-ssa-case/,concept.math.determine-whether-ssa-data-produce-zero-one-or-two-triangles,the ambiguous ssa case,The ambiguous SSA case,The ambiguous SSA case,The ambiguous SSA case | Better Grades,KEEP_STRONG,Reviewed: title already names a specific searchable mathematical lesson.
P11.5,/subjects/math/precalculus/triangle-trigonometry-and-vectors/the-law-of-cosines/,concept.math.use-the-law-of-cosines-for-sas-and-sss-data-and-connect-it-to-the-pythagorean-theorem,the law of cosines,The Law of Cosines,The Law of Cosines,The Law of Cosines | Better Grades,KEEP_STRONG,Reviewed: title already names a specific searchable mathematical lesson.
P11.6,/subjects/math/precalculus/triangle-trigonometry-and-vectors/triangle-area-formulas/,concept.math.use-k-1-2-ab-sin-c-and-compare-with-base-height-and-heron-forms,triangle area formulas,Triangle area formulas,Triangle area formulas,Triangle area formulas | Better Grades,KEEP_STRONG,Reviewed: title already names a specific searchable mathematical lesson.
P11.7,/subjects/math/precalculus/triangle-trigonometry-and-vectors/bearings-and-navigation/,concept.math.translate-among-standard-angles-quadrant-bearings-headings-and-triangle-or-component-models,bearings and navigation,Bearings and navigation,Bearings and navigation,Bearings and navigation | Better Grades,KEEP_STRONG,Reviewed: title already names a specific searchable mathematical lesson.
P11.8,/subjects/math/precalculus/triangle-trigonometry-and-vectors/vectors-geometrically-and-in-components/,concept.math.represent-vectors-by-magnitude-and-direction-add-them-geometrically-and-convert-to-components,vectors geometrically and in components,Vectors geometrically and in components,Vectors geometrically and in components,Vectors geometrically and in components | Better Grades,KEEP_STRONG,Reviewed: title already names a specific searchable mathematical lesson.
P11.9,/subjects/math/precalculus/triangle-trigonometry-and-vectors/vector-operations-magnitude-direction-and-unit-vectors/,concept.math.use-scalar-multiplication-normalization-and-component-resolution,"vector operations, magnitude, direction, and unit vectors","Vector operations, magnitude, direction, and unit vectors","Vector operations, magnitude, direction, and unit vectors","Vector operations, magnitude, direction, and unit vectors | Better Grades",KEEP_STRONG,Reviewed: title already names a specific searchable mathematical lesson.
P11.10,/subjects/math/precalculus/triangle-trigonometry-and-vectors/dot-product-angles-and-projection/,concept.math.use-the-dot-product-to-find-angles-test-orthogonality-and-calculate-projections,"dot product, angles, and projection","Dot product, angles, and projection","Dot product, angles, and projection","Dot product, angles, and projection | Better Grades",KEEP_STRONG,Reviewed: title already names a specific searchable mathematical lesson.
P12.1,/subjects/math/precalculus/conic-sections-and-implicit-relations/conics-as-loci-and-the-circle-foundation/,concept.math.define-loci-by-distance-conditions-and-derive-the-standard-circle-equation,conic sections as loci: the circle foundation,Conics as loci and the circle foundation,Conic Sections as Loci: The Circle Foundation,Conic Sections as Loci: The Circle Foundation | Better Grades,RETITLE,Rendered title clarifies the mathematical topic without moving the established URL.
P12.2,/subjects/math/precalculus/conic-sections-and-implicit-relations/parabolas-from-focus-and-directrix/,concept.math.derive-and-analyze-parabolas-as-points-equidistant-from-a-focus-and-directrix,parabolas from focus and directrix,Parabolas from focus and directrix,Parabolas from focus and directrix,Parabolas from focus and directrix | Better Grades,KEEP_STRONG,Reviewed: title already names a specific searchable mathematical lesson.
P12.3,/subjects/math/precalculus/conic-sections-and-implicit-relations/ellipses/,concept.math.analyze-ellipses-from-constant-sum-distance-and-standard-equations,ellipses,Ellipses,Ellipses,Ellipses | Better Grades,KEEP_STRONG,Reviewed: title already names a specific searchable mathematical lesson.
P12.4,/subjects/math/precalculus/conic-sections-and-implicit-relations/hyperbolas/,concept.math.analyze-hyperbolas-from-constant-difference-distance-and-standard-equations,hyperbolas,Hyperbolas,Hyperbolas,Hyperbolas | Better Grades,KEEP_STRONG,Reviewed: title already names a specific searchable mathematical lesson.
P12.5,/subjects/math/precalculus/conic-sections-and-implicit-relations/completing-squares-in-two-variables/,concept.math.convert-general-quadratic-relations-to-standard-conic-form-by-completing-squares,completing squares in two variables,Completing squares in two variables,Completing squares in two variables,Completing squares in two variables | Better Grades,KEEP_STRONG,Reviewed: title already names a specific searchable mathematical lesson.
P12.6,/subjects/math/precalculus/conic-sections-and-implicit-relations/translated-conics-and-general-equations/,concept.math.classify-translated-conics-and-recover-all-geometric-features-from-standard-form,translated conic sections and general equations,Translated conics and general equations,Translated Conic Sections and General Equations,Translated Conic Sections and General Equations | Better Grades,RETITLE,Rendered title clarifies the mathematical topic without moving the established URL.
P12.7,/subjects/math/precalculus/conic-sections-and-implicit-relations/degenerate-conics-and-classification/,concept.math.identify-point-line-pair-of-lines-empty-set-and-other-degenerate-quadratic-relations,degenerate conics and classification,Degenerate conics and classification,Degenerate conics and classification,Degenerate conics and classification | Better Grades,KEEP_STRONG,Reviewed: title already names a specific searchable mathematical lesson.
P12.8,/subjects/math/precalculus/conic-sections-and-implicit-relations/eccentricity-and-unified-conic-structure/,concept.math.use-eccentricity-to-compare-circles-ellipses-parabolas-and-hyperbolas,eccentricity and unified conic structure,Eccentricity and unified conic structure,Eccentricity and unified conic structure,Eccentricity and unified conic structure | Better Grades,KEEP_STRONG,Reviewed: title already names a specific searchable mathematical lesson.
P12.9,/subjects/math/precalculus/conic-sections-and-implicit-relations/nonlinear-systems-involving-conics/,concept.math.solve-and-interpret-intersections-of-lines-circles-parabolas-ellipses-and-hyperbolas,nonlinear systems involving conics,Nonlinear systems involving conics,Nonlinear systems involving conics,Nonlinear systems involving conics | Better Grades,KEEP_STRONG,Reviewed: title already names a specific searchable mathematical lesson.
P12.10,/subjects/math/precalculus/conic-sections-and-implicit-relations/conic-models-and-applications/,concept.math.construct-and-critique-conic-models-in-reflection-orbit-architecture-and-navigation-settings,conic models and applications,Conic models and applications,Conic models and applications,Conic models and applications | Better Grades,KEEP_STRONG,Reviewed: title already names a specific searchable mathematical lesson.
P13.1,/subjects/math/precalculus/parametric-polar-and-complex-representations/parametric-equations-and-orientation/,concept.math.interpret-x-f-t-y-g-t-as-a-directed-path-with-a-parameter-interval,parametric equations and orientation,Parametric equations and orientation,Parametric equations and orientation,Parametric equations and orientation | Better Grades,KEEP_STRONG,Reviewed: title already names a specific searchable mathematical lesson.
P13.2,/subjects/math/precalculus/parametric-polar-and-complex-representations/eliminating-a-parameter/,concept.math.eliminate-parameters-while-preserving-interval-restrictions-and-lost-orientation-information,eliminating a parameter,Eliminating a parameter,Eliminating a parameter,Eliminating a parameter | Better Grades,KEEP_STRONG,Reviewed: title already names a specific searchable mathematical lesson.
P13.3,/subjects/math/precalculus/parametric-polar-and-complex-representations/parametric-motion-and-vector-valued-position/,concept.math.use-r-t-x-t-y-t-to-describe-position-displacement-and-average-velocity,parametric motion and vector-valued position,Parametric motion and vector-valued position,Parametric motion and vector-valued position,Parametric motion and vector-valued position | Better Grades,KEEP_STRONG,Reviewed: title already names a specific searchable mathematical lesson.
P13.4,/subjects/math/precalculus/parametric-polar-and-complex-representations/intersections-repeated-points-and-multiple-parameter-values/,concept.math.distinguish-curve-intersections-from-self-intersections-and-repeated-positions,"intersections, repeated points, and multiple parameter values","Intersections, repeated points, and multiple parameter values","Intersections, repeated points, and multiple parameter values","Intersections, repeated points, and multiple parameter values | Better Grades",KEEP_STRONG,Reviewed: title already names a specific searchable mathematical lesson.
P13.5,/subjects/math/precalculus/parametric-polar-and-complex-representations/polar-coordinates-and-nonuniqueness/,concept.math.represent-points-as-r-theta-use-negative-radius-and-generate-equivalent-polar-coordinates,polar coordinates and nonuniqueness,Polar coordinates and nonuniqueness,Polar coordinates and nonuniqueness,Polar coordinates and nonuniqueness | Better Grades,KEEP_STRONG,Reviewed: title already names a specific searchable mathematical lesson.
P13.6,/subjects/math/precalculus/parametric-polar-and-complex-representations/cartesian-and-polar-conversion/,concept.math.convert-points-and-equations-using-x-r-cos-theta-y-r-sin-theta-and-r-2-x-2-y-2,cartesian and polar conversion,Cartesian and polar conversion,Cartesian and polar conversion,Cartesian and polar conversion | Better Grades,KEEP_STRONG,Reviewed: title already names a specific searchable mathematical lesson.
P13.7,/subjects/math/precalculus/parametric-polar-and-complex-representations/graphing-polar-equations/,concept.math.trace-r-f-theta-using-tables-signed-radius-and-interval-selection,graphing polar equations,Graphing polar equations,Graphing polar equations,Graphing polar equations | Better Grades,KEEP_STRONG,Reviewed: title already names a specific searchable mathematical lesson.
P13.8,/subjects/math/precalculus/parametric-polar-and-complex-representations/polar-symmetry-and-repeated-tracing/,concept.math.test-symmetry-and-choose-intervals-that-trace-a-polar-curve-exactly-once,polar symmetry and repeated tracing,Polar symmetry and repeated tracing,Polar symmetry and repeated tracing,Polar symmetry and repeated tracing | Better Grades,KEEP_STRONG,Reviewed: title already names a specific searchable mathematical lesson.
P13.9,/subjects/math/precalculus/parametric-polar-and-complex-representations/common-polar-families-and-polar-conics/,concept.math.analyze-parameter-effects-in-circles-cardioids-limacons-roses-lemniscates-spirals-and-conics,common polar families and polar conics,Common polar families and polar conics,Common polar families and polar conics,Common polar families and polar conics | Better Grades,KEEP_STRONG,Reviewed: title already names a specific searchable mathematical lesson.
P13.10,/subjects/math/precalculus/parametric-polar-and-complex-representations/complex-numbers-in-polar-form/,concept.math.represent-complex-numbers-by-modulus-and-argument-and-convert-between-rectangular-and-polar-forms,complex numbers in polar form,Complex numbers in polar form,Complex numbers in polar form,Complex numbers in polar form | Better Grades,KEEP_STRONG,Reviewed: title already names a specific searchable mathematical lesson.
P13.11,/subjects/math/precalculus/parametric-polar-and-complex-representations/complex-multiplication-division-and-powers/,concept.math.multiply-moduli-add-arguments-divide-moduli-subtract-arguments-and-apply-de-moivres-theorem,"complex multiplication, division, and powers","Complex multiplication, division, and powers","Complex multiplication, division, and powers","Complex multiplication, division, and powers | Better Grades",KEEP_STRONG,Reviewed: title already names a specific searchable mathematical lesson.
P13.12,/subjects/math/precalculus/parametric-polar-and-complex-representations/roots-of-complex-numbers/,concept.math.find-all-nth-roots-of-a-complex-number-and-interpret-their-equal-angular-spacing,roots of complex numbers,Roots of complex numbers,Roots of complex numbers,Roots of complex numbers | Better Grades,KEEP_STRONG,Reviewed: title already names a specific searchable mathematical lesson.
P14.1,/subjects/math/precalculus/sequences-series-and-discrete-models/sequences-as-discrete-functions/,concept.math.interpret-a-sequence-as-a-function-on-an-integer-index-set,sequences as discrete functions,Sequences as discrete functions,Sequences as discrete functions,Sequences as discrete functions | Better Grades,KEEP_STRONG,Reviewed: title already names a specific searchable mathematical lesson.
P14.2,/subjects/math/precalculus/sequences-series-and-discrete-models/explicit-and-recursive-descriptions/,concept.math.move-among-term-lists-explicit-formulas-recursive-rules-tables-and-plots,explicit vs. recursive sequence definitions,Explicit and recursive descriptions,Explicit vs. Recursive Sequence Definitions,Explicit vs. Recursive Sequence Definitions | Better Grades,RETITLE,Rendered title clarifies the mathematical topic without moving the established URL.
P14.3,/subjects/math/precalculus/sequences-series-and-discrete-models/arithmetic-sequences/,concept.math.derive-and-use-a-n-a-1-n-1-d-and-connect-arithmetic-sequences-to-sampled-linear-functions,arithmetic sequences,Arithmetic sequences,Arithmetic sequences,Arithmetic sequences | Better Grades,KEEP_STRONG,Reviewed: title already names a specific searchable mathematical lesson.
P14.4,/subjects/math/precalculus/sequences-series-and-discrete-models/geometric-sequences/,concept.math.derive-and-use-a-n-a-1r-n-1-and-connect-geometric-sequences-to-sampled-exponential-functions,geometric sequences,Geometric sequences,Geometric sequences,Geometric sequences | Better Grades,KEEP_STRONG,Reviewed: title already names a specific searchable mathematical lesson.
P14.5,/subjects/math/precalculus/sequences-series-and-discrete-models/recurrence-iteration-and-discrete-dynamical-models/,concept.math.analyze-repeated-function-application-fixed-points-cycles-and-qualitative-long-run-behavior,"recurrence, iteration, and discrete dynamical models","Recurrence, iteration, and discrete dynamical models","Recurrence, iteration, and discrete dynamical models","Recurrence, iteration, and discrete dynamical models | Better Grades",KEEP_STRONG,Reviewed: title already names a specific searchable mathematical lesson.
P14.6,/subjects/math/precalculus/sequences-series-and-discrete-models/sigma-notation-and-finite-sums/,concept.math.interpret-summation-notation-index-bounds-summands-and-term-counts,sigma notation and finite sums,Sigma notation and finite sums,Sigma notation and finite sums,Sigma notation and finite sums | Better Grades,KEEP_STRONG,Reviewed: title already names a specific searchable mathematical lesson.
P14.7,/subjects/math/precalculus/sequences-series-and-discrete-models/arithmetic-series/,concept.math.derive-and-use-s-n-n-a-1-a-n-2,arithmetic series,Arithmetic series,Arithmetic series,Arithmetic series | Better Grades,KEEP_STRONG,Reviewed: title already names a specific searchable mathematical lesson.
P14.8,/subjects/math/precalculus/sequences-series-and-discrete-models/finite-geometric-series/,concept.math.derive-and-use-s-n-a-1-1-r-n-1-r,finite geometric series,Finite geometric series,Finite geometric series,Finite geometric series | Better Grades,KEEP_STRONG,Reviewed: title already names a specific searchable mathematical lesson.
P14.9,/subjects/math/precalculus/sequences-series-and-discrete-models/infinite-geometric-series-and-convergence/,concept.math.determine-convergence-and-evaluate-infinite-geometric-sums-when-r-1,infinite geometric series,Infinite geometric series and convergence,Infinite geometric series and convergence,Infinite geometric series and convergence | Better Grades,KEEP_STRONG,Reviewed: title already names a specific searchable mathematical lesson.
P14.10,/subjects/math/precalculus/sequences-series-and-discrete-models/mathematical-induction/,concept.math.prove-statements-for-all-integers-in-a-domain-using-base-case-and-inductive-step,mathematical induction,Mathematical induction,Mathematical induction,Mathematical induction | Better Grades,KEEP_STRONG,Reviewed: title already names a specific searchable mathematical lesson.
P14.11,/subjects/math/precalculus/sequences-series-and-discrete-models/pascals-triangle-and-binomial-coefficients/,concept.math.connect-combinations-recursive-construction-symmetry-and-polynomial-coefficients,pascal's triangle and binomial coefficients,Pascal's triangle and binomial coefficients,Pascal's triangle and binomial coefficients,Pascal's triangle and binomial coefficients | Better Grades,KEEP_STRONG,Reviewed: title already names a specific searchable mathematical lesson.
P14.12,/subjects/math/precalculus/sequences-series-and-discrete-models/the-binomial-theorem-and-discrete-model-synthesis/,concept.math.expand-binomial-powers-and-compare-arithmetic-geometric-recursive-and-accumulated-models,the binomial theorem and discrete-model synthesis,The binomial theorem and discrete-model synthesis,The binomial theorem and discrete-model synthesis,The binomial theorem and discrete-model synthesis | Better Grades,KEEP_STRONG,Reviewed: title already names a specific searchable mathematical lesson.
P15.1,/subjects/math/precalculus/calculus-readiness-and-function-synthesis/function-family-classification/,concept.math.classify-unfamiliar-formulas-graphs-tables-and-contexts-using-structural-evidence,classifying function families for calculus readiness,Function-family classification,Classifying Function Families for Calculus Readiness,Classifying Function Families for Calculus Readiness | Better Grades,CROSS_COURSE_DIFFERENTIATION,Rendered title explicitly limits the page to Precalculus/readiness intent so Calculus retains formal ownership.
P15.2,/subjects/math/precalculus/calculus-readiness-and-function-synthesis/model-selection-and-comparison/,concept.math.select-and-compare-function-models-using-patterns-residuals-domains-and-parameter-meanings,model selection and comparison,Model selection and comparison,Model selection and comparison,Model selection and comparison | Better Grades,KEEP_STRONG,Reviewed: title already names a specific searchable mathematical lesson.
P15.3,/subjects/math/precalculus/calculus-readiness-and-function-synthesis/average-rate-of-change-revisited/,concept.math.compare-average-rates-across-function-families-and-interpret-units-and-interval-dependence,average rate of change revisited,Average rate of change revisited,Average rate of change revisited,Average rate of change revisited | Better Grades,KEEP_STRONG,Reviewed: title already names a specific searchable mathematical lesson.
P15.4,/subjects/math/precalculus/calculus-readiness-and-function-synthesis/difference-quotients/,concept.math.construct-and-simplify-f-x-h-f-x-h-and-interpret-its-components,difference quotients for calculus readiness,Difference quotients,Difference Quotients for Calculus Readiness,Difference Quotients for Calculus Readiness | Better Grades,CROSS_COURSE_DIFFERENTIATION,Rendered title explicitly limits the page to Precalculus/readiness intent so Calculus retains formal ownership.
P15.5,/subjects/math/precalculus/calculus-readiness-and-function-synthesis/secant-lines-and-tangent-intuition/,concept.math.interpret-tangent-slope-as-a-limiting-value-of-secant-slopes,secant lines and tangent intuition,Secant lines and tangent intuition,Secant lines and tangent intuition,Secant lines and tangent intuition | Better Grades,KEEP_STRONG,Reviewed: title already names a specific searchable mathematical lesson.
P15.6,/subjects/math/precalculus/calculus-readiness-and-function-synthesis/local-linearity-and-magnification/,concept.math.recognize-when-a-smooth-graph-appears-linear-under-magnification-and-identify-failures-of-local-linearity,local linearity and magnification before calculus,Local linearity and magnification,Local Linearity and Magnification Before Calculus,Local Linearity and Magnification Before Calculus | Better Grades,CROSS_COURSE_DIFFERENTIATION,Rendered title explicitly limits the page to Precalculus/readiness intent so Calculus retains formal ownership.
P15.7,/subjects/math/precalculus/calculus-readiness-and-function-synthesis/intuitive-limits/,concept.math.estimate-limits-from-tables-graphs-and-algebra-while-distinguishing-approached-value-from-function-value,introduction to limits before calculus,Intuitive limits,Introduction to Limits Before Calculus,Introduction to Limits Before Calculus | Better Grades,CROSS_COURSE_DIFFERENTIATION,Rendered title explicitly limits the page to Precalculus/readiness intent so Calculus retains formal ownership.
P15.8,/subjects/math/precalculus/calculus-readiness-and-function-synthesis/continuity-and-discontinuity/,concept.math.classify-removable-jump-infinite-and-endpoint-discontinuities-using-function-values-and-limiting-behavior,continuity preview for precalculus,Continuity and discontinuity,Continuity Preview for Precalculus,Continuity Preview for Precalculus | Better Grades,CROSS_COURSE_DIFFERENTIATION,Rendered title explicitly limits the page to Precalculus/readiness intent so Calculus retains formal ownership.
P15.9,/subjects/math/precalculus/calculus-readiness-and-function-synthesis/infinite-behavior-and-asymptotes/,concept.math.synthesize-finite-and-infinite-input-behavior-across-polynomial-rational-exponential-logarithmic-and-trigonometric-families,asymptotes and infinite behavior: a precalculus review,Infinite behavior and asymptotes,Asymptotes and Infinite Behavior: A Precalculus Review,Asymptotes and Infinite Behavior: A Precalculus Review | Better Grades,CROSS_COURSE_DIFFERENTIATION,Rendered title explicitly limits the page to Precalculus/readiness intent so Calculus retains formal ownership.
P15.10,/subjects/math/precalculus/calculus-readiness-and-function-synthesis/numerical-approximation-and-sensitivity/,concept.math.use-bracketing-iteration-finite-differences-and-residuals-while-evaluating-sensitivity-to-rounding-and-parameter-error,numerical approximation and sensitivity,Numerical approximation and sensitivity,Numerical approximation and sensitivity,Numerical approximation and sensitivity | Better Grades,KEEP_STRONG,Reviewed: title already names a specific searchable mathematical lesson.
P15.11,/subjects/math/precalculus/calculus-readiness-and-function-synthesis/accumulation-finite-sums-and-area-preview/,concept.math.connect-rates-rectangles-finite-sums-net-change-and-area-under-a-rate-graph,"riemann sums preview: accumulation, finite sums, and area","Accumulation, finite sums, and area preview","Riemann Sums Preview: Accumulation, Finite Sums, and Area","Riemann Sums Preview: Accumulation, Finite Sums, and Area | Better Grades",CROSS_COURSE_DIFFERENTIATION,Rendered title explicitly limits the page to Precalculus/readiness intent so Calculus retains formal ownership.
P15.12,/subjects/math/precalculus/calculus-readiness-and-function-synthesis/precalculus-synthesis-capstone/,concept.math.analyze-an-unfamiliar-multirepresentation-problem-by-selecting-and-combining-methods-from-the-entire-course,precalculus synthesis capstone,Precalculus synthesis capstone,Precalculus synthesis capstone,Precalculus synthesis capstone | Better Grades,KEEP_STRONG,Reviewed: title already names a specific searchable mathematical lesson.
