id,path,title,page_type,unit,action,indexable,sequence,notes
algebra-course-hub,/subjects/math/algebra/,"Algebra: Quantities, Equations, and Structure",course-hub,,replace-content-preserve-canonical,yes,0,"Full course map first; retain quick guides, tools, practice, and current compact article library below the canonical course path."
algebra-a0-hub,/subjects/math/algebra/arithmetic-readiness/,Unit A0: Arithmetic Readiness and Repair,unit-hub,A0,create,yes,0,Unit route resolves before legacy topic routing when a collision exists; child guide routes remain valid.
algebra-a0-1,/subjects/math/algebra/arithmetic-readiness/number-lines-and-signed-quantities/,Number lines and signed quantities,lesson,A0,create,yes,1,"Core sequence page with previous/next navigation, route-local visuals, attempt-gated checks, and repair links."
algebra-a0-2,/subjects/math/algebra/arithmetic-readiness/whole-number-operations-and-estimation/,Whole-number operations and estimation,lesson,A0,create,yes,2,"Core sequence page with previous/next navigation, route-local visuals, attempt-gated checks, and repair links."
algebra-a0-3,/subjects/math/algebra/arithmetic-readiness/factors-primes-gcf-and-lcm/,"Factors, primes, GCF, and LCM",lesson,A0,create,yes,3,"Core sequence page with previous/next navigation, route-local visuals, attempt-gated checks, and repair links."
algebra-a0-4,/subjects/math/algebra/arithmetic-readiness/fractions-as-numbers/,Fractions as numbers,lesson,A0,create,yes,4,"Core sequence page with previous/next navigation, route-local visuals, attempt-gated checks, and repair links."
algebra-a0-5,/subjects/math/algebra/arithmetic-readiness/multiplying-and-dividing-fractions/,Multiplying and dividing fractions,lesson,A0,create,yes,5,"Core sequence page with previous/next navigation, route-local visuals, attempt-gated checks, and repair links."
algebra-a0-6,/subjects/math/algebra/arithmetic-readiness/adding-subtracting-and-complex-fractions/,"Adding, subtracting, and complex fractions",lesson,A0,create,yes,6,"Core sequence page with previous/next navigation, route-local visuals, attempt-gated checks, and repair links."
algebra-a0-7,/subjects/math/algebra/arithmetic-readiness/fractions-decimals-and-percents/,"Fractions, decimals, and percents",lesson,A0,create,yes,7,"Core sequence page with previous/next navigation, route-local visuals, attempt-gated checks, and repair links."
algebra-a0-8,/subjects/math/algebra/arithmetic-readiness/ratios-rates-proportions-and-percent-change/,"Ratios, rates, proportions, and percent change",lesson,A0,create,yes,8,"Core sequence page with previous/next navigation, route-local visuals, attempt-gated checks, and repair links."
algebra-a0-9,/subjects/math/algebra/arithmetic-readiness/units-and-dimensional-reasoning/,Units and dimensional reasoning,lesson,A0,create,yes,9,"Core sequence page with previous/next navigation, route-local visuals, attempt-gated checks, and repair links."
algebra-a0-10,/subjects/math/algebra/arithmetic-readiness/powers-roots-and-scientific-notation/,"Powers, roots, and scientific notation",lesson,A0,create,yes,10,"Core sequence page with previous/next navigation, route-local visuals, attempt-gated checks, and repair links."
algebra-a0-review,/subjects/math/algebra/arithmetic-readiness/review/,Arithmetic Readiness and Repair: cumulative review,review,A0,create,yes,,
algebra-a0-practice,/subjects/math/algebra/arithmetic-readiness/practice/,Arithmetic Readiness and Repair: mixed practice,practice,A0,create,yes,,
algebra-a0-mastery,/subjects/math/algebra/arithmetic-readiness/mastery-check/,Arithmetic Readiness and Repair: mastery check,mastery-check,A0,create,yes,,
algebra-a0-mastery-key,/subjects/math/algebra/arithmetic-readiness/mastery-check/answer-key/,Arithmetic Readiness and Repair: mastery answer key,answer-key,A0,create,yes,,
algebra-a0-investigation,/subjects/math/algebra/arithmetic-readiness/investigation/,Arithmetic Readiness and Repair: investigation,investigation,A0,create,yes,,
algebra-a1-hub,/subjects/math/algebra/quantities-variables/,"Unit A1: Quantities, Variables, and Mathematical Objects",unit-hub,A1,create,yes,0,Unit route resolves before legacy topic routing when a collision exists; child guide routes remain valid.
algebra-a1-1,/subjects/math/algebra/quantities-variables/variables-and-changing-quantities/,Variables and changing quantities,lesson,A1,create,yes,1,"Core sequence page with previous/next navigation, route-local visuals, attempt-gated checks, and repair links."
algebra-a1-2,/subjects/math/algebra/quantities-variables/expressions-equations-and-inequalities/,"Expressions, equations, and inequalities",lesson,A1,create,yes,2,"Core sequence page with previous/next navigation, route-local visuals, attempt-gated checks, and repair links."
algebra-a1-3,/subjects/math/algebra/quantities-variables/terms-factors-coefficients-and-structure/,"Terms, factors, coefficients, and structure",lesson,A1,create,yes,3,"Core sequence page with previous/next navigation, route-local visuals, attempt-gated checks, and repair links."
algebra-a1-4,/subjects/math/algebra/quantities-variables/substitution-and-evaluation/,Substitution and evaluation,lesson,A1,create,yes,4,"Core sequence page with previous/next navigation, route-local visuals, attempt-gated checks, and repair links."
algebra-a1-5,/subjects/math/algebra/quantities-variables/grouping-and-order-of-operations/,Grouping and order of operations,lesson,A1,create,yes,5,"Core sequence page with previous/next navigation, route-local visuals, attempt-gated checks, and repair links."
algebra-a1-6,/subjects/math/algebra/quantities-variables/properties-of-real-number-operations/,Properties of real-number operations,lesson,A1,create,yes,6,"Core sequence page with previous/next navigation, route-local visuals, attempt-gated checks, and repair links."
algebra-a1-7,/subjects/math/algebra/quantities-variables/equivalent-expressions-and-like-terms/,Equivalent expressions and like terms,lesson,A1,create,yes,7,"Core sequence page with previous/next navigation, route-local visuals, attempt-gated checks, and repair links."
algebra-a1-8,/subjects/math/algebra/quantities-variables/formulas-units-and-mathematical-communication/,"Formulas, units, and mathematical communication",lesson,A1,create,yes,8,"Core sequence page with previous/next navigation, route-local visuals, attempt-gated checks, and repair links."
algebra-a1-review,/subjects/math/algebra/quantities-variables/review/,"Quantities, Variables, and Mathematical Objects: cumulative review",review,A1,create,yes,,
algebra-a1-practice,/subjects/math/algebra/quantities-variables/practice/,"Quantities, Variables, and Mathematical Objects: mixed practice",practice,A1,create,yes,,
algebra-a1-mastery,/subjects/math/algebra/quantities-variables/mastery-check/,"Quantities, Variables, and Mathematical Objects: mastery check",mastery-check,A1,create,yes,,
algebra-a1-mastery-key,/subjects/math/algebra/quantities-variables/mastery-check/answer-key/,"Quantities, Variables, and Mathematical Objects: mastery answer key",answer-key,A1,create,yes,,
algebra-a2-hub,/subjects/math/algebra/linear-equations/,"Unit A2: Expressions, Equality, and Linear Equations",unit-hub,A2,create,yes,0,Unit route resolves before legacy topic routing when a collision exists; child guide routes remain valid.
algebra-a2-1,/subjects/math/algebra/linear-equations/solutions-solution-sets-and-checking/,"Solutions, solution sets, and checking",lesson,A2,create,yes,1,"Core sequence page with previous/next navigation, route-local visuals, attempt-gated checks, and repair links."
algebra-a2-2,/subjects/math/algebra/linear-equations/addition-and-subtraction-equations/,Addition and subtraction equations,lesson,A2,create,yes,2,"Core sequence page with previous/next navigation, route-local visuals, attempt-gated checks, and repair links."
algebra-a2-3,/subjects/math/algebra/linear-equations/multiplication-and-division-equations/,Multiplication and division equations,lesson,A2,create,yes,3,"Core sequence page with previous/next navigation, route-local visuals, attempt-gated checks, and repair links."
algebra-a2-4,/subjects/math/algebra/linear-equations/simplifying-before-solving/,Simplifying before solving,lesson,A2,create,yes,4,"Core sequence page with previous/next navigation, route-local visuals, attempt-gated checks, and repair links."
algebra-a2-5,/subjects/math/algebra/linear-equations/multistep-linear-equations/,Multistep linear equations,lesson,A2,create,yes,5,"Core sequence page with previous/next navigation, route-local visuals, attempt-gated checks, and repair links."
algebra-a2-6,/subjects/math/algebra/linear-equations/equations-with-fractions-and-decimals/,Equations with fractions and decimals,lesson,A2,create,yes,6,"Core sequence page with previous/next navigation, route-local visuals, attempt-gated checks, and repair links."
algebra-a2-7,/subjects/math/algebra/linear-equations/variables-on-both-sides/,Variables on both sides,lesson,A2,create,yes,7,"Core sequence page with previous/next navigation, route-local visuals, attempt-gated checks, and repair links."
algebra-a2-8,/subjects/math/algebra/linear-equations/one-solution-no-solution-or-infinitely-many/,"One solution, no solution, or infinitely many",lesson,A2,create,yes,8,"Core sequence page with previous/next navigation, route-local visuals, attempt-gated checks, and repair links."
algebra-a2-9,/subjects/math/algebra/linear-equations/translating-one-variable-models/,Translating one-variable models,lesson,A2,create,yes,9,"Core sequence page with previous/next navigation, route-local visuals, attempt-gated checks, and repair links."
algebra-a2-10,/subjects/math/algebra/linear-equations/linear-equation-strategy-studio/,Linear equation strategy studio,lesson,A2,create,yes,10,"Core sequence page with previous/next navigation, route-local visuals, attempt-gated checks, and repair links."
algebra-a2-review,/subjects/math/algebra/linear-equations/review/,"Expressions, Equality, and Linear Equations: cumulative review",review,A2,create,yes,,
algebra-a2-practice,/subjects/math/algebra/linear-equations/practice/,"Expressions, Equality, and Linear Equations: mixed practice",practice,A2,create,yes,,
algebra-a2-mastery,/subjects/math/algebra/linear-equations/mastery-check/,"Expressions, Equality, and Linear Equations: mastery check",mastery-check,A2,create,yes,,
algebra-a2-mastery-key,/subjects/math/algebra/linear-equations/mastery-check/answer-key/,"Expressions, Equality, and Linear Equations: mastery answer key",answer-key,A2,create,yes,,
algebra-a2-investigation,/subjects/math/algebra/linear-equations/investigation/,"Expressions, Equality, and Linear Equations: investigation",investigation,A2,create,yes,,
algebra-a3-hub,/subjects/math/algebra/inequalities-absolute-value/,"Unit A3: Inequalities, Absolute Value, and Formulas",unit-hub,A3,create,yes,0,Unit route resolves before legacy topic routing when a collision exists; child guide routes remain valid.
algebra-a3-1,/subjects/math/algebra/inequalities-absolute-value/inequalities-and-truth-sets/,Inequalities and truth sets,lesson,A3,create,yes,1,"Core sequence page with previous/next navigation, route-local visuals, attempt-gated checks, and repair links."
algebra-a3-2,/subjects/math/algebra/inequalities-absolute-value/solving-linear-inequalities/,Solving linear inequalities,lesson,A3,create,yes,2,"Core sequence page with previous/next navigation, route-local visuals, attempt-gated checks, and repair links."
algebra-a3-3,/subjects/math/algebra/inequalities-absolute-value/why-negative-scaling-reverses-order/,Why negative scaling reverses order,lesson,A3,create,yes,3,"Core sequence page with previous/next navigation, route-local visuals, attempt-gated checks, and repair links."
algebra-a3-4,/subjects/math/algebra/inequalities-absolute-value/interval-notation-and-endpoint-meaning/,Interval notation and endpoint meaning,lesson,A3,create,yes,4,"Core sequence page with previous/next navigation, route-local visuals, attempt-gated checks, and repair links."
algebra-a3-5,/subjects/math/algebra/inequalities-absolute-value/compound-inequalities/,Compound inequalities,lesson,A3,create,yes,5,"Core sequence page with previous/next navigation, route-local visuals, attempt-gated checks, and repair links."
algebra-a3-6,/subjects/math/algebra/inequalities-absolute-value/absolute-value-as-distance/,Absolute value as distance,lesson,A3,create,yes,6,"Core sequence page with previous/next navigation, route-local visuals, attempt-gated checks, and repair links."
algebra-a3-7,/subjects/math/algebra/inequalities-absolute-value/absolute-value-equations-and-inequalities/,Absolute-value equations and inequalities,lesson,A3,create,yes,7,"Core sequence page with previous/next navigation, route-local visuals, attempt-gated checks, and repair links."
algebra-a3-8,/subjects/math/algebra/inequalities-absolute-value/literal-equations-and-formulas/,Literal equations and formulas,lesson,A3,create,yes,8,"Core sequence page with previous/next navigation, route-local visuals, attempt-gated checks, and repair links."
algebra-a3-review,/subjects/math/algebra/inequalities-absolute-value/review/,"Inequalities, Absolute Value, and Formulas: cumulative review",review,A3,create,yes,,
algebra-a3-practice,/subjects/math/algebra/inequalities-absolute-value/practice/,"Inequalities, Absolute Value, and Formulas: mixed practice",practice,A3,create,yes,,
algebra-a3-mastery,/subjects/math/algebra/inequalities-absolute-value/mastery-check/,"Inequalities, Absolute Value, and Formulas: mastery check",mastery-check,A3,create,yes,,
algebra-a3-mastery-key,/subjects/math/algebra/inequalities-absolute-value/mastery-check/answer-key/,"Inequalities, Absolute Value, and Formulas: mastery answer key",answer-key,A3,create,yes,,
algebra-a4-hub,/subjects/math/algebra/linear-relationships/,"Unit A4: Ratios, Rates, and Linear Relationships",unit-hub,A4,claim-existing-topic-root,yes,0,Unit route resolves before legacy topic routing when a collision exists; child guide routes remain valid.
algebra-a4-1,/subjects/math/algebra/linear-relationships/ratios-and-equivalent-ratios/,Ratios and equivalent ratios,lesson,A4,create,yes,1,"Core sequence page with previous/next navigation, route-local visuals, attempt-gated checks, and repair links."
algebra-a4-2,/subjects/math/algebra/linear-relationships/unit-rates/,Unit rates,lesson,A4,create,yes,2,"Core sequence page with previous/next navigation, route-local visuals, attempt-gated checks, and repair links."
algebra-a4-3,/subjects/math/algebra/linear-relationships/proportional-relationships/,Proportional relationships,lesson,A4,create,yes,3,"Core sequence page with previous/next navigation, route-local visuals, attempt-gated checks, and repair links."
algebra-a4-4,/subjects/math/algebra/linear-relationships/percent-as-a-multiplier/,Percent as a multiplier,lesson,A4,create,yes,4,"Core sequence page with previous/next navigation, route-local visuals, attempt-gated checks, and repair links."
algebra-a4-5,/subjects/math/algebra/linear-relationships/coordinate-plane-and-equation-solutions/,Coordinate plane and equation solutions,lesson,A4,create,yes,5,"Core sequence page with previous/next navigation, route-local visuals, attempt-gated checks, and repair links."
algebra-a4-6,/subjects/math/algebra/linear-relationships/intercepts/,Intercepts,lesson,A4,create,yes,6,"Core sequence page with previous/next navigation, route-local visuals, attempt-gated checks, and repair links."
algebra-a4-7,/subjects/math/algebra/linear-relationships/slope-from-graphs-and-tables/,Slope from graphs and tables,lesson,A4,create,yes,7,"Core sequence page with previous/next navigation, route-local visuals, attempt-gated checks, and repair links."
algebra-a4-8,/subjects/math/algebra/linear-relationships/slope-from-two-points/,Slope from two points,lesson,A4,create,yes,8,"Core sequence page with previous/next navigation, route-local visuals, attempt-gated checks, and repair links."
algebra-a4-9,/subjects/math/algebra/linear-relationships/equations-of-lines/,Equations of lines,lesson,A4,create,yes,9,"Core sequence page with previous/next navigation, route-local visuals, attempt-gated checks, and repair links."
algebra-a4-10,/subjects/math/algebra/linear-relationships/parallel-and-perpendicular-lines/,Parallel and perpendicular lines,lesson,A4,create,yes,10,"Core sequence page with previous/next navigation, route-local visuals, attempt-gated checks, and repair links."
algebra-a4-11,/subjects/math/algebra/linear-relationships/linear-models-fit-and-residuals/,"Linear models, fit, and residuals",lesson,A4,create,yes,11,"Core sequence page with previous/next navigation, route-local visuals, attempt-gated checks, and repair links."
algebra-a4-review,/subjects/math/algebra/linear-relationships/review/,"Ratios, Rates, and Linear Relationships: cumulative review",review,A4,create,yes,,
algebra-a4-practice,/subjects/math/algebra/linear-relationships/practice/,"Ratios, Rates, and Linear Relationships: mixed practice",practice,A4,create,yes,,
algebra-a4-mastery,/subjects/math/algebra/linear-relationships/mastery-check/,"Ratios, Rates, and Linear Relationships: mastery check",mastery-check,A4,create,yes,,
algebra-a4-mastery-key,/subjects/math/algebra/linear-relationships/mastery-check/answer-key/,"Ratios, Rates, and Linear Relationships: mastery answer key",answer-key,A4,create,yes,,
algebra-a4-investigation,/subjects/math/algebra/linear-relationships/investigation/,"Ratios, Rates, and Linear Relationships: investigation",investigation,A4,create,yes,,
algebra-a5-hub,/subjects/math/algebra/systems/,Unit A5: Systems and Simultaneous Constraints,unit-hub,A5,create,yes,0,Unit route resolves before legacy topic routing when a collision exists; child guide routes remain valid.
algebra-a5-1,/subjects/math/algebra/systems/systems-as-simultaneous-conditions/,Systems as simultaneous conditions,lesson,A5,create,yes,1,"Core sequence page with previous/next navigation, route-local visuals, attempt-gated checks, and repair links."
algebra-a5-2,/subjects/math/algebra/systems/graphical-solutions/,Graphical solutions,lesson,A5,create,yes,2,"Core sequence page with previous/next navigation, route-local visuals, attempt-gated checks, and repair links."
algebra-a5-3,/subjects/math/algebra/systems/substitution/,Substitution,lesson,A5,create,yes,3,"Core sequence page with previous/next navigation, route-local visuals, attempt-gated checks, and repair links."
algebra-a5-4,/subjects/math/algebra/systems/elimination/,Elimination,lesson,A5,create,yes,4,"Core sequence page with previous/next navigation, route-local visuals, attempt-gated checks, and repair links."
algebra-a5-5,/subjects/math/algebra/systems/dependent-and-inconsistent-systems/,Dependent and inconsistent systems,lesson,A5,create,yes,5,"Core sequence page with previous/next navigation, route-local visuals, attempt-gated checks, and repair links."
algebra-a5-6,/subjects/math/algebra/systems/applications-of-systems/,Applications of systems,lesson,A5,create,yes,6,"Core sequence page with previous/next navigation, route-local visuals, attempt-gated checks, and repair links."
algebra-a5-7,/subjects/math/algebra/systems/systems-of-inequalities/,Systems of inequalities,lesson,A5,create,yes,7,"Core sequence page with previous/next navigation, route-local visuals, attempt-gated checks, and repair links."
algebra-a5-8,/subjects/math/algebra/systems/systems-strategy-studio/,Systems strategy studio,lesson,A5,create,yes,8,"Core sequence page with previous/next navigation, route-local visuals, attempt-gated checks, and repair links."
algebra-a5-review,/subjects/math/algebra/systems/review/,Systems and Simultaneous Constraints: cumulative review,review,A5,create,yes,,
algebra-a5-practice,/subjects/math/algebra/systems/practice/,Systems and Simultaneous Constraints: mixed practice,practice,A5,create,yes,,
algebra-a5-mastery,/subjects/math/algebra/systems/mastery-check/,Systems and Simultaneous Constraints: mastery check,mastery-check,A5,create,yes,,
algebra-a5-mastery-key,/subjects/math/algebra/systems/mastery-check/answer-key/,Systems and Simultaneous Constraints: mastery answer key,answer-key,A5,create,yes,,
algebra-a5-investigation,/subjects/math/algebra/systems/investigation/,Systems and Simultaneous Constraints: investigation,investigation,A5,create,yes,,
algebra-a6-hub,/subjects/math/algebra/exponents-roots/,"Unit A6: Exponents, Roots, and Power Structure",unit-hub,A6,create,yes,0,Unit route resolves before legacy topic routing when a collision exists; child guide routes remain valid.
algebra-a6-1,/subjects/math/algebra/exponents-roots/exponents-as-repeated-multiplication/,Exponents as repeated multiplication,lesson,A6,create,yes,1,"Core sequence page with previous/next navigation, route-local visuals, attempt-gated checks, and repair links."
algebra-a6-2,/subjects/math/algebra/exponents-roots/negative-bases-and-grouping/,Negative bases and grouping,lesson,A6,create,yes,2,"Core sequence page with previous/next navigation, route-local visuals, attempt-gated checks, and repair links."
algebra-a6-3,/subjects/math/algebra/exponents-roots/product-and-quotient-laws/,Product and quotient laws,lesson,A6,create,yes,3,"Core sequence page with previous/next navigation, route-local visuals, attempt-gated checks, and repair links."
algebra-a6-4,/subjects/math/algebra/exponents-roots/power-of-a-power-product-and-quotient/,"Power of a power, product, and quotient",lesson,A6,create,yes,4,"Core sequence page with previous/next navigation, route-local visuals, attempt-gated checks, and repair links."
algebra-a6-5,/subjects/math/algebra/exponents-roots/zero-and-negative-exponents/,Zero and negative exponents,lesson,A6,create,yes,5,"Core sequence page with previous/next navigation, route-local visuals, attempt-gated checks, and repair links."
algebra-a6-6,/subjects/math/algebra/exponents-roots/scientific-notation/,Scientific notation,lesson,A6,create,yes,6,"Core sequence page with previous/next navigation, route-local visuals, attempt-gated checks, and repair links."
algebra-a6-7,/subjects/math/algebra/exponents-roots/square-roots-and-nth-roots/,Square roots and nth roots,lesson,A6,create,yes,7,"Core sequence page with previous/next navigation, route-local visuals, attempt-gated checks, and repair links."
algebra-a6-8,/subjects/math/algebra/exponents-roots/simple-power-and-root-equations/,Simple power and root equations,lesson,A6,create,yes,8,"Core sequence page with previous/next navigation, route-local visuals, attempt-gated checks, and repair links."
algebra-a6-9,/subjects/math/algebra/exponents-roots/power-function-preview/,Power-function preview,lesson,A6,create,yes,9,"Core sequence page with previous/next navigation, route-local visuals, attempt-gated checks, and repair links."
algebra-a6-review,/subjects/math/algebra/exponents-roots/review/,"Exponents, Roots, and Power Structure: cumulative review",review,A6,create,yes,,
algebra-a6-practice,/subjects/math/algebra/exponents-roots/practice/,"Exponents, Roots, and Power Structure: mixed practice",practice,A6,create,yes,,
algebra-a6-mastery,/subjects/math/algebra/exponents-roots/mastery-check/,"Exponents, Roots, and Power Structure: mastery check",mastery-check,A6,create,yes,,
algebra-a6-mastery-key,/subjects/math/algebra/exponents-roots/mastery-check/answer-key/,"Exponents, Roots, and Power Structure: mastery answer key",answer-key,A6,create,yes,,
algebra-a7-hub,/subjects/math/algebra/polynomial-operations/,Unit A7: Polynomial Operations and Special Products,unit-hub,A7,create,yes,0,Unit route resolves before legacy topic routing when a collision exists; child guide routes remain valid.
algebra-a7-1,/subjects/math/algebra/polynomial-operations/polynomial-vocabulary-and-evaluation/,Polynomial vocabulary and evaluation,lesson,A7,create,yes,1,"Core sequence page with previous/next navigation, route-local visuals, attempt-gated checks, and repair links."
algebra-a7-2,/subjects/math/algebra/polynomial-operations/adding-and-subtracting-polynomials/,Adding and subtracting polynomials,lesson,A7,create,yes,2,"Core sequence page with previous/next navigation, route-local visuals, attempt-gated checks, and repair links."
algebra-a7-3,/subjects/math/algebra/polynomial-operations/multiplying-monomials/,Multiplying monomials,lesson,A7,create,yes,3,"Core sequence page with previous/next navigation, route-local visuals, attempt-gated checks, and repair links."
algebra-a7-4,/subjects/math/algebra/polynomial-operations/monomial-times-polynomial/,Monomial times polynomial,lesson,A7,create,yes,4,"Core sequence page with previous/next navigation, route-local visuals, attempt-gated checks, and repair links."
algebra-a7-5,/subjects/math/algebra/polynomial-operations/polynomial-times-polynomial/,Polynomial times polynomial,lesson,A7,create,yes,5,"Core sequence page with previous/next navigation, route-local visuals, attempt-gated checks, and repair links."
algebra-a7-6,/subjects/math/algebra/polynomial-operations/special-products/,Special products,lesson,A7,create,yes,6,"Core sequence page with previous/next navigation, route-local visuals, attempt-gated checks, and repair links."
algebra-a7-7,/subjects/math/algebra/polynomial-operations/division-by-a-monomial/,Division by a monomial,lesson,A7,create,yes,7,"Core sequence page with previous/next navigation, route-local visuals, attempt-gated checks, and repair links."
algebra-a7-8,/subjects/math/algebra/polynomial-operations/polynomial-long-division/,Polynomial long division,lesson,A7,create,yes,8,"Core sequence page with previous/next navigation, route-local visuals, attempt-gated checks, and repair links."
algebra-a7-9,/subjects/math/algebra/polynomial-operations/polynomial-structure-clinic/,Polynomial structure clinic,lesson,A7,create,yes,9,"Core sequence page with previous/next navigation, route-local visuals, attempt-gated checks, and repair links."
algebra-a7-review,/subjects/math/algebra/polynomial-operations/review/,Polynomial Operations and Special Products: cumulative review,review,A7,create,yes,,
algebra-a7-practice,/subjects/math/algebra/polynomial-operations/practice/,Polynomial Operations and Special Products: mixed practice,practice,A7,create,yes,,
algebra-a7-mastery,/subjects/math/algebra/polynomial-operations/mastery-check/,Polynomial Operations and Special Products: mastery check,mastery-check,A7,create,yes,,
algebra-a7-mastery-key,/subjects/math/algebra/polynomial-operations/mastery-check/answer-key/,Polynomial Operations and Special Products: mastery answer key,answer-key,A7,create,yes,,
algebra-a8-hub,/subjects/math/algebra/factoring-quadratics/,Unit A8: Factoring and Quadratic Equations,unit-hub,A8,create,yes,0,Unit route resolves before legacy topic routing when a collision exists; child guide routes remain valid.
algebra-a8-1,/subjects/math/algebra/factoring-quadratics/factoring-as-reverse-distribution-and-gcf/,Factoring as reverse distribution and GCF,lesson,A8,create,yes,1,"Core sequence page with previous/next navigation, route-local visuals, attempt-gated checks, and repair links."
algebra-a8-2,/subjects/math/algebra/factoring-quadratics/factoring-by-grouping/,Factoring by grouping,lesson,A8,create,yes,2,"Core sequence page with previous/next navigation, route-local visuals, attempt-gated checks, and repair links."
algebra-a8-3,/subjects/math/algebra/factoring-quadratics/factoring-x-2-bx-c/,Factoring x^2+bx+c,lesson,A8,create,yes,3,"Core sequence page with previous/next navigation, route-local visuals, attempt-gated checks, and repair links."
algebra-a8-4,/subjects/math/algebra/factoring-quadratics/factoring-ax-2-bx-c/,Factoring ax^2+bx+c,lesson,A8,create,yes,4,"Core sequence page with previous/next navigation, route-local visuals, attempt-gated checks, and repair links."
algebra-a8-5,/subjects/math/algebra/factoring-quadratics/special-factoring-patterns/,Special factoring patterns,lesson,A8,create,yes,5,"Core sequence page with previous/next navigation, route-local visuals, attempt-gated checks, and repair links."
algebra-a8-6,/subjects/math/algebra/factoring-quadratics/general-factoring-strategy-and-irreducibility/,General factoring strategy and irreducibility,lesson,A8,create,yes,6,"Core sequence page with previous/next navigation, route-local visuals, attempt-gated checks, and repair links."
algebra-a8-7,/subjects/math/algebra/factoring-quadratics/zero-product-property/,Zero-product property,lesson,A8,create,yes,7,"Core sequence page with previous/next navigation, route-local visuals, attempt-gated checks, and repair links."
algebra-a8-8,/subjects/math/algebra/factoring-quadratics/solving-quadratics-by-factoring/,Solving quadratics by factoring,lesson,A8,create,yes,8,"Core sequence page with previous/next navigation, route-local visuals, attempt-gated checks, and repair links."
algebra-a8-9,/subjects/math/algebra/factoring-quadratics/square-root-method/,Square-root method,lesson,A8,create,yes,9,"Core sequence page with previous/next navigation, route-local visuals, attempt-gated checks, and repair links."
algebra-a8-10,/subjects/math/algebra/factoring-quadratics/completing-the-square-geometrically/,Completing the square geometrically,lesson,A8,create,yes,10,"Core sequence page with previous/next navigation, route-local visuals, attempt-gated checks, and repair links."
algebra-a8-11,/subjects/math/algebra/factoring-quadratics/completing-the-square-algebraically/,Completing the square algebraically,lesson,A8,create,yes,11,"Core sequence page with previous/next navigation, route-local visuals, attempt-gated checks, and repair links."
algebra-a8-12,/subjects/math/algebra/factoring-quadratics/quadratic-formula-and-discriminant/,Quadratic formula and discriminant,lesson,A8,create,yes,12,"Core sequence page with previous/next navigation, route-local visuals, attempt-gated checks, and repair links."
algebra-a8-review,/subjects/math/algebra/factoring-quadratics/review/,Factoring and Quadratic Equations: cumulative review,review,A8,create,yes,,
algebra-a8-practice,/subjects/math/algebra/factoring-quadratics/practice/,Factoring and Quadratic Equations: mixed practice,practice,A8,create,yes,,
algebra-a8-mastery,/subjects/math/algebra/factoring-quadratics/mastery-check/,Factoring and Quadratic Equations: mastery check,mastery-check,A8,create,yes,,
algebra-a8-mastery-key,/subjects/math/algebra/factoring-quadratics/mastery-check/answer-key/,Factoring and Quadratic Equations: mastery answer key,answer-key,A8,create,yes,,
algebra-a8-investigation,/subjects/math/algebra/factoring-quadratics/investigation/,Factoring and Quadratic Equations: investigation,investigation,A8,create,yes,,
algebra-a9-hub,/subjects/math/algebra/quadratic-functions/,Unit A9: Quadratic Functions and Models,unit-hub,A9,create,yes,0,Unit route resolves before legacy topic routing when a collision exists; child guide routes remain valid.
algebra-a9-1,/subjects/math/algebra/quadratic-functions/quadratic-relations-and-three-useful-forms/,Quadratic relations and three useful forms,lesson,A9,create,yes,1,"Core sequence page with previous/next navigation, route-local visuals, attempt-gated checks, and repair links."
algebra-a9-2,/subjects/math/algebra/quadratic-functions/graphing-parabolas/,Graphing parabolas,lesson,A9,create,yes,2,"Core sequence page with previous/next navigation, route-local visuals, attempt-gated checks, and repair links."
algebra-a9-3,/subjects/math/algebra/quadratic-functions/factored-form-and-zeros/,Factored form and zeros,lesson,A9,create,yes,3,"Core sequence page with previous/next navigation, route-local visuals, attempt-gated checks, and repair links."
algebra-a9-4,/subjects/math/algebra/quadratic-functions/vertex-form-and-transformations/,Vertex form and transformations,lesson,A9,create,yes,4,"Core sequence page with previous/next navigation, route-local visuals, attempt-gated checks, and repair links."
algebra-a9-5,/subjects/math/algebra/quadratic-functions/moving-among-forms/,Moving among forms,lesson,A9,create,yes,5,"Core sequence page with previous/next navigation, route-local visuals, attempt-gated checks, and repair links."
algebra-a9-6,/subjects/math/algebra/quadratic-functions/quadratic-models-and-extrema/,Quadratic models and extrema,lesson,A9,create,yes,6,"Core sequence page with previous/next navigation, route-local visuals, attempt-gated checks, and repair links."
algebra-a9-7,/subjects/math/algebra/quadratic-functions/quadratic-inequalities/,Quadratic inequalities,lesson,A9,create,yes,7,"Core sequence page with previous/next navigation, route-local visuals, attempt-gated checks, and repair links."
algebra-a9-8,/subjects/math/algebra/quadratic-functions/quadratic-regression-and-model-limitations/,Quadratic regression and model limitations,lesson,A9,create,yes,8,"Core sequence page with previous/next navigation, route-local visuals, attempt-gated checks, and repair links."
algebra-a9-review,/subjects/math/algebra/quadratic-functions/review/,Quadratic Functions and Models: cumulative review,review,A9,create,yes,,
algebra-a9-practice,/subjects/math/algebra/quadratic-functions/practice/,Quadratic Functions and Models: mixed practice,practice,A9,create,yes,,
algebra-a9-mastery,/subjects/math/algebra/quadratic-functions/mastery-check/,Quadratic Functions and Models: mastery check,mastery-check,A9,create,yes,,
algebra-a9-mastery-key,/subjects/math/algebra/quadratic-functions/mastery-check/answer-key/,Quadratic Functions and Models: mastery answer key,answer-key,A9,create,yes,,
algebra-a9-investigation,/subjects/math/algebra/quadratic-functions/investigation/,Quadratic Functions and Models: investigation,investigation,A9,create,yes,,
algebra-a10-hub,/subjects/math/algebra/rational-expressions/,"Unit A10: Rational Expressions, Equations, and Variation",unit-hub,A10,claim-existing-topic-root,yes,0,Unit route resolves before legacy topic routing when a collision exists; child guide routes remain valid.
algebra-a10-1,/subjects/math/algebra/rational-expressions/rational-expressions-and-restrictions/,Rational expressions and restrictions,lesson,A10,create,yes,1,"Core sequence page with previous/next navigation, route-local visuals, attempt-gated checks, and repair links."
algebra-a10-2,/subjects/math/algebra/rational-expressions/simplifying-rational-expressions/,Simplifying rational expressions,lesson,A10,create,yes,2,"Core sequence page with previous/next navigation, route-local visuals, attempt-gated checks, and repair links."
algebra-a10-3,/subjects/math/algebra/rational-expressions/multiplication-of-rational-expressions/,Multiplication of rational expressions,lesson,A10,create,yes,3,"Core sequence page with previous/next navigation, route-local visuals, attempt-gated checks, and repair links."
algebra-a10-4,/subjects/math/algebra/rational-expressions/division-of-rational-expressions/,Division of rational expressions,lesson,A10,create,yes,4,"Core sequence page with previous/next navigation, route-local visuals, attempt-gated checks, and repair links."
algebra-a10-5,/subjects/math/algebra/rational-expressions/least-common-denominators/,Least common denominators,lesson,A10,create,yes,5,"Core sequence page with previous/next navigation, route-local visuals, attempt-gated checks, and repair links."
algebra-a10-6,/subjects/math/algebra/rational-expressions/addition-and-subtraction/,Addition and subtraction,lesson,A10,create,yes,6,"Core sequence page with previous/next navigation, route-local visuals, attempt-gated checks, and repair links."
algebra-a10-7,/subjects/math/algebra/rational-expressions/complex-rational-expressions/,Complex rational expressions,lesson,A10,create,yes,7,"Core sequence page with previous/next navigation, route-local visuals, attempt-gated checks, and repair links."
algebra-a10-8,/subjects/math/algebra/rational-expressions/rational-equations/,Rational equations,lesson,A10,create,yes,8,"Core sequence page with previous/next navigation, route-local visuals, attempt-gated checks, and repair links."
algebra-a10-9,/subjects/math/algebra/rational-expressions/direct-inverse-and-joint-variation/,"Direct, inverse, and joint variation",lesson,A10,create,yes,9,"Core sequence page with previous/next navigation, route-local visuals, attempt-gated checks, and repair links."
algebra-a10-10,/subjects/math/algebra/rational-expressions/rational-inequalities-and-introductory-graphs/,Rational inequalities and introductory graphs,lesson,A10,create,yes,10,"Core sequence page with previous/next navigation, route-local visuals, attempt-gated checks, and repair links."
algebra-a10-review,/subjects/math/algebra/rational-expressions/review/,"Rational Expressions, Equations, and Variation: cumulative review",review,A10,create,yes,,
algebra-a10-practice,/subjects/math/algebra/rational-expressions/practice/,"Rational Expressions, Equations, and Variation: mixed practice",practice,A10,create,yes,,
algebra-a10-mastery,/subjects/math/algebra/rational-expressions/mastery-check/,"Rational Expressions, Equations, and Variation: mastery check",mastery-check,A10,create,yes,,
algebra-a10-mastery-key,/subjects/math/algebra/rational-expressions/mastery-check/answer-key/,"Rational Expressions, Equations, and Variation: mastery answer key",answer-key,A10,create,yes,,
algebra-a11-hub,/subjects/math/algebra/radicals-complex-numbers/,"Unit A11: Radicals, Rational Exponents, and Complex Numbers",unit-hub,A11,create,yes,0,Unit route resolves before legacy topic routing when a collision exists; child guide routes remain valid.
algebra-a11-1,/subjects/math/algebra/radicals-complex-numbers/general-nth-roots-and-principal-roots/,General nth roots and principal roots,lesson,A11,create,yes,1,"Core sequence page with previous/next navigation, route-local visuals, attempt-gated checks, and repair links."
algebra-a11-2,/subjects/math/algebra/radicals-complex-numbers/simplifying-radicals/,Simplifying radicals,lesson,A11,create,yes,2,"Core sequence page with previous/next navigation, route-local visuals, attempt-gated checks, and repair links."
algebra-a11-3,/subjects/math/algebra/radicals-complex-numbers/products-and-quotients-of-radicals/,Products and quotients of radicals,lesson,A11,create,yes,3,"Core sequence page with previous/next navigation, route-local visuals, attempt-gated checks, and repair links."
algebra-a11-4,/subjects/math/algebra/radicals-complex-numbers/adding-and-subtracting-radicals/,Adding and subtracting radicals,lesson,A11,create,yes,4,"Core sequence page with previous/next navigation, route-local visuals, attempt-gated checks, and repair links."
algebra-a11-5,/subjects/math/algebra/radicals-complex-numbers/rationalizing-monomial-denominators/,Rationalizing monomial denominators,lesson,A11,create,yes,5,"Core sequence page with previous/next navigation, route-local visuals, attempt-gated checks, and repair links."
algebra-a11-6,/subjects/math/algebra/radicals-complex-numbers/conjugates-and-binomial-denominators/,Conjugates and binomial denominators,lesson,A11,create,yes,6,"Core sequence page with previous/next navigation, route-local visuals, attempt-gated checks, and repair links."
algebra-a11-7,/subjects/math/algebra/radicals-complex-numbers/rational-exponents/,Rational exponents,lesson,A11,create,yes,7,"Core sequence page with previous/next navigation, route-local visuals, attempt-gated checks, and repair links."
algebra-a11-8,/subjects/math/algebra/radicals-complex-numbers/solving-radical-equations/,Solving radical equations,lesson,A11,create,yes,8,"Core sequence page with previous/next navigation, route-local visuals, attempt-gated checks, and repair links."
algebra-a11-9,/subjects/math/algebra/radicals-complex-numbers/extraneous-solutions-and-domain/,Extraneous solutions and domain,lesson,A11,create,yes,9,"Core sequence page with previous/next navigation, route-local visuals, attempt-gated checks, and repair links."
algebra-a11-10,/subjects/math/algebra/radicals-complex-numbers/complex-numbers-and-conjugates/,Complex numbers and conjugates,lesson,A11,create,yes,10,"Core sequence page with previous/next navigation, route-local visuals, attempt-gated checks, and repair links."
algebra-a11-review,/subjects/math/algebra/radicals-complex-numbers/review/,"Radicals, Rational Exponents, and Complex Numbers: cumulative review",review,A11,create,yes,,
algebra-a11-practice,/subjects/math/algebra/radicals-complex-numbers/practice/,"Radicals, Rational Exponents, and Complex Numbers: mixed practice",practice,A11,create,yes,,
algebra-a11-mastery,/subjects/math/algebra/radicals-complex-numbers/mastery-check/,"Radicals, Rational Exponents, and Complex Numbers: mastery check",mastery-check,A11,create,yes,,
algebra-a11-mastery-key,/subjects/math/algebra/radicals-complex-numbers/mastery-check/answer-key/,"Radicals, Rational Exponents, and Complex Numbers: mastery answer key",answer-key,A11,create,yes,,
algebra-a12-hub,/subjects/math/algebra/functions/,Unit A12: Functions as a Unifying Language,unit-hub,A12,create,yes,0,Unit route resolves before legacy topic routing when a collision exists; child guide routes remain valid.
algebra-a12-1,/subjects/math/algebra/functions/relations-and-functions/,Relations and functions,lesson,A12,create,yes,1,"Core sequence page with previous/next navigation, route-local visuals, attempt-gated checks, and repair links."
algebra-a12-2,/subjects/math/algebra/functions/function-notation-and-evaluation/,Function notation and evaluation,lesson,A12,create,yes,2,"Core sequence page with previous/next navigation, route-local visuals, attempt-gated checks, and repair links."
algebra-a12-3,/subjects/math/algebra/functions/solving-f-x-k/,Solving f(x)=k,lesson,A12,create,yes,3,"Core sequence page with previous/next navigation, route-local visuals, attempt-gated checks, and repair links."
algebra-a12-4,/subjects/math/algebra/functions/domain/,Domain,lesson,A12,create,yes,4,"Core sequence page with previous/next navigation, route-local visuals, attempt-gated checks, and repair links."
algebra-a12-5,/subjects/math/algebra/functions/range-and-graph-behavior/,Range and graph behavior,lesson,A12,create,yes,5,"Core sequence page with previous/next navigation, route-local visuals, attempt-gated checks, and repair links."
algebra-a12-6,/subjects/math/algebra/functions/piecewise-defined-functions/,Piecewise-defined functions,lesson,A12,create,yes,6,"Core sequence page with previous/next navigation, route-local visuals, attempt-gated checks, and repair links."
algebra-a12-7,/subjects/math/algebra/functions/arithmetic-with-functions/,Arithmetic with functions,lesson,A12,create,yes,7,"Core sequence page with previous/next navigation, route-local visuals, attempt-gated checks, and repair links."
algebra-a12-8,/subjects/math/algebra/functions/comparing-algebraic-families/,Comparing algebraic families,lesson,A12,create,yes,8,"Core sequence page with previous/next navigation, route-local visuals, attempt-gated checks, and repair links."
algebra-a12-review,/subjects/math/algebra/functions/review/,Functions as a Unifying Language: cumulative review,review,A12,create,yes,,
algebra-a12-practice,/subjects/math/algebra/functions/practice/,Functions as a Unifying Language: mixed practice,practice,A12,create,yes,,
algebra-a12-mastery,/subjects/math/algebra/functions/mastery-check/,Functions as a Unifying Language: mastery check,mastery-check,A12,create,yes,,
algebra-a12-mastery-key,/subjects/math/algebra/functions/mastery-check/answer-key/,Functions as a Unifying Language: mastery answer key,answer-key,A12,create,yes,,
algebra-a13-hub,/subjects/math/algebra/exponential-logarithmic/,Unit A13: Exponential and Logarithmic Algebra,unit-hub,A13,create,yes,0,Unit route resolves before legacy topic routing when a collision exists; child guide routes remain valid.
algebra-a13-1,/subjects/math/algebra/exponential-logarithmic/additive-versus-multiplicative-patterns/,Additive versus multiplicative patterns,lesson,A13,create,yes,1,"Core sequence page with previous/next navigation, route-local visuals, attempt-gated checks, and repair links."
algebra-a13-2,/subjects/math/algebra/exponential-logarithmic/geometric-sequences-and-repeated-percent-change/,Geometric sequences and repeated percent change,lesson,A13,create,yes,2,"Core sequence page with previous/next navigation, route-local visuals, attempt-gated checks, and repair links."
algebra-a13-3,/subjects/math/algebra/exponential-logarithmic/exponential-functions/,Exponential functions,lesson,A13,create,yes,3,"Core sequence page with previous/next navigation, route-local visuals, attempt-gated checks, and repair links."
algebra-a13-4,/subjects/math/algebra/exponential-logarithmic/graphs-and-transformations-of-exponentials/,Graphs and transformations of exponentials,lesson,A13,create,yes,4,"Core sequence page with previous/next navigation, route-local visuals, attempt-gated checks, and repair links."
algebra-a13-5,/subjects/math/algebra/exponential-logarithmic/growth-and-decay-models/,Growth and decay models,lesson,A13,create,yes,5,"Core sequence page with previous/next navigation, route-local visuals, attempt-gated checks, and repair links."
algebra-a13-6,/subjects/math/algebra/exponential-logarithmic/compound-interest/,Compound interest,lesson,A13,create,yes,6,"Core sequence page with previous/next navigation, route-local visuals, attempt-gated checks, and repair links."
algebra-a13-7,/subjects/math/algebra/exponential-logarithmic/continuous-growth-and-e/,Continuous growth and e,lesson,A13,create,yes,7,"Core sequence page with previous/next navigation, route-local visuals, attempt-gated checks, and repair links."
algebra-a13-8,/subjects/math/algebra/exponential-logarithmic/logarithms-as-inverse-operations/,Logarithms as inverse operations,lesson,A13,create,yes,8,"Core sequence page with previous/next navigation, route-local visuals, attempt-gated checks, and repair links."
algebra-a13-9,/subjects/math/algebra/exponential-logarithmic/logarithm-laws/,Logarithm laws,lesson,A13,create,yes,9,"Core sequence page with previous/next navigation, route-local visuals, attempt-gated checks, and repair links."
algebra-a13-10,/subjects/math/algebra/exponential-logarithmic/solving-exponential-equations/,Solving exponential equations,lesson,A13,create,yes,10,"Core sequence page with previous/next navigation, route-local visuals, attempt-gated checks, and repair links."
algebra-a13-11,/subjects/math/algebra/exponential-logarithmic/solving-logarithmic-equations-and-logarithmic-models/,Solving logarithmic equations and logarithmic models,lesson,A13,create,yes,11,"Core sequence page with previous/next navigation, route-local visuals, attempt-gated checks, and repair links."
algebra-a13-review,/subjects/math/algebra/exponential-logarithmic/review/,Exponential and Logarithmic Algebra: cumulative review,review,A13,create,yes,,
algebra-a13-practice,/subjects/math/algebra/exponential-logarithmic/practice/,Exponential and Logarithmic Algebra: mixed practice,practice,A13,create,yes,,
algebra-a13-mastery,/subjects/math/algebra/exponential-logarithmic/mastery-check/,Exponential and Logarithmic Algebra: mastery check,mastery-check,A13,create,yes,,
algebra-a13-mastery-key,/subjects/math/algebra/exponential-logarithmic/mastery-check/answer-key/,Exponential and Logarithmic Algebra: mastery answer key,answer-key,A13,create,yes,,
algebra-a13-investigation,/subjects/math/algebra/exponential-logarithmic/investigation/,Exponential and Logarithmic Algebra: investigation,investigation,A13,create,yes,,
algebra-a14-hub,/subjects/math/algebra/precalculus-readiness/,Unit A14: Algebra Synthesis and Precalculus Readiness,unit-hub,A14,create,yes,0,Unit route resolves before legacy topic routing when a collision exists; child guide routes remain valid.
algebra-a14-1,/subjects/math/algebra/precalculus-readiness/classifying-mathematical-objects/,Classifying mathematical objects,lesson,A14,create,yes,1,"Core sequence page with previous/next navigation, route-local visuals, attempt-gated checks, and repair links."
algebra-a14-2,/subjects/math/algebra/precalculus-readiness/classifying-equation-families/,Classifying equation families,lesson,A14,create,yes,2,"Core sequence page with previous/next navigation, route-local visuals, attempt-gated checks, and repair links."
algebra-a14-3,/subjects/math/algebra/precalculus-readiness/choosing-a-solving-method/,Choosing a solving method,lesson,A14,create,yes,3,"Core sequence page with previous/next navigation, route-local visuals, attempt-gated checks, and repair links."
algebra-a14-4,/subjects/math/algebra/precalculus-readiness/restrictions-implications-and-candidates/,"Restrictions, implications, and candidates",lesson,A14,create,yes,4,"Core sequence page with previous/next navigation, route-local visuals, attempt-gated checks, and repair links."
algebra-a14-5,/subjects/math/algebra/precalculus-readiness/exact-versus-approximate-answers-and-technology/,Exact versus approximate answers and technology,lesson,A14,create,yes,5,"Core sequence page with previous/next navigation, route-local visuals, attempt-gated checks, and repair links."
algebra-a14-6,/subjects/math/algebra/precalculus-readiness/graphical-and-algebraic-cross-checking/,Graphical and algebraic cross-checking,lesson,A14,create,yes,6,"Core sequence page with previous/next navigation, route-local visuals, attempt-gated checks, and repair links."
algebra-a14-7,/subjects/math/algebra/precalculus-readiness/precalculus-readiness-capstone/,Precalculus-readiness capstone,lesson,A14,create,yes,7,"Core sequence page with previous/next navigation, route-local visuals, attempt-gated checks, and repair links."
algebra-a14-review,/subjects/math/algebra/precalculus-readiness/review/,Algebra Synthesis and Precalculus Readiness: cumulative review,review,A14,create,yes,,
algebra-a14-practice,/subjects/math/algebra/precalculus-readiness/practice/,Algebra Synthesis and Precalculus Readiness: mixed practice,practice,A14,create,yes,,
algebra-a14-mastery,/subjects/math/algebra/precalculus-readiness/mastery-check/,Algebra Synthesis and Precalculus Readiness: mastery check,mastery-check,A14,create,yes,,
algebra-a14-mastery-key,/subjects/math/algebra/precalculus-readiness/mastery-check/answer-key/,Algebra Synthesis and Precalculus Readiness: mastery answer key,answer-key,A14,create,yes,,
algebra-a14-investigation,/subjects/math/algebra/precalculus-readiness/investigation/,Algebra Synthesis and Precalculus Readiness: investigation,investigation,A14,create,yes,,
algebra-course-diagnostic,/subjects/math/algebra/diagnostic/,Algebra readiness diagnostic,diagnostic,,create,yes,,
algebra-final-exam,/subjects/math/algebra/final-exam/,Algebra final exam,exam,,create,yes,,
algebra-final-exam-key,/subjects/math/algebra/final-exam/answer-key/,Algebra final exam answer key,answer-key,,create,yes,,
